path	type	bytes
.DS_Store	file	18436
.gitignore	file	81
AGENTS.md	text	921
MANIFEST.tsv	table	422554
README.md	text	3561
SKILL.md	text	2829
examples/fake_behavior/jspsych_results.csv	table	146
examples/fake_bids/dataset_description.json	json	85
examples/fake_bids/sub-01/anat/sub-01_T1w.nii.gz	file	23
examples/fake_bids/sub-01/func/sub-01_task-rest_bold.nii.gz	file	28
examples/fake_eeg/sub-01_task-test_eeg.vhdr	file	175
graph/skill_graph.json	json	93977
graph/skill_graph.mmd	mermaid	10944
graph/skill_graph_summary.tsv	table	53052
reports/FINAL_PACKAGE_REPORT.md	text	1873
reports/SOURCE_CORPUS_REPORT.md	text	8821
reports/corpus_inventory.tsv	table	546
reports/file_list.txt	text	447972
reports/inspect_fake_behavior.json	json	433
reports/inspect_fake_bids.json	json	422
reports/inspect_fake_eeg.json	json	319
reports/package_size.txt	text	4
reports/package_summary.json	json	233
reports/path_leak_check.txt	text	35
reports/plan_fake_behavior.md	text	1839
reports/plan_fake_bids_fmri.md	text	1946
reports/plan_fake_eeg.md	text	1864
reports/processing_path_check.txt	text	52
reports/skill_standalone_check.tsv	table	549
reports/symlink_check.txt	text	23
reports/tool_concept_matrix.tsv	table	1626
reports/top_100_edges.tsv	table	19775
reports/top_terms_by_tool.tsv	table	15843
scripts/build_plan.py	script	6027
scripts/inspect_input.py	script	5889
scripts/route_workflow.py	script	3686
skills/.DS_Store	file	14340
skills/afni/.DS_Store	file	6148
skills/afni/SKILL.md	text	3605
skills/afni/code/README.md	text	889
skills/afni/code/api_examples.md	text	673
skills/afni/code/source_example_index.md	text	1598
skills/afni/code/source_snippets/documentation_snippets.md	text	1670
skills/afni/code/source_snippets/source_test_snippets.md	text	17210
skills/afni/code/source_snippets/tutorial_snippets.md	text	17523
skills/afni/code/tutorial_index.md	text	11101
skills/afni/code_analysis.json	json	17
skills/afni/quality_report.json	json	1273
skills/afni/references/.DS_Store	file	6148
skills/afni/references/documentation/other/Demonstrations.md	text	1807
skills/afni/references/documentation/other/README.md	text	442
skills/afni/references/documentation/other/README.rst	text	3542
skills/afni/references/documentation/other/ROI_45a.rst	text	8306
skills/afni/references/documentation/other/ROI_45a_connections.rst	text	344
skills/afni/references/documentation/other/connectionstoc1.rst	text	170
skills/afni/references/documentation/other/cover.rst	text	255
skills/afni/references/documentation/other/glossary.rst	text	231
skills/afni/references/documentation/other/index.rst	text	535
skills/afni/references/documentation/other/macaquetoc1.rst	text	131
skills/afni/references/documentation/other/roistoc1.rst	text	146
skills/afni/references/documentation/overview/README.rst	text	10646
skills/afni/references/tutorials/-check-hdr-points-space/-check-hdr-points-space.md	text	6760
skills/afni/references/tutorials/.DS_Store	file	6148
skills/afni/references/tutorials/1d-tool/1d-tool.md	text	1382
skills/afni/references/tutorials/1ddw-grad-o-mat--plus----plus---basic/1ddw-grad-o-mat--plus----plus---basic.md	text	1481
skills/afni/references/tutorials/1ddw-grad-o-mat-plus-plus-colmat/1ddw-grad-o-mat-plus-plus-colmat.md	text	1531
skills/afni/references/tutorials/1ddw-grad-o-mat-plus-plus-colvec/1ddw-grad-o-mat-plus-plus-colvec.md	text	1461
skills/afni/references/tutorials/3dallineate-basic/3dallineate-basic.md	text	2478
skills/afni/references/tutorials/3dautomask-basic/3dautomask-basic.md	text	1297
skills/afni/references/tutorials/3dcalc-basic/3dcalc-basic.md	text	1489
skills/afni/references/tutorials/3dclustsim-basic/3dclustsim-basic.md	text	2220
skills/afni/references/tutorials/3dcopy-basic/3dcopy-basic.md	text	1213
skills/afni/references/tutorials/3ddot-beta/3ddot-beta.md	text	1405
skills/afni/references/tutorials/3ddttonoisydwi/3ddttonoisydwi.md	text	1622
skills/afni/references/tutorials/3ddwitodt/3ddwitodt.md	text	1679
skills/afni/references/tutorials/3ddwuncert/3ddwuncert.md	text	1802
skills/afni/references/tutorials/3deigstodt/3deigstodt.md	text	1426
skills/afni/references/tutorials/3dmaskave-basic/3dmaskave-basic.md	text	1556
skills/afni/references/tutorials/3dmaskdump-basic/3dmaskdump-basic.md	text	1440
skills/afni/references/tutorials/3dresample-basic/3dresample-basic.md	text	1575
skills/afni/references/tutorials/3droimaker/3droimaker.md	text	1716
skills/afni/references/tutorials/3dskullstrip-basic/3dskullstrip-basic.md	text	1380
skills/afni/references/tutorials/3dtcat-basic/3dtcat-basic.md	text	1240
skills/afni/references/tutorials/3dtortoisetohere/3dtortoisetohere.md	text	1318
skills/afni/references/tutorials/3dtoutcount-basic/3dtoutcount-basic.md	text	1548
skills/afni/references/tutorials/3dtpp-ad6-gr-s5-paired/3dtpp-ad6-gr-s5-paired.md	text	2274
skills/afni/references/tutorials/3dtstat-basic/3dtstat-basic.md	text	1622
skills/afni/references/tutorials/3dvecrgb-to-hsl/3dvecrgb-to-hsl.md	text	1436
skills/afni/references/tutorials/a2f-big-scalers/a2f-big-scalers.md	text	3611
skills/afni/references/tutorials/a2f-intercept-scale/a2f-intercept-scale.md	text	1538
skills/afni/references/tutorials/a2f-min-max/a2f-min-max.md	text	3083
skills/afni/references/tutorials/a2f-nan2zero/a2f-nan2zero.md	text	2455
skills/afni/references/tutorials/a2f-offset/a2f-offset.md	text	2142
skills/afni/references/tutorials/a2f-order/a2f-order.md	text	2086
skills/afni/references/tutorials/a2f-upscale/a2f-upscale.md	text	2052
skills/afni/references/tutorials/a2f-zeros/a2f-zeros.md	text	2483
skills/afni/references/tutorials/adaptivecutoffnode-randomdata/adaptivecutoffnode-randomdata.md	text	1613
skills/afni/references/tutorials/adaptivecutoffnode-smalldata/adaptivecutoffnode-smalldata.md	text	2724
skills/afni/references/tutorials/affines-init/affines-init.md	text	4770
skills/afni/references/tutorials/afni-gui-basic/afni-gui-basic.md	text	1983
skills/afni/references/tutorials/angle-axis2quat/angle-axis2quat.md	text	1761
skills/afni/references/tutorials/apply-affine/apply-affine.md	text	5642
skills/afni/references/tutorials/array-from-file/array-from-file.md	text	4235
skills/afni/references/tutorials/array-proxy/array-proxy.md	text	1492
skills/afni/references/tutorials/array-to-file/array-to-file.md	text	1723
skills/afni/references/tutorials/as-byteswapped/as-byteswapped.md	text	2513
skills/afni/references/tutorials/as-int/as-int.md	text	3127
skills/afni/references/tutorials/b2q/b2q.md	text	2105
skills/afni/references/tutorials/basic-euler/basic-euler.md	text	2963
skills/afni/references/tutorials/basic-training/basic-training.md	text	3980
skills/afni/references/tutorials/big-bad-ulp/big-bad-ulp.md	text	645
skills/afni/references/tutorials/big-scaling/big-scaling.md	text	1637
skills/afni/references/tutorials/bytes/bytes.md	text	2958
skills/afni/references/tutorials/caching-context-manager/caching-context-manager.md	text	1640
skills/afni/references/tutorials/caching-extension/caching-extension.md	text	3207
skills/afni/references/tutorials/casting/casting.md	text	4978
skills/afni/references/tutorials/check-if-cmake-configure-required/check-if-cmake-configure-required.md	text	3674
skills/afni/references/tutorials/checks/checks.md	text	2788
skills/afni/references/tutorials/chown-extra/chown-extra.md	text	1028
skills/afni/references/tutorials/chown-home/chown-home.md	text	1093
skills/afni/references/tutorials/class-caching-functionality/class-caching-functionality.md	text	1980
skills/afni/references/tutorials/closest-canonical/closest-canonical.md	text	2893
skills/afni/references/tutorials/command-logger-setup/command-logger-setup.md	text	2610
skills/afni/references/tutorials/compressed/compressed.md	text	1773
skills/afni/references/tutorials/concat/concat.md	text	3887
skills/afni/references/tutorials/conversion/conversion.md	text	2108
skills/afni/references/tutorials/csa-params/csa-params.md	text	4315
skills/afni/references/tutorials/csas0/csas0.md	text	2360
skills/afni/references/tutorials/cutoffnode/cutoffnode.md	text	1113
skills/afni/references/tutorials/data-default/data-default.md	text	1809
skills/afni/references/tutorials/data-shape/data-shape.md	text	1337
skills/afni/references/tutorials/datatype/datatype.md	text	2479
skills/afni/references/tutorials/different-instances-same-content/different-instances-same-content.md	text	2366
skills/afni/references/tutorials/docstrings/docstrings.md	text	1882
skills/afni/references/tutorials/dtype-consistency/dtype-consistency.md	text	2166
skills/afni/references/tutorials/dwi-params/dwi-params.md	text	1599
skills/afni/references/tutorials/eigenproblem/eigenproblem.md	text	2107
skills/afni/references/tutorials/endian-guess/endian-guess.md	text	1540
skills/afni/references/tutorials/endianness/endianness.md	text	1826
skills/afni/references/tutorials/eq/eq.md	text	2034
skills/afni/references/tutorials/euler-instability/euler-instability.md	text	1768
skills/afni/references/tutorials/euler-mat/euler-mat.md	text	1819
skills/afni/references/tutorials/examples-parse-correctly/examples-parse-correctly.md	text	5075
skills/afni/references/tutorials/execute-cmd-args/execute-cmd-args.md	text	2047
skills/afni/references/tutorials/execute-magic/execute-magic.md	text	1218
skills/afni/references/tutorials/fanode/fanode.md	text	4595
skills/afni/references/tutorials/filename-exts/filename-exts.md	text	1335
skills/afni/references/tutorials/filename-save/filename-save.md	text	3136
skills/afni/references/tutorials/files-images/files-images.md	text	2393
skills/afni/references/tutorials/files-interface/files-interface.md	text	4432
skills/afni/references/tutorials/fillpos/fillpos.md	text	2003
skills/afni/references/tutorials/find-data-dir/find-data-dir.md	text	1968
skills/afni/references/tutorials/flip-axis/flip-axis.md	text	2077
skills/afni/references/tutorials/float-affine/float-affine.md	text	1536
skills/afni/references/tutorials/float-int-spread/float-int-spread.md	text	2443
skills/afni/references/tutorials/flow-deepcopy-lambda/flow-deepcopy-lambda.md	text	1229
skills/afni/references/tutorials/flownode-copy1/flownode-copy1.md	text	812
skills/afni/references/tutorials/flownode-fix-nodes-dimensions1/flownode-fix-nodes-dimensions1.md	text	1653
skills/afni/references/tutorials/flownode-fix-nodes-dimensions2/flownode-fix-nodes-dimensions2.md	text	1387
skills/afni/references/tutorials/flownode-fix-nodes-dimensions3/flownode-fix-nodes-dimensions3.md	text	1072
skills/afni/references/tutorials/flownode-forksingle/flownode-forksingle.md	text	2047
skills/afni/references/tutorials/flownode-invertibility/flownode-invertibility.md	text	1451
skills/afni/references/tutorials/flownode-pretrained-flow/flownode-pretrained-flow.md	text	1798
skills/afni/references/tutorials/flownode-pretrained-node/flownode-pretrained-node.md	text	1736
skills/afni/references/tutorials/flownode-trainability/flownode-trainability.md	text	1582
skills/afni/references/tutorials/flownode-training/flownode-training.md	text	1494
skills/afni/references/tutorials/flownode/flownode.md	text	2034
skills/afni/references/tutorials/from-header/from-header.md	text	3380
skills/afni/references/tutorials/geneigenproblem/geneigenproblem.md	text	2744
skills/afni/references/tutorials/general-init/general-init.md	text	1719
skills/afni/references/tutorials/getbyintent/getbyintent.md	text	1704
skills/afni/references/tutorials/guide_collection.json	json	3195172
skills/afni/references/tutorials/handout-realcase2/handout-realcase2.md	text	4563
skills/afni/references/tutorials/handout-realcase3/handout-realcase3.md	text	2499
skills/afni/references/tutorials/header-init/header-init.md	text	4523
skills/afni/references/tutorials/hllenode/hllenode.md	text	3509
skills/afni/references/tutorials/index.md	text	30997
skills/afni/references/tutorials/init/init.md	text	2458
skills/afni/references/tutorials/input-dim-bug/input-dim-bug.md	text	1570
skills/afni/references/tutorials/instance-caching-functionality/instance-caching-functionality.md	text	2099
skills/afni/references/tutorials/int-to-float/int-to-float.md	text	4669
skills/afni/references/tutorials/inverse/inverse.md	text	1213
skills/afni/references/tutorials/isolation/isolation.md	text	1933
skills/afni/references/tutorials/layer-invertibility/layer-invertibility.md	text	1305
skills/afni/references/tutorials/layer/layer.md	text	1884
skills/afni/references/tutorials/linear-separable-data/linear-separable-data.md	text	4130
skills/afni/references/tutorials/linearregressionnode-raises-on-linearly-dependent-input/linearregressionnode-raises-on-linearly-dependent-input.md	text	1289
skills/afni/references/tutorials/linearregressionnode-raises-on-wrong-output-size/linearregressionnode-raises-on-wrong-output-size.md	text	1287
skills/afni/references/tutorials/linearregressionnode-with-bias/linearregressionnode-with-bias.md	text	1635
skills/afni/references/tutorials/linearregressionnode-with-noise/linearregressionnode-with-noise.md	text	2076
skills/afni/references/tutorials/linearregressionnode/linearregressionnode.md	text	1573
skills/afni/references/tutorials/llenode-outputdim-float-bug/llenode-outputdim-float-bug.md	text	1204
skills/afni/references/tutorials/llenode/llenode.md	text	3629
skills/afni/references/tutorials/load-pixdims/load-pixdims.md	text	4145
skills/afni/references/tutorials/load/load.md	text	2192
skills/afni/references/tutorials/loadsave-cycle/loadsave-cycle.md	text	4900
skills/afni/references/tutorials/log-checks/log-checks.md	text	2347
skills/afni/references/tutorials/logger-error/logger-error.md	text	2511
skills/afni/references/tutorials/logging/logging.md	text	1914
skills/afni/references/tutorials/mappingness/mappingness.md	text	2926
skills/afni/references/tutorials/matrix-vector/matrix-vector.md	text	3426
skills/afni/references/tutorials/mlist-errors/mlist-errors.md	text	3244
skills/afni/references/tutorials/mlist/mlist.md	text	3321
skills/afni/references/tutorials/multiload/multiload.md	text	1685
skills/afni/references/tutorials/multiphase-checkpoints/multiphase-checkpoints.md	text	2232
skills/afni/references/tutorials/multiphase/multiphase.md	text	2791
skills/afni/references/tutorials/multiple-schedulers/multiple-schedulers.md	text	2025
skills/afni/references/tutorials/multiple-schedulers2/multiple-schedulers2.md	text	2176
skills/afni/references/tutorials/negative-load-save/negative-load-save.md	text	2031
skills/afni/references/tutorials/neuralgasnode-nearest-neighbor/neuralgasnode-nearest-neighbor.md	text	1678
skills/afni/references/tutorials/neuralgasnode/neuralgasnode.md	text	4709
skills/afni/references/tutorials/newmetadata/newmetadata.md	text	2032
skills/afni/references/tutorials/nifti-extensions/nifti-extensions.md	text	4214
skills/afni/references/tutorials/nifti1-images/nifti1-images.md	text	3287
skills/afni/references/tutorials/nifti1-init/nifti1-init.md	text	3082
skills/afni/references/tutorials/nipalsnode-desired-variance/nipalsnode-desired-variance.md	text	1663
skills/afni/references/tutorials/nipalsnode/nipalsnode.md	text	3022
skills/afni/references/tutorials/no-binary-on-path-for-local-scenario-3-throws/no-binary-on-path-for-local-scenario-3-throws.md	text	1951
skills/afni/references/tutorials/no-mod-cmd-var-works/no-mod-cmd-var-works.md	text	2379
skills/afni/references/tutorials/node-copy-with-arrays-and-subnodes/node-copy-with-arrays-and-subnodes.md	text	1225
skills/afni/references/tutorials/node-save/node-save.md	text	3379
skills/afni/references/tutorials/non-iterator/non-iterator.md	text	1675
skills/afni/references/tutorials/none-affine/none-affine.md	text	1522
skills/afni/references/tutorials/nonparallel1/nonparallel1.md	text	2369
skills/afni/references/tutorials/nonparallel2/nonparallel2.md	text	2391
skills/afni/references/tutorials/nonparallel3/nonparallel3.md	text	2430
skills/afni/references/tutorials/orientation/orientation.md	text	2110
skills/afni/references/tutorials/origin-affine/origin-affine.md	text	3865
skills/afni/references/tutorials/origin-checks/origin-checks.md	text	2162
skills/afni/references/tutorials/output-dim-bug/output-dim-bug.md	text	1738
skills/afni/references/tutorials/parallelgaussianclassifier/parallelgaussianclassifier.md	text	3236
skills/afni/references/tutorials/parallelhistogramnode-fraction/parallelhistogramnode-fraction.md	text	1671
skills/afni/references/tutorials/parallelhistogramnode-nofraction/parallelhistogramnode-nofraction.md	text	1881
skills/afni/references/tutorials/parallelknnclassifier/parallelknnclassifier.md	text	2660
skills/afni/references/tutorials/parallelnearestmeanclassifier/parallelnearestmeanclassifier.md	text	3202
skills/afni/references/tutorials/parallelnet/parallelnet.md	text	2897
skills/afni/references/tutorials/parse-filename/parse-filename.md	text	4145
skills/afni/references/tutorials/pcanode/pcanode.md	text	3203
skills/afni/references/tutorials/process-scheduler-flow/process-scheduler-flow.md	text	3596
skills/afni/references/tutorials/process-scheduler-manager/process-scheduler-manager.md	text	1452
skills/afni/references/tutorials/process-scheduler-mdp-version/process-scheduler-mdp-version.md	text	1779
skills/afni/references/tutorials/process-scheduler-no-cache/process-scheduler-no-cache.md	text	1726
skills/afni/references/tutorials/process-scheduler-order/process-scheduler-order.md	text	1962
skills/afni/references/tutorials/process-scheduler-shutdown/process-scheduler-shutdown.md	text	1047
skills/afni/references/tutorials/prog-list-helps/prog-list-helps.md	text	2415
skills/afni/references/tutorials/quat2mat/quat2mat.md	text	1952
skills/afni/references/tutorials/quaternion/quaternion.md	text	2195
skills/afni/references/tutorials/rbm-bv-learning/rbm-bv-learning.md	text	2175
skills/afni/references/tutorials/rbm-learning/rbm-learning.md	text	1920
skills/afni/references/tutorials/rbm-sample-h/rbm-sample-h.md	text	3821
skills/afni/references/tutorials/rbm-sample-v/rbm-sample-v.md	text	3819
skills/afni/references/tutorials/rbm-stability/rbm-stability.md	text	2930
skills/afni/references/tutorials/read-data/read-data.md	text	1687
skills/afni/references/tutorials/read-mgh/read-mgh.md	text	2767
skills/afni/references/tutorials/read-write-files/read-write-files.md	text	2773
skills/afni/references/tutorials/read-write-sio/read-write-sio.md	text	3127
skills/afni/references/tutorials/recoded-fields/recoded-fields.md	text	3198
skills/afni/references/tutorials/retrots-basic/retrots-basic.md	text	2212
skills/afni/references/tutorials/retrots-bids-basic/retrots-bids-basic.md	text	2129
skills/afni/references/tutorials/retrots-bids-custom-slice-order/retrots-bids-custom-slice-order.md	text	2355
skills/afni/references/tutorials/rewrite-paths-for-line-error/rewrite-paths-for-line-error.md	text	3353
skills/afni/references/tutorials/round-trip/round-trip.md	text	2344
skills/afni/references/tutorials/rt-bias/rt-bias.md	text	2655
skills/afni/references/tutorials/run-cmd-timeout/run-cmd-timeout.md	text	2979
skills/afni/references/tutorials/same-file-as/same-file-as.md	text	2732
skills/afni/references/tutorials/save-load-endian/save-load-endian.md	text	5633
skills/afni/references/tutorials/scaling/scaling.md	text	3189
skills/afni/references/tutorials/scheduler-flow/scheduler-flow.md	text	3868
skills/afni/references/tutorials/scikits-pcanode-training/scikits-pcanode-training.md	text	2118
skills/afni/references/tutorials/script-imports/script-imports.md	text	4840
skills/afni/references/tutorials/separable-data-is-inside-radius/separable-data-is-inside-radius.md	text	1513
skills/afni/references/tutorials/setup-data-vol/setup-data-vol.md	text	2338
skills/afni/references/tutorials/sfa2node/sfa2node.md	text	1775
skills/afni/references/tutorials/sfanode/sfanode.md	text	3204
skills/afni/references/tutorials/shapes/shapes.md	text	2503
skills/afni/references/tutorials/signatures-no-doc/signatures-no-doc.md	text	1576
skills/afni/references/tutorials/signatures-with-doc-in-ancestor/signatures-with-doc-in-ancestor.md	text	1943
skills/afni/references/tutorials/signatures-with-doc-in-both/signatures-with-doc-in-both.md	text	2005
skills/afni/references/tutorials/signatures-with-doc-in-child/signatures-with-doc-in-child.md	text	1800
skills/afni/references/tutorials/simple-extension/simple-extension.md	text	1705
skills/afni/references/tutorials/slice-indicator/slice-indicator.md	text	1557
skills/afni/references/tutorials/splitext-addext/splitext-addext.md	text	2306
skills/afni/references/tutorials/spm-scale-checks/spm-scale-checks.md	text	2321
skills/afni/references/tutorials/str/str.md	text	1641
skills/afni/references/tutorials/suma-driving-basic/suma-driving-basic.md	text	2587
skills/afni/references/tutorials/suma-gii-read/suma-gii-read.md	text	1716
skills/afni/references/tutorials/switch-cache/switch-cache.md	text	2712
skills/afni/references/tutorials/tasks/tasks.md	text	1961
skills/afni/references/tutorials/thread-scheduler-flow/thread-scheduler-flow.md	text	3786
skills/afni/references/tutorials/timedelaynodes/timedelaynodes.md	text	581
skills/afni/references/tutorials/timeframesnode/timeframesnode.md	text	2583
skills/afni/references/tutorials/train-purge-nodes/train-purge-nodes.md	text	2186
skills/afni/references/tutorials/type-info/type-info.md	text	5016
skills/afni/references/tutorials/unparse-args-for-container/unparse-args-for-container.md	text	4556
skills/afni/references/tutorials/use-csa-sign/use-csa-sign.md	text	1297
skills/afni/references/tutorials/user-dir/user-dir.md	text	1473
skills/afni/references/tutorials/variadiccumulator/variadiccumulator.md	text	2674
skills/afni/references/tutorials/vol-matching/vol-matching.md	text	3480
skills/afni/references/tutorials/whiteningnode/whiteningnode.md	text	1815
skills/afni/references/tutorials/write-mgh/write-mgh.md	text	2850
skills/afni/references/tutorials/write-noaffine-mgh/write-noaffine-mgh.md	text	3083
skills/afni/references/tutorials/xsfanode/xsfanode.md	text	1986
skills/bids-specification/.DS_Store	file	6148
skills/bids-specification/SKILL.md	text	3841
skills/bids-specification/code/README.md	text	903
skills/bids-specification/code/api_examples.md	text	894
skills/bids-specification/code/source_example_index.md	text	1817
skills/bids-specification/code/source_snippets/documentation_snippets.md	text	6063
skills/bids-specification/code/source_snippets/source_test_snippets.md	text	20889
skills/bids-specification/code/source_snippets/tutorial_snippets.md	text	20833
skills/bids-specification/code/tutorial_index.md	text	5791
skills/bids-specification/code_analysis.json	json	17
skills/bids-specification/quality_report.json	json	1284
skills/bids-specification/references/documentation/contributing/CONTRIBUTING.md	text	16381
skills/bids-specification/references/documentation/other/CHANGES.md	text	113012
skills/bids-specification/references/documentation/other/README.md	text	224
skills/bids-specification/references/documentation/other/api.rst	text	129
skills/bids-specification/references/documentation/other/arterial-spin-labeling.md	text	6230
skills/bids-specification/references/documentation/other/atlas.md	text	20500
skills/bids-specification/references/documentation/other/code.md	text	566
skills/bids-specification/references/documentation/other/common-data-types.md	text	12944
skills/bids-specification/references/documentation/other/common-principles.md	text	55083
skills/bids-specification/references/documentation/other/contributors.md	text	44703
skills/bids-specification/references/documentation/other/coordinate-systems.md	text	29597
skills/bids-specification/references/documentation/other/cross-modality-correspondence.md	text	1251
skills/bids-specification/references/documentation/other/data-summary-files.md	text	7491
skills/bids-specification/references/documentation/other/dataset-description.md	text	6259
skills/bids-specification/references/documentation/other/description.md	text	56828
skills/bids-specification/references/documentation/other/doc_to_schema.md	text	9314
skills/bids-specification/references/documentation/other/entities.md	text	813
skills/bids-specification/references/documentation/other/entity-table.md	text	1914
skills/bids-specification/references/documentation/other/events.md	text	15177
skills/bids-specification/references/documentation/other/extensions.md	text	695
skills/bids-specification/references/documentation/other/file-collections.md	text	11916
skills/bids-specification/references/documentation/other/glossary.md	text	462
skills/bids-specification/references/documentation/other/hed.md	text	12056
skills/bids-specification/references/documentation/other/imaging.md	text	29526
skills/bids-specification/references/documentation/other/index.md	text	907
skills/bids-specification/references/documentation/other/index.rst	text	315
skills/bids-specification/references/documentation/other/introduction.md	text	10702
skills/bids-specification/references/documentation/other/licenses.md	text	1558
skills/bids-specification/references/documentation/other/longitudinal-and-multi-site-studies.md	text	4861
skills/bids-specification/references/documentation/other/meg-file-formats.md	text	17521
skills/bids-specification/references/documentation/other/meg-systems.md	text	2082
skills/bids-specification/references/documentation/other/phenotypic-and-assessment-data.md	text	2755
skills/bids-specification/references/documentation/other/pull_request_template.md	text	2949
skills/bids-specification/references/documentation/other/qmri.md	text	23766
skills/bids-specification/references/documentation/other/quickstart.md	text	5220
skills/bids-specification/references/documentation/other/schema.md	text	1208
skills/bids-specification/references/documentation/other/units.md	text	7183
skills/bids-specification/references/documentation/overview/DECISION-MAKING.md	text	6544
skills/bids-specification/references/documentation/overview/Maintainers_Guide.md	text	9148
skills/bids-specification/references/documentation/overview/README.md	text	178972
skills/bids-specification/references/documentation/overview/Release_Guideline.md	text	2227
skills/bids-specification/references/documentation/overview/Release_Protocol.md	text	10822
skills/bids-specification/references/documentation/overview/macros_doc.md	text	16634
skills/bids-specification/references/documentation/specifications/behavioral-experiments.md	text	3533
skills/bids-specification/references/documentation/specifications/electroencephalography.md	text	23074
skills/bids-specification/references/documentation/specifications/electromyography.md	text	38785
skills/bids-specification/references/documentation/specifications/genetic-descriptor.md	text	4994
skills/bids-specification/references/documentation/specifications/intracranial-electroencephalography.md	text	25440
skills/bids-specification/references/documentation/specifications/magnetic-resonance-imaging-data.md	text	65498
skills/bids-specification/references/documentation/specifications/magnetic-resonance-spectroscopy.md	text	22573
skills/bids-specification/references/documentation/specifications/magnetoencephalography.md	text	25622
skills/bids-specification/references/documentation/specifications/microscopy.md	text	19390
skills/bids-specification/references/documentation/specifications/motion.md	text	18776
skills/bids-specification/references/documentation/specifications/near-infrared-spectroscopy.md	text	21537
skills/bids-specification/references/documentation/specifications/physiological-recordings.md	text	27687
skills/bids-specification/references/documentation/specifications/positron-emission-tomography.md	text	18673
skills/bids-specification/references/documentation/templates/blank.md	text	104
skills/bids-specification/references/documentation/templates/module.rst	text	1162
skills/bids-specification/references/tutorials/-get-bids-version-fallback/-get-bids-version-fallback.md	text	1929
skills/bids-specification/references/tutorials/accept-non-bids-dir/accept-non-bids-dir.md	text	2161
skills/bids-specification/references/tutorials/assignability/assignability.md	text	5004
skills/bids-specification/references/tutorials/broken-json-dataset/broken-json-dataset.md	text	2124
skills/bids-specification/references/tutorials/check-format-email-scenarios/check-format-email-scenarios.md	text	1800
skills/bids-specification/references/tutorials/dereferencing/dereferencing.md	text	7460
skills/bids-specification/references/tutorials/entity-order/entity-order.md	text	2409
skills/bids-specification/references/tutorials/entity-rule/entity-rule.md	text	4091
skills/bids-specification/references/tutorials/exclude-files/exclude-files.md	text	2532
skills/bids-specification/references/tutorials/formats/formats.md	text	6803
skills/bids-specification/references/tutorials/guide_collection.json	json	256407
skills/bids-specification/references/tutorials/index.md	text	2806
skills/bids-specification/references/tutorials/invalid-schema-raises-schema-error/invalid-schema-raises-schema-error.md	text	794
skills/bids-specification/references/tutorials/make-columns-table/make-columns-table.md	text	3710
skills/bids-specification/references/tutorials/make-glossary/make-glossary.md	text	3337
skills/bids-specification/references/tutorials/make-sidecar-table/make-sidecar-table.md	text	3814
skills/bids-specification/references/tutorials/remove-admonitions/remove-admonitions.md	text	2114
skills/bids-specification/references/tutorials/resolve-metadata-type/resolve-metadata-type.md	text	2465
skills/bids-specification/references/tutorials/valid-sidecar-field/valid-sidecar-field.md	text	2810
skills/bids-specification/references/tutorials/validate-bids/validate-bids.md	text	2820
skills/bids-specification/references/tutorials/write-report/write-report.md	text	4295
skills/dipy/.DS_Store	file	6148
skills/dipy/SKILL.md	text	3777
skills/dipy/code/.DS_Store	file	6148
skills/dipy/code/README.md	text	891
skills/dipy/code/api_examples.md	text	2601
skills/dipy/code/source_example_index.md	text	1410
skills/dipy/code/source_snippets/documentation_snippets.md	text	4477
skills/dipy/code/source_snippets/source_test_snippets.md	text	22427
skills/dipy/code/source_snippets/tutorial_snippets.md	text	22036
skills/dipy/code/tutorial_index.md	text	14519
skills/dipy/code_analysis.json	json	17
skills/dipy/quality_report.json	json	1321
skills/dipy/references/documentation/examples/README.md	text	251
skills/dipy/references/documentation/guides/bibliography.rst	text	117
skills/dipy/references/documentation/guides/data.rst	text	1287
skills/dipy/references/documentation/guides/dataset_list.rst	text	8408
skills/dipy/references/documentation/guides/dependencies.rst	text	1595
skills/dipy/references/documentation/guides/getting_started.rst	text	1295
skills/dipy/references/documentation/guides/index.rst	text	230
skills/dipy/references/documentation/guides/installation.rst	text	5254
skills/dipy/references/documentation/guides/introduction.rst	text	949
skills/dipy/references/documentation/guides/mission.rst	text	566
skills/dipy/references/documentation/other/CODE_OF_CONDUCT.md	text	5358
skills/dipy/references/documentation/other/CONTRIBUTING.md	text	6321
skills/dipy/references/documentation/other/ISSUE_TEMPLATE.md	text	1077
skills/dipy/references/documentation/other/PULL_REQUEST_TEMPLATE.md	text	1226
skills/dipy/references/documentation/other/README.md	text	1615
skills/dipy/references/documentation/other/README.rst	text	4515
skills/dipy/references/documentation/other/api_changes.rst	text	21702
skills/dipy/references/documentation/other/b_and_q.rst	text	5340
skills/dipy/references/documentation/other/basic_flow.rst	text	11335
skills/dipy/references/documentation/other/benchmarking.rst	text	60
skills/dipy/references/documentation/other/bibliography.rst	text	1986
skills/dipy/references/documentation/other/bmatrix.rst	text	3165
skills/dipy/references/documentation/other/buan_flow.rst	text	10511
skills/dipy/references/documentation/other/bundle_segmentation_flow.rst	text	3980
skills/dipy/references/documentation/other/bundlewarp_registration_flow.rst	text	4132
skills/dipy/references/documentation/other/cite.rst	text	1336
skills/dipy/references/documentation/other/coding_style_guideline.rst	text	12013
skills/dipy/references/documentation/other/commit_codes.rst	text	1120
skills/dipy/references/documentation/other/configure_git.rst	text	4792
skills/dipy/references/documentation/other/data_fetch.rst	text	781
skills/dipy/references/documentation/other/denoise_flow.rst	text	12467
skills/dipy/references/documentation/other/developers.rst	text	4361
skills/dipy/references/documentation/other/development_workflow.rst	text	13823
skills/dipy/references/documentation/other/dot2_dot3.rst	text	681
skills/dipy/references/documentation/other/faq.rst	text	6637
skills/dipy/references/documentation/other/following_latest.rst	text	820
skills/dipy/references/documentation/other/forking_hell.rst	text	1147
skills/dipy/references/documentation/other/gibbs_unringing_flow.rst	text	3123
skills/dipy/references/documentation/other/gimbal_lock.rst	text	6916
skills/dipy/references/documentation/other/git_development.rst	text	224
skills/dipy/references/documentation/other/git_install.rst	text	557
skills/dipy/references/documentation/other/git_intro.rst	text	532
skills/dipy/references/documentation/other/git_resources.rst	text	1812
skills/dipy/references/documentation/other/glossary.rst	text	3651
skills/dipy/references/documentation/other/gqi.rst	text	1078
skills/dipy/references/documentation/other/index.rst	text	150
skills/dipy/references/documentation/other/installation_from_source.rst	text	10567
skills/dipy/references/documentation/other/intro.rst	text	1330
skills/dipy/references/documentation/other/maintainer_workflow.rst	text	3072
skills/dipy/references/documentation/other/make_release.rst	text	12037
skills/dipy/references/documentation/other/motion_flow.rst	text	2057
skills/dipy/references/documentation/other/old_highlights.rst	text	14639
skills/dipy/references/documentation/other/old_news.rst	text	3223
skills/dipy/references/documentation/other/patching.rst	text	4002
skills/dipy/references/documentation/other/recipes.rst	text	3285
skills/dipy/references/documentation/other/reconstruction_flow.rst	text	13158
skills/dipy/references/documentation/other/reconstruction_models_list.rst	text	10519
skills/dipy/references/documentation/other/registration_flow.rst	text	6943
skills/dipy/references/documentation/other/release0.10.rst	text	14655
skills/dipy/references/documentation/other/release0.11.rst	text	8249
skills/dipy/references/documentation/other/release0.12.rst	text	30870
skills/dipy/references/documentation/other/release0.13.rst	text	7636
skills/dipy/references/documentation/other/release0.14.rst	text	14547
skills/dipy/references/documentation/other/release0.15.rst	text	18321
skills/dipy/references/documentation/other/release0.16.rst	text	7408
skills/dipy/references/documentation/other/release0.6.rst	text	13500
skills/dipy/references/documentation/other/release0.7.rst	text	5460
skills/dipy/references/documentation/other/release0.8.rst	text	23612
skills/dipy/references/documentation/other/release0.9.rst	text	5303
skills/dipy/references/documentation/other/release1.0.rst	text	17886
skills/dipy/references/documentation/other/release1.1.rst	text	8431
skills/dipy/references/documentation/other/release1.10.rst	text	31100
skills/dipy/references/documentation/other/release1.11.rst	text	8144
skills/dipy/references/documentation/other/release1.12.rst	text	38076
skills/dipy/references/documentation/other/release1.2.rst	text	16375
skills/dipy/references/documentation/other/release1.3.rst	text	9754
skills/dipy/references/documentation/other/release1.4.1.rst	text	6168
skills/dipy/references/documentation/other/release1.4.rst	text	3558
skills/dipy/references/documentation/other/release1.5.rst	text	13136
skills/dipy/references/documentation/other/release1.6.rst	text	8019
skills/dipy/references/documentation/other/release1.7.rst	text	5838
skills/dipy/references/documentation/other/release1.8.rst	text	20237
skills/dipy/references/documentation/other/release1.9.rst	text	9568
skills/dipy/references/documentation/other/set_up_fork.rst	text	1955
skills/dipy/references/documentation/other/sh_basis.rst	text	6530
skills/dipy/references/documentation/other/spherical.rst	text	2943
skills/dipy/references/documentation/other/stateoftheart.rst	text	2378
skills/dipy/references/documentation/other/subscribe.rst	text	573
skills/dipy/references/documentation/other/toolchain.rst	text	9227
skills/dipy/references/documentation/other/tracking_flow.rst	text	9329
skills/dipy/references/documentation/other/tractography_methods_list.rst	text	1079
skills/dipy/references/documentation/overview/README.rst	text	3392
skills/dipy/references/tutorials/3d-points/3d-points.md	text	2112
skills/dipy/references/tutorials/3d-segments/3d-segments.md	text	2932
skills/dipy/references/tutorials/4d-moving/4d-moving.md	text	3392
skills/dipy/references/tutorials/4d-static/4d-static.md	text	3328
skills/dipy/references/tutorials/add-noise/add-noise.md	text	1989
skills/dipy/references/tutorials/adjacency-calc/adjacency-calc.md	text	2684
skills/dipy/references/tutorials/affine/affine.md	text	2195
skills/dipy/references/tutorials/affreg-all-transforms/affreg-all-transforms.md	text	5550
skills/dipy/references/tutorials/afq-profile/afq-profile.md	text	4834
skills/dipy/references/tutorials/all-constant/all-constant.md	text	1793
skills/dipy/references/tutorials/all-zeros/all-zeros.md	text	1681
skills/dipy/references/tutorials/anisotropic-reduced-mse/anisotropic-reduced-mse.md	text	2723
skills/dipy/references/tutorials/apply-post-processing-shift-intensity-no-op-when-baselines-match/apply-post-processing-shift-intensity-no-op-when-baselines-match.md	text	1369
skills/dipy/references/tutorials/approx-ei-traj/approx-ei-traj.md	text	2095
skills/dipy/references/tutorials/approx-mdl-traj/approx-mdl-traj.md	text	4165
skills/dipy/references/tutorials/argmax-from-countarrs/argmax-from-countarrs.md	text	2222
skills/dipy/references/tutorials/as-native/as-native.md	text	2216
skills/dipy/references/tutorials/ascm-accuracy/ascm-accuracy.md	text	3382
skills/dipy/references/tutorials/ascm-random-noise/ascm-random-noise.md	text	2822
skills/dipy/references/tutorials/ascm-rmse-with-nlmeans/ascm-rmse-with-nlmeans.md	text	3331
skills/dipy/references/tutorials/ascm-static/ascm-static.md	text	2020
skills/dipy/references/tutorials/assert/assert.md	text	3093
skills/dipy/references/tutorials/auto-response-ssst/auto-response-ssst.md	text	2370
skills/dipy/references/tutorials/b0-threshold-greater-than0/b0-threshold-greater-than0.md	text	2265
skills/dipy/references/tutorials/b0s/b0s.md	text	1707
skills/dipy/references/tutorials/bdg-get-direction/bdg-get-direction.md	text	6082
skills/dipy/references/tutorials/bdg-initial-direction/bdg-initial-direction.md	text	5602
skills/dipy/references/tutorials/bingham-fit/bingham-fit.md	text	4810
skills/dipy/references/tutorials/bingham-from-sh/bingham-from-sh.md	text	2091
skills/dipy/references/tutorials/blockwise-3d-sigma-map-not-reduced-to-global-mean/blockwise-3d-sigma-map-not-reduced-to-global-mean.md	text	2513
skills/dipy/references/tutorials/blockwise-sigma-array-support/blockwise-sigma-array-support.md	text	2681
skills/dipy/references/tutorials/bootstrap-array/bootstrap-array.md	text	1769
skills/dipy/references/tutorials/bounding-box/bounding-box.md	text	3386
skills/dipy/references/tutorials/bounds-x0/bounds-x0.md	text	3415
skills/dipy/references/tutorials/bspline-design-matrix-row-sums/bspline-design-matrix-row-sums.md	text	1491
skills/dipy/references/tutorials/bspline-design-matrix-shape/bspline-design-matrix-shape.md	text	1431
skills/dipy/references/tutorials/btable-prepare/btable-prepare.md	text	3546
skills/dipy/references/tutorials/buan-profile/buan-profile.md	text	3943
skills/dipy/references/tutorials/bundle-shape-profile/bundle-shape-profile.md	text	2857
skills/dipy/references/tutorials/bundles-distances-mam/bundles-distances-mam.md	text	2885
skills/dipy/references/tutorials/bundlewarp-vector-filed/bundlewarp-vector-filed.md	text	3189
skills/dipy/references/tutorials/bundlewarp/bundlewarp.md	text	2703
skills/dipy/references/tutorials/callablearray/callablearray.md	text	1488
skills/dipy/references/tutorials/calling-cartesian-laplacian-with-precomputed-matrices/calling-cartesian-laplacian-with-precomputed-matrices.md	text	3049
skills/dipy/references/tutorials/calling-spherical-laplacian-with-precomputed-matrices/calling-spherical-laplacian-with-precomputed-matrices.md	text	3248
skills/dipy/references/tutorials/carlson-rd/carlson-rd.md	text	2669
skills/dipy/references/tutorials/carlson-rf/carlson-rf.md	text	2727
skills/dipy/references/tutorials/cart-distance/cart-distance.md	text	2085
skills/dipy/references/tutorials/cartesian-normalization/cartesian-normalization.md	text	4389
skills/dipy/references/tutorials/cc-2d/cc-2d.md	text	4754
skills/dipy/references/tutorials/cc-3d/cc-3d.md	text	5713
skills/dipy/references/tutorials/cc-factors-2d/cc-factors-2d.md	text	2230
skills/dipy/references/tutorials/cc-factors-3d/cc-factors-3d.md	text	2300
skills/dipy/references/tutorials/center-and-transform/center-and-transform.md	text	2248
skills/dipy/references/tutorials/change-range/change-range.md	text	1915
skills/dipy/references/tutorials/change-slice/change-slice.md	text	2727
skills/dipy/references/tutorials/check-directions/check-directions.md	text	4634
skills/dipy/references/tutorials/check-img-dtype/check-img-dtype.md	text	2992
skills/dipy/references/tutorials/check-img-shapes/check-img-shapes.md	text	4815
skills/dipy/references/tutorials/check-md5-error-message-contains-checksums/check-md5-error-message-contains-checksums.md	text	1760
skills/dipy/references/tutorials/check-peak-size/check-peak-size.md	text	3004
skills/dipy/references/tutorials/circle-parallel-fornix/circle-parallel-fornix.md	text	3178
skills/dipy/references/tutorials/classify/classify.md	text	4646
skills/dipy/references/tutorials/cluster-centroid-assign/cluster-centroid-assign.md	text	2635
skills/dipy/references/tutorials/cluster-centroid-getitem/cluster-centroid-getitem.md	text	6363
skills/dipy/references/tutorials/cluster-centroid-iter/cluster-centroid-iter.md	text	2086
skills/dipy/references/tutorials/cluster-getitem/cluster-getitem.md	text	6609
skills/dipy/references/tutorials/cluster-map-add-cluster/cluster-map-add-cluster.md	text	3215
skills/dipy/references/tutorials/cluster-map-clusters-sizes/cluster-map-clusters-sizes.md	text	1641
skills/dipy/references/tutorials/cluster-map-getitem/cluster-map-getitem.md	text	4240
skills/dipy/references/tutorials/cluster-map-iter/cluster-map-iter.md	text	3313
skills/dipy/references/tutorials/cluster-map-remove-cluster/cluster-map-remove-cluster.md	text	5915
skills/dipy/references/tutorials/cluster-map-str-and-repr/cluster-map-str-and-repr.md	text	1885
skills/dipy/references/tutorials/cmc-stopping-criterion/cmc-stopping-criterion.md	text	4530
skills/dipy/references/tutorials/compare-analytical-and-numerical-methods/compare-analytical-and-numerical-methods.md	text	2456
skills/dipy/references/tutorials/compose-transformations/compose-transformations.md	text	1606
skills/dipy/references/tutorials/compress-streamlines-identical-points/compress-streamlines-identical-points.md	text	2916
skills/dipy/references/tutorials/compress-streamlines-memory-leaks/compress-streamlines-memory-leaks.md	text	3601
skills/dipy/references/tutorials/compute-microstructure-uncertainty-ambiguity-different-ranges/compute-microstructure-uncertainty-ambiguity-different-ranges.md	text	1997
skills/dipy/references/tutorials/compute-microstructure-uncertainty-ambiguity/compute-microstructure-uncertainty-ambiguity.md	text	3923
skills/dipy/references/tutorials/compute-suggested-patch-radius/compute-suggested-patch-radius.md	text	1994
skills/dipy/references/tutorials/concatenate/concatenate.md	text	1540
skills/dipy/references/tutorials/connectivity-matrix-shape/connectivity-matrix-shape.md	text	1591
skills/dipy/references/tutorials/connectivity-matrix-with-generator/connectivity-matrix-with-generator.md	text	4016
skills/dipy/references/tutorials/contour-from-roi/contour-from-roi.md	text	5438
skills/dipy/references/tutorials/convert-tensor/convert-tensor.md	text	5453
skills/dipy/references/tutorials/coordinate-consistency/coordinate-consistency.md	text	3379
skills/dipy/references/tutorials/correct-biasfield-flow/correct-biasfield-flow.md	text	3528
skills/dipy/references/tutorials/count-sketch-basic-functionality/count-sketch-basic-functionality.md	text	2338
skills/dipy/references/tutorials/count-sketch-randomness/count-sketch-randomness.md	text	3026
skills/dipy/references/tutorials/count-sketch-with-large-matrix/count-sketch-with-large-matrix.md	text	2862
skills/dipy/references/tutorials/create-from-sfs/create-from-sfs.md	text	2096
skills/dipy/references/tutorials/create-patch-radius-arr/create-patch-radius-arr.md	text	1509
skills/dipy/references/tutorials/csd-convergence/csd-convergence.md	text	3251
skills/dipy/references/tutorials/csd-superres/csd-superres.md	text	4291
skills/dipy/references/tutorials/cubic-spline-derivative/cubic-spline-derivative.md	text	1970
skills/dipy/references/tutorials/cubic-spline/cubic-spline.md	text	2162
skills/dipy/references/tutorials/custom-handler-writes-empty-line/custom-handler-writes-empty-line.md	text	2176
skills/dipy/references/tutorials/cut-plane/cut-plane.md	text	4184
skills/dipy/references/tutorials/dam-classifier-valid/dam-classifier-valid.md	text	2548
skills/dipy/references/tutorials/decfa/decfa.md	text	4103
skills/dipy/references/tutorials/default-cnn1ddenoiser-flow/default-cnn1ddenoiser-flow.md	text	2348
skills/dipy/references/tutorials/default-cnn1ddenoiser-sequential/default-cnn1ddenoiser-sequential.md	text	2219
skills/dipy/references/tutorials/default-lambda-csdmodel/default-lambda-csdmodel.md	text	5008
skills/dipy/references/tutorials/default-mnist-mlp/default-mnist-mlp.md	text	2501
skills/dipy/references/tutorials/default-mnist-sequential/default-mnist-sequential.md	text	2345
skills/dipy/references/tutorials/default-mnist-slp/default-mnist-slp.md	text	2452
skills/dipy/references/tutorials/default-weights-batch/default-weights-batch.md	text	2868
skills/dipy/references/tutorials/default-weights/default-weights.md	text	2484
skills/dipy/references/tutorials/deform-streamlines/deform-streamlines.md	text	3911
skills/dipy/references/tutorials/deltas/deltas.md	text	1526
skills/dipy/references/tutorials/density-map/density-map.md	text	4003
skills/dipy/references/tutorials/design-matrix/design-matrix.md	text	2507
skills/dipy/references/tutorials/det-corr-tracks/det-corr-tracks.md	text	2401
skills/dipy/references/tutorials/determine-num-processes/determine-num-processes.md	text	2232
skills/dipy/references/tutorials/deterministicmaximumdirectiongetter/deterministicmaximumdirectiongetter.md	text	2215
skills/dipy/references/tutorials/diffeomorphic-map-simplification-2d/diffeomorphic-map-simplification-2d.md	text	7667
skills/dipy/references/tutorials/difference-with-minmax/difference-with-minmax.md	text	4036
skills/dipy/references/tutorials/diffusivities/diffusivities.md	text	4310
skills/dipy/references/tutorials/direct-trx-loading/direct-trx-loading.md	text	2391
skills/dipy/references/tutorials/dispersion-lut-structure/dispersion-lut-structure.md	text	1819
skills/dipy/references/tutorials/dki-crossing-fibers-simulations/dki-crossing-fibers-simulations.md	text	3350
skills/dipy/references/tutorials/dki-errors/dki-errors.md	text	6088
skills/dipy/references/tutorials/dki-micro-predict-multi-voxel/dki-micro-predict-multi-voxel.md	text	2224
skills/dipy/references/tutorials/dki-micro-predict-single-voxel/dki-micro-predict-single-voxel.md	text	3667
skills/dipy/references/tutorials/dki-predict/dki-predict.md	text	3965
skills/dipy/references/tutorials/dki-simulations-aligned-fibers/dki-simulations-aligned-fibers.md	text	7750
skills/dipy/references/tutorials/dsi-metrics/dsi-metrics.md	text	734
skills/dipy/references/tutorials/dsi/dsi.md	text	895
skills/dipy/references/tutorials/dtd-covariance/dtd-covariance.md	text	2366
skills/dipy/references/tutorials/dti-xval/dti-xval.md	text	4104
skills/dipy/references/tutorials/edges-faces/edges-faces.md	text	2082
skills/dipy/references/tutorials/efficient-bmd/efficient-bmd.md	text	3536
skills/dipy/references/tutorials/em-2d-demons/em-2d-demons.md	text	5301
skills/dipy/references/tutorials/em-2d-gauss-newton/em-2d-gauss-newton.md	text	5314
skills/dipy/references/tutorials/enhancement-kernel/enhancement-kernel.md	text	5726
skills/dipy/references/tutorials/equivalent-gii/equivalent-gii.md	text	1759
skills/dipy/references/tutorials/errors/errors.md	text	2925
skills/dipy/references/tutorials/estimate-sigma/estimate-sigma.md	text	6416
skills/dipy/references/tutorials/eudx-tracker/eudx-tracker.md	text	4807
skills/dipy/references/tutorials/eudx-tracking/eudx-tracking.md	text	4349
skills/dipy/references/tutorials/evolution-of-previous-iterations/evolution-of-previous-iterations.md	text	1574
skills/dipy/references/tutorials/exceptions/exceptions.md	text	3855
skills/dipy/references/tutorials/fbc/fbc.md	text	2817
skills/dipy/references/tutorials/feature-extract/feature-extract.md	text	3584
skills/dipy/references/tutorials/feature-vector-of-endpoints/feature-vector-of-endpoints.md	text	2955
skills/dipy/references/tutorials/fetch-data-http/fetch-data-http.md	text	2824
skills/dipy/references/tutorials/fetch-data-skips-matching-md5/fetch-data-skips-matching-md5.md	text	1662
skills/dipy/references/tutorials/fibermodel-init/fibermodel-init.md	text	2714
skills/dipy/references/tutorials/fit-data/fit-data.md	text	3160
skills/dipy/references/tutorials/fit-one-stage/fit-one-stage.md	text	2980
skills/dipy/references/tutorials/flow-runner/flow-runner.md	text	2608
skills/dipy/references/tutorials/forecast-csd/forecast-csd.md	text	3310
skills/dipy/references/tutorials/forecast-indices/forecast-indices.md	text	5232
skills/dipy/references/tutorials/forecast-positive-constrain/forecast-positive-constrain.md	text	2556
skills/dipy/references/tutorials/forecast-predict/forecast-predict.md	text	1966
skills/dipy/references/tutorials/format-key-value-table/format-key-value-table.md	text	5609
skills/dipy/references/tutorials/forward-sdeconv-mat/forward-sdeconv-mat.md	text	2675
skills/dipy/references/tutorials/freesurfer-density-operation/freesurfer-density-operation.md	text	3045
skills/dipy/references/tutorials/from-lower-triangular/from-lower-triangular.md	text	1747
skills/dipy/references/tutorials/from-sfs-dtype-dict-attributes/from-sfs-dtype-dict-attributes.md	text	2578
skills/dipy/references/tutorials/from-to-rigid/from-to-rigid.md	text	1799
skills/dipy/references/tutorials/fss-radius-search/fss-radius-search.md	text	6319
skills/dipy/references/tutorials/fss-single-point-slines/fss-single-point-slines.md	text	2368
skills/dipy/references/tutorials/fss-varying-radius/fss-varying-radius.md	text	2676
skills/dipy/references/tutorials/fwdti-errors/fwdti-errors.md	text	3379
skills/dipy/references/tutorials/fwdti-jac-multi-voxel/fwdti-jac-multi-voxel.md	text	2223
skills/dipy/references/tutorials/fwdti-multi-voxel/fwdti-multi-voxel.md	text	2863
skills/dipy/references/tutorials/fwdti-precision/fwdti-precision.md	text	2418
skills/dipy/references/tutorials/fwdti-predictions/fwdti-predictions.md	text	4399
skills/dipy/references/tutorials/fwdti-restore/fwdti-restore.md	text	2761
skills/dipy/references/tutorials/fwdti-singlevoxel/fwdti-singlevoxel.md	text	4707
skills/dipy/references/tutorials/fwhm-kde-batch/fwhm-kde-batch.md	text	2698
skills/dipy/references/tutorials/generate-bvecs/generate-bvecs.md	text	1745
skills/dipy/references/tutorials/generate-force-simulations-compute-dki/generate-force-simulations-compute-dki.md	text	2430
skills/dipy/references/tutorials/generate-kernel/generate-kernel.md	text	4941
skills/dipy/references/tutorials/get-direction-and-spacings/get-direction-and-spacings.md	text	2681
skills/dipy/references/tutorials/get-force/get-force.md	text	1507
skills/dipy/references/tutorials/gfa/gfa.md	text	1936
skills/dipy/references/tutorials/gibbs-3d/gibbs-3d.md	text	1510
skills/dipy/references/tutorials/gibbs-4d/gibbs-4d.md	text	2321
skills/dipy/references/tutorials/gibbs-subfunction/gibbs-subfunction.md	text	2782
skills/dipy/references/tutorials/gifti-matching-space/gifti-matching-space.md	text	2319
skills/dipy/references/tutorials/gqi/gqi.md	text	888
skills/dipy/references/tutorials/gradient-table-from-bvals-bvecs/gradient-table-from-bvals-bvecs.md	text	5638
skills/dipy/references/tutorials/gradient-table-from-gradient-strength-bvecs/gradient-table-from-gradient-strength-bvecs.md	text	2461
skills/dipy/references/tutorials/gradient-table-from-qvals-bvecs/gradient-table-from-qvals-bvecs.md	text	2357
skills/dipy/references/tutorials/gradienttable/gradienttable.md	text	4374
skills/dipy/references/tutorials/guide_collection.json	json	7697418
skills/dipy/references/tutorials/harmonic-fields-2d/harmonic-fields-2d.md	text	3167
skills/dipy/references/tutorials/harmonic-fields-3d/harmonic-fields-3d.md	text	3990
skills/dipy/references/tutorials/hat-and-lcr/hat-and-lcr.md	text	2900
skills/dipy/references/tutorials/hemisphere-constructor/hemisphere-constructor.md	text	2173
skills/dipy/references/tutorials/hemisphere-faces/hemisphere-faces.md	text	2280
skills/dipy/references/tutorials/hemisphere-subdivide/hemisphere-subdivide.md	text	2870
skills/dipy/references/tutorials/horizon-empty-tractogram/horizon-empty-tractogram.md	text	3350
skills/dipy/references/tutorials/horizon-events/horizon-events.md	text	1146
skills/dipy/references/tutorials/horizon-flow/horizon-flow.md	text	1042
skills/dipy/references/tutorials/horizon/horizon.md	text	1133
skills/dipy/references/tutorials/iap/iap.md	text	3101
skills/dipy/references/tutorials/index.md	text	70161
skills/dipy/references/tutorials/indexing-on-tensor-fit/indexing-on-tensor-fit.md	text	2345
skills/dipy/references/tutorials/inplace/inplace.md	text	3515
skills/dipy/references/tutorials/inv-nchi/inv-nchi.md	text	1560
skills/dipy/references/tutorials/invalid-transform/invalid-transform.md	text	2275
skills/dipy/references/tutorials/invert-transform/invert-transform.md	text	1586
skills/dipy/references/tutorials/invert-vector-field-2d/invert-vector-field-2d.md	text	5174
skills/dipy/references/tutorials/invert-vector-field-3d/invert-vector-field-3d.md	text	5580
skills/dipy/references/tutorials/io-fetch-fetcher-datanames/io-fetch-fetcher-datanames.md	text	2738
skills/dipy/references/tutorials/io-info-pam-missing-fields/io-info-pam-missing-fields.md	text	3549
skills/dipy/references/tutorials/iterative-saving-loading/iterative-saving-loading.md	text	2526
skills/dipy/references/tutorials/jacobian-functions/jacobian-functions.md	text	3479
skills/dipy/references/tutorials/kernel-input/kernel-input.md	text	2409
skills/dipy/references/tutorials/kurtosis-elements/kurtosis-elements.md	text	5549
skills/dipy/references/tutorials/kurtosis-to-smt2-conversion/kurtosis-to-smt2-conversion.md	text	2683
skills/dipy/references/tutorials/lambert-equal-area-projection-cart/lambert-equal-area-projection-cart.md	text	1603
skills/dipy/references/tutorials/laplacian-reduces-laplacian-norm/laplacian-reduces-laplacian-norm.md	text	3125
skills/dipy/references/tutorials/length-memory-leaks/length-memory-leaks.md	text	3174
skills/dipy/references/tutorials/length/length.md	text	2236
skills/dipy/references/tutorials/lower-triangular/lower-triangular.md	text	3422
skills/dipy/references/tutorials/lpca-boundary-behaviour/lpca-boundary-behaviour.md	text	2514
skills/dipy/references/tutorials/lpca-complex-phase/lpca-complex-phase.md	text	1652
skills/dipy/references/tutorials/lpca-complex-rmse/lpca-complex-rmse.md	text	1753
skills/dipy/references/tutorials/lpca-dtype/lpca-dtype.md	text	2638
skills/dipy/references/tutorials/lpca-flow/lpca-flow.md	text	1330
skills/dipy/references/tutorials/lpca-rmse/lpca-rmse.md	text	1567
skills/dipy/references/tutorials/lpca-sharpness/lpca-sharpness.md	text	1652
skills/dipy/references/tutorials/make-fetcher-http/make-fetcher-http.md	text	3223
skills/dipy/references/tutorials/mam-distances/mam-distances.md	text	1487
skills/dipy/references/tutorials/mapmri-compare-fitted-pdf-with-multi-tensor/mapmri-compare-fitted-pdf-with-multi-tensor.md	text	3042
skills/dipy/references/tutorials/mapmri-isotropic-design-matrix-separability/mapmri-isotropic-design-matrix-separability.md	text	2886
skills/dipy/references/tutorials/mapmri-isotropic-static-scale-factor/mapmri-isotropic-static-scale-factor.md	text	5874
skills/dipy/references/tutorials/mapmri-laplacian-anisotropic/mapmri-laplacian-anisotropic.md	text	3028
skills/dipy/references/tutorials/mapmri-laplacian-isotropic/mapmri-laplacian-isotropic.md	text	3348
skills/dipy/references/tutorials/mapmri-metrics-anisotropic/mapmri-metrics-anisotropic.md	text	5665
skills/dipy/references/tutorials/mapmri-metrics-isotropic/mapmri-metrics-isotropic.md	text	4437
skills/dipy/references/tutorials/mapmri-number-of-coefficients/mapmri-number-of-coefficients.md	text	1593
skills/dipy/references/tutorials/mapmri-signal-fitting-over-radial-order/mapmri-signal-fitting-over-radial-order.md	text	2498
skills/dipy/references/tutorials/mask-for-response-msmt-nvoxels/mask-for-response-msmt-nvoxels.md	text	5208
skills/dipy/references/tutorials/mask-for-response-ssst-nvoxels/mask-for-response-ssst-nvoxels.md	text	2423
skills/dipy/references/tutorials/mask-from-roi/mask-from-roi.md	text	2464
skills/dipy/references/tutorials/mask-non-weighted-bvals/mask-non-weighted-bvals.md	text	2632
skills/dipy/references/tutorials/mask-robustness/mask-robustness.md	text	2422
skills/dipy/references/tutorials/mask/mask.md	text	4281
skills/dipy/references/tutorials/masked-array-with-tensor/masked-array-with-tensor.md	text	3751
skills/dipy/references/tutorials/mcsd-model-delta/mcsd-model-delta.md	text	4956
skills/dipy/references/tutorials/md-regularization/md-regularization.md	text	3258
skills/dipy/references/tutorials/mean-distances/mean-distances.md	text	2879
skills/dipy/references/tutorials/min-vs-min-fast-precision/min-vs-min-fast-precision.md	text	2157
skills/dipy/references/tutorials/minmax-normalize/minmax-normalize.md	text	3085
skills/dipy/references/tutorials/mirror/mirror.md	text	2261
skills/dipy/references/tutorials/mk-singularities/mk-singularities.md	text	3890
skills/dipy/references/tutorials/mode-with-isotropic/mode-with-isotropic.md	text	1883
skills/dipy/references/tutorials/most-similar-mam/most-similar-mam.md	text	1495
skills/dipy/references/tutorials/mppca-in-phantom/mppca-in-phantom.md	text	3177
skills/dipy/references/tutorials/msdeconvfit/msdeconvfit.md	text	3057
skills/dipy/references/tutorials/msdki-predict/msdki-predict.md	text	4234
skills/dipy/references/tutorials/mult-aff/mult-aff.md	text	2423
skills/dipy/references/tutorials/multi-shell-fiber-response/multi-shell-fiber-response.md	text	3538
skills/dipy/references/tutorials/multi-tensor-btens/multi-tensor-btens.md	text	2687
skills/dipy/references/tutorials/multi-tensor/multi-tensor.md	text	2688
skills/dipy/references/tutorials/multiple-b0/multiple-b0.md	text	1732
skills/dipy/references/tutorials/multishell-rumba/multishell-rumba.md	text	3247
skills/dipy/references/tutorials/multishelldeconvmodel-response/multishelldeconvmodel-response.md	text	3563
skills/dipy/references/tutorials/multishelldeconvmodel/multishelldeconvmodel.md	text	3849
skills/dipy/references/tutorials/multivox-dsi/multivox-dsi.md	text	1561
skills/dipy/references/tutorials/multivox-forecast/multivox-forecast.md	text	4452
skills/dipy/references/tutorials/multivox-shore/multivox-shore.md	text	2284
skills/dipy/references/tutorials/mvoxel-gqi/mvoxel-gqi.md	text	2430
skills/dipy/references/tutorials/ndbincount/ndbincount.md	text	2754
skills/dipy/references/tutorials/nearest-pos-semi-def/nearest-pos-semi-def.md	text	4022
skills/dipy/references/tutorials/nearestneighborinterpolator/nearestneighborinterpolator.md	text	2388
skills/dipy/references/tutorials/negative-s0/negative-s0.md	text	3400
skills/dipy/references/tutorials/neighboring-dwi-correlation/neighboring-dwi-correlation.md	text	3694
skills/dipy/references/tutorials/nlmeans-4d-3dsigma-and-threads/nlmeans-4d-3dsigma-and-threads.md	text	2822
skills/dipy/references/tutorials/nlmeans-4d-and-mask/nlmeans-4d-and-mask.md	text	1842
skills/dipy/references/tutorials/nlmeans-boundary/nlmeans-boundary.md	text	1875
skills/dipy/references/tutorials/nlmeans-dtype/nlmeans-dtype.md	text	2631
skills/dipy/references/tutorials/nlmeans-padding/nlmeans-padding.md	text	1350
skills/dipy/references/tutorials/nlmeans-rician-noise-reduction/nlmeans-rician-noise-reduction.md	text	2207
skills/dipy/references/tutorials/nlmeans-static-blockwise/nlmeans-static-blockwise.md	text	3171
skills/dipy/references/tutorials/nnls-jacobian-func/nnls-jacobian-func.md	text	3163
skills/dipy/references/tutorials/non-square-image/non-square-image.md	text	2955
skills/dipy/references/tutorials/none-or-dtype/none-or-dtype.md	text	2790
skills/dipy/references/tutorials/nonnegativeleastsquares/nonnegativeleastsquares.md	text	1455
skills/dipy/references/tutorials/normalization-time/normalization-time.md	text	2423
skills/dipy/references/tutorials/normalization/normalization.md	text	2759
skills/dipy/references/tutorials/normalized-3vec/normalized-3vec.md	text	1788
skills/dipy/references/tutorials/number-of-coefficients/number-of-coefficients.md	text	2261
skills/dipy/references/tutorials/odf-sh-to-sharp/odf-sh-to-sharp.md	text	4910
skills/dipy/references/tutorials/odf-with-zeros/odf-with-zeros.md	text	1931
skills/dipy/references/tutorials/openmp-locks/openmp-locks.md	text	2752
skills/dipy/references/tutorials/optimize-new-scipy/optimize-new-scipy.md	text	3844
skills/dipy/references/tutorials/orient-by-streamline/orient-by-streamline.md	text	5093
skills/dipy/references/tutorials/orthogonality-basis-functions/orthogonality-basis-functions.md	text	5828
skills/dipy/references/tutorials/orthogonality-temporal-basis-functions/orthogonality-temporal-basis-functions.md	text	2666
skills/dipy/references/tutorials/out-of-grid/out-of-grid.md	text	1703
skills/dipy/references/tutorials/outlier-funcs/outlier-funcs.md	text	4245
skills/dipy/references/tutorials/parallel/parallel.md	text	2924
skills/dipy/references/tutorials/paramap-sequence-kwargs/paramap-sequence-kwargs.md	text	1510
skills/dipy/references/tutorials/particle-filtering-tracking-workflows/particle-filtering-tracking-workflows.md	text	1091
skills/dipy/references/tutorials/patch-radius-accepts-numpy-array/patch-radius-accepts-numpy-array.md	text	2007
skills/dipy/references/tutorials/patch2self-boundary/patch2self-boundary.md	text	1999
skills/dipy/references/tutorials/patch2self-random-noise/patch2self-random-noise.md	text	4945
skills/dipy/references/tutorials/patch2self-v3-preserves-out-dtype-and-precision-invariance/patch2self-v3-preserves-out-dtype-and-precision-invariance.md	text	3318
skills/dipy/references/tutorials/pca-noise-estimate/pca-noise-estimate.md	text	4613
skills/dipy/references/tutorials/peak-actor/peak-actor.md	text	1580
skills/dipy/references/tutorials/peaks-shm-coeff/peaks-shm-coeff.md	text	4867
skills/dipy/references/tutorials/perpendicular-directions/perpendicular-directions.md	text	2711
skills/dipy/references/tutorials/phantom/phantom.md	text	2117
skills/dipy/references/tutorials/piesno/piesno.md	text	5214
skills/dipy/references/tutorials/plot-2d-diffeomorphic-map/plot-2d-diffeomorphic-map.md	text	2832
skills/dipy/references/tutorials/pmf-from-array/pmf-from-array.md	text	2467
skills/dipy/references/tutorials/pmf-from-peaks-invalid-point/pmf-from-peaks-invalid-point.md	text	1883
skills/dipy/references/tutorials/pmf-from-peaks/pmf-from-peaks.md	text	3609
skills/dipy/references/tutorials/pmf-from-sh/pmf-from-sh.md	text	2488
skills/dipy/references/tutorials/pmf-val/pmf-val.md	text	2599
skills/dipy/references/tutorials/point-track-sq-distance/point-track-sq-distance.md	text	2373
skills/dipy/references/tutorials/positive-evals/positive-evals.md	text	1793
skills/dipy/references/tutorials/predict-shape-and-masking/predict-shape-and-masking.md	text	4028
skills/dipy/references/tutorials/predict/predict.md	text	2110
skills/dipy/references/tutorials/provided-mask-is-respected/provided-mask-is-respected.md	text	1829
skills/dipy/references/tutorials/ptt-tracking/ptt-tracking.md	text	6540
skills/dipy/references/tutorials/pttdirectiongetter/pttdirectiongetter.md	text	4352
skills/dipy/references/tutorials/qbx-and-merge/qbx-and-merge.md	text	2740
skills/dipy/references/tutorials/qti-model/qti-model.md	text	2267
skills/dipy/references/tutorials/qti-signal/qti-signal.md	text	5630
skills/dipy/references/tutorials/quickbundles-2d/quickbundles-2d.md	text	5381
skills/dipy/references/tutorials/quickbundles-empty-data/quickbundles-empty-data.md	text	2029
skills/dipy/references/tutorials/quickbundles-shape-incompatibility/quickbundles-shape-incompatibility.md	text	2540
skills/dipy/references/tutorials/quickbundles-streamlines/quickbundles-streamlines.md	text	2532
skills/dipy/references/tutorials/quickbundles-with-not-order-invariant-metric/quickbundles-with-not-order-invariant-metric.md	text	1964
skills/dipy/references/tutorials/quickbundles-with-python-metric/quickbundles-with-python-metric.md	text	3076
skills/dipy/references/tutorials/qvalues/qvalues.md	text	1556
skills/dipy/references/tutorials/random-point-color/random-point-color.md	text	1915
skills/dipy/references/tutorials/random-point-gray/random-point-gray.md	text	2004
skills/dipy/references/tutorials/random-seed-initialization/random-seed-initialization.md	text	3247
skills/dipy/references/tutorials/random-seeds-from-mask/random-seeds-from-mask.md	text	5822
skills/dipy/references/tutorials/random-space-transformations/random-space-transformations.md	text	2065
skills/dipy/references/tutorials/random-streamline-color/random-streamline-color.md	text	3125
skills/dipy/references/tutorials/rb-check-defaults/rb-check-defaults.md	text	2721
skills/dipy/references/tutorials/rb-clustermap/rb-clustermap.md	text	2991
skills/dipy/references/tutorials/rb-disable-slr/rb-disable-slr.md	text	2737
skills/dipy/references/tutorials/rb-no-neighb/rb-no-neighb.md	text	2604
skills/dipy/references/tutorials/rb-no-verbose-and-mam/rb-no-verbose-and-mam.md	text	2828
skills/dipy/references/tutorials/rb-reduction-mam/rb-reduction-mam.md	text	2918
skills/dipy/references/tutorials/rb-slr-threads/rb-slr-threads.md	text	2714
skills/dipy/references/tutorials/read-img-arr-or-path/read-img-arr-or-path.md	text	2450
skills/dipy/references/tutorials/real-sh-descoteaux-from-index/real-sh-descoteaux-from-index.md	text	6061
skills/dipy/references/tutorials/real-sh-descoteaux1/real-sh-descoteaux1.md	text	2573
skills/dipy/references/tutorials/real-sh-descoteaux2/real-sh-descoteaux2.md	text	3378
skills/dipy/references/tutorials/real-sh-tournier/real-sh-tournier.md	text	3362
skills/dipy/references/tutorials/real-sym-sh-basis/real-sym-sh-basis.md	text	3062
skills/dipy/references/tutorials/reconst-force-basic/reconst-force-basic.md	text	3809
skills/dipy/references/tutorials/reconst-force-dki-metrics/reconst-force-dki-metrics.md	text	3360
skills/dipy/references/tutorials/reconst-force-ray-fallback/reconst-force-ray-fallback.md	text	3290
skills/dipy/references/tutorials/reconst-force-select-metrics/reconst-force-select-metrics.md	text	3095
skills/dipy/references/tutorials/reconst-ivim/reconst-ivim.md	text	878
skills/dipy/references/tutorials/recursive-rumba/recursive-rumba.md	text	3435
skills/dipy/references/tutorials/reference-header-info-identical/reference-header-info-identical.md	text	3783
skills/dipy/references/tutorials/reference-obj-info-identical/reference-obj-info-identical.md	text	3736
skills/dipy/references/tutorials/reference-trk-file-info-identical/reference-trk-file-info-identical.md	text	2226
skills/dipy/references/tutorials/reference-trx-file-info-identical/reference-trx-file-info-identical.md	text	2226
skills/dipy/references/tutorials/remove-holes-and-islands-warnings/remove-holes-and-islands-warnings.md	text	773
skills/dipy/references/tutorials/remove-holes-and-islands/remove-holes-and-islands.md	text	1737
skills/dipy/references/tutorials/remove-similar-peaks/remove-similar-peaks.md	text	5218
skills/dipy/references/tutorials/resample-vector-field-2d/resample-vector-field-2d.md	text	2401
skills/dipy/references/tutorials/resample-vector-field-3d/resample-vector-field-3d.md	text	2473
skills/dipy/references/tutorials/reshape-peaks-for-visualization/reshape-peaks-for-visualization.md	text	3665
skills/dipy/references/tutorials/reslice-skip-when-matching/reslice-skip-when-matching.md	text	3642
skills/dipy/references/tutorials/return-bias-field-flag/return-bias-field-flag.md	text	2413
skills/dipy/references/tutorials/rigid-isoscaling/rigid-isoscaling.md	text	2315
skills/dipy/references/tutorials/rigid-parallel-lines/rigid-parallel-lines.md	text	2285
skills/dipy/references/tutorials/rigid-partial-real-bundles/rigid-partial-real-bundles.md	text	4474
skills/dipy/references/tutorials/rigid-real-bundles/rigid-real-bundles.md	text	3147
skills/dipy/references/tutorials/rigid-scaling/rigid-scaling.md	text	2277
skills/dipy/references/tutorials/rigid/rigid.md	text	2183
skills/dipy/references/tutorials/roi-actors/roi-actors.md	text	1364
skills/dipy/references/tutorials/roi-images/roi-images.md	text	3121
skills/dipy/references/tutorials/roi-in-volume/roi-in-volume.md	text	3689
skills/dipy/references/tutorials/same-number-of-points/same-number-of-points.md	text	2070
skills/dipy/references/tutorials/sample-domain-regular/sample-domain-regular.md	text	5033
skills/dipy/references/tutorials/save-seeds/save-seeds.md	text	5012
skills/dipy/references/tutorials/seeds-from-mask/seeds-from-mask.md	text	3284
skills/dipy/references/tutorials/segment-intersection/segment-intersection.md	text	610
skills/dipy/references/tutorials/set-dtype-dict-attributes/set-dtype-dict-attributes.md	text	1802
skills/dipy/references/tutorials/set-number-of-points-memory-leaks/set-number-of-points-memory-leaks.md	text	3653
skills/dipy/references/tutorials/set-partial-dtype-dict-attributes/set-partial-dtype-dict-attributes.md	text	2354
skills/dipy/references/tutorials/setup-matrices/setup-matrices.md	text	1867
skills/dipy/references/tutorials/sfm-background/sfm-background.md	text	1712
skills/dipy/references/tutorials/sfm-sklearnlinearsolver/sfm-sklearnlinearsolver.md	text	1934
skills/dipy/references/tutorials/sfm-stick/sfm-stick.md	text	2970
skills/dipy/references/tutorials/sfm/sfm.md	text	3954
skills/dipy/references/tutorials/sh-to-bingham-handles-empty-voxels/sh-to-bingham-handles-empty-voxels.md	text	3610
skills/dipy/references/tutorials/sh-to-sf-matrix/sh-to-sf-matrix.md	text	2995
skills/dipy/references/tutorials/sharpness/sharpness.md	text	3179
skills/dipy/references/tutorials/shift-corner-from-rasmm/shift-corner-from-rasmm.md	text	1982
skills/dipy/references/tutorials/shift-corner-from-voxmm/shift-corner-from-voxmm.md	text	1982
skills/dipy/references/tutorials/shore-odf/shore-odf.md	text	946
skills/dipy/references/tutorials/signal-index/signal-index.md	text	1746
skills/dipy/references/tutorials/signal-search/signal-search.md	text	1854
skills/dipy/references/tutorials/single-tensor-btens/single-tensor-btens.md	text	2714
skills/dipy/references/tutorials/single-tensor/single-tensor.md	text	1855
skills/dipy/references/tutorials/single-transforms/single-transforms.md	text	1848
skills/dipy/references/tutorials/sklearn-linear-solver/sklearn-linear-solver.md	text	1814
skills/dipy/references/tutorials/slice-viz/slice-viz.md	text	970
skills/dipy/references/tutorials/slicer/slicer.md	text	2733
skills/dipy/references/tutorials/slr-empty-after-length-filtering/slr-empty-after-length-filtering.md	text	2648
skills/dipy/references/tutorials/slr-one-streamline/slr-one-streamline.md	text	2304
skills/dipy/references/tutorials/smooth-pinv/smooth-pinv.md	text	3343
skills/dipy/references/tutorials/smt2-metrics/smt2-metrics.md	text	2912
skills/dipy/references/tutorials/smt2-specific-cases/smt2-specific-cases.md	text	3668
skills/dipy/references/tutorials/solve-2d-symmetric-positive-definite/solve-2d-symmetric-positive-definite.md	text	2449
skills/dipy/references/tutorials/solve-3d-symmetric-positive-definite/solve-3d-symmetric-positive-definite.md	text	3069
skills/dipy/references/tutorials/space-gold-standard/space-gold-standard.md	text	1934
skills/dipy/references/tutorials/space-origin-gold-standard/space-origin-gold-standard.md	text	2515
skills/dipy/references/tutorials/sparse-nnls/sparse-nnls.md	text	1606
skills/dipy/references/tutorials/spdot/spdot.md	text	1971
skills/dipy/references/tutorials/sphere-cart/sphere-cart.md	text	4023
skills/dipy/references/tutorials/sphere-construct/sphere-construct.md	text	1862
skills/dipy/references/tutorials/sphere-distance/sphere-distance.md	text	3270
skills/dipy/references/tutorials/sphere-scaling-csdmodel/sphere-scaling-csdmodel.md	text	3833
skills/dipy/references/tutorials/sphere-subdivide/sphere-subdivide.md	text	1836
skills/dipy/references/tutorials/spherical-dki-statistics/spherical-dki-statistics.md	text	4233
skills/dipy/references/tutorials/spherical-laplacian-reduces-laplacian-norm/spherical-laplacian-reduces-laplacian-norm.md	text	3523
skills/dipy/references/tutorials/spherical-normalization/spherical-normalization.md	text	4765
skills/dipy/references/tutorials/sphharmfit/sphharmfit.md	text	1810
skills/dipy/references/tutorials/spike/spike.md	text	2394
skills/dipy/references/tutorials/splines/splines.md	text	1247
skills/dipy/references/tutorials/stream-rigid/stream-rigid.md	text	2855
skills/dipy/references/tutorials/streamline-mapping/streamline-mapping.md	text	3481
skills/dipy/references/tutorials/streamline-registration/streamline-registration.md	text	5380
skills/dipy/references/tutorials/streamline-signal/streamline-signal.md	text	2146
skills/dipy/references/tutorials/streamline-tensors/streamline-tensors.md	text	3649
skills/dipy/references/tutorials/surface-seeds/surface-seeds.md	text	3291
skills/dipy/references/tutorials/surfaces/surfaces.md	text	4461
skills/dipy/references/tutorials/swapped-gibbs-3d/swapped-gibbs-3d.md	text	2614
skills/dipy/references/tutorials/swapped-gibbs-4d/swapped-gibbs-4d.md	text	2365
skills/dipy/references/tutorials/switch-voxel-sizes-from-rasmm/switch-voxel-sizes-from-rasmm.md	text	2384
skills/dipy/references/tutorials/switch-voxel-sizes-from-voxmm/switch-voxel-sizes-from-voxmm.md	text	2385
skills/dipy/references/tutorials/syn-registration/syn-registration.md	text	1167
skills/dipy/references/tutorials/synthetic-bspline-bias-rmse/synthetic-bspline-bias-rmse.md	text	2240
skills/dipy/references/tutorials/synthetic-poly-bias-rmse/synthetic-poly-bias-rmse.md	text	2084
skills/dipy/references/tutorials/tensor-to-pam/tensor-to-pam.md	text	3114
skills/dipy/references/tutorials/threshold-stopping-criterion/threshold-stopping-criterion.md	text	4122
skills/dipy/references/tutorials/to-voxel-coordinates-precision/to-voxel-coordinates-precision.md	text	1723
skills/dipy/references/tutorials/track-roi-intersection-check/track-roi-intersection-check.md	text	2537
skills/dipy/references/tutorials/track-volumes/track-volumes.md	text	4089
skills/dipy/references/tutorials/tracking-error/tracking-error.md	text	2962
skills/dipy/references/tutorials/tracking-max-angle/tracking-max-angle.md	text	4727
skills/dipy/references/tutorials/transform-centers-of-mass-3d/transform-centers-of-mass-3d.md	text	861
skills/dipy/references/tutorials/transform-geometric-centers-3d/transform-geometric-centers-3d.md	text	5004
skills/dipy/references/tutorials/transform-origins-3d/transform-origins-3d.md	text	4256
skills/dipy/references/tutorials/transform-streamlines-dtype-in-place/transform-streamlines-dtype-in-place.md	text	2010
skills/dipy/references/tutorials/transform-streamlines-dtype/transform-streamlines-dtype.md	text	2041
skills/dipy/references/tutorials/transform/transform.md	text	2035
skills/dipy/references/tutorials/transformation-dimensions/transformation-dimensions.md	text	2453
skills/dipy/references/tutorials/translation/translation.md	text	2211
skills/dipy/references/tutorials/triangles-area/triangles-area.md	text	1119
skills/dipy/references/tutorials/trilinear-interp-cubic-voxels/trilinear-interp-cubic-voxels.md	text	2620
skills/dipy/references/tutorials/trilinearinterpolator/trilinearinterpolator.md	text	3168
skills/dipy/references/tutorials/unique-edges/unique-edges.md	text	1630
skills/dipy/references/tutorials/unique-rows/unique-rows.md	text	2492
skills/dipy/references/tutorials/unique-sets/unique-sets.md	text	1712
skills/dipy/references/tutorials/unpack-data/unpack-data.md	text	3327
skills/dipy/references/tutorials/unpack-surface/unpack-surface.md	text	2353
skills/dipy/references/tutorials/using-python-feature-with-cython-metric/using-python-feature-with-cython-metric.md	text	3274
skills/dipy/references/tutorials/validate-patch-radius-and-version/validate-patch-radius-and-version.md	text	4085
skills/dipy/references/tutorials/vec2vec-rotmat/vec2vec-rotmat.md	text	3400
skills/dipy/references/tutorials/vector-cosine/vector-cosine.md	text	3859
skills/dipy/references/tutorials/vertices-to-triangles/vertices-to-triangles.md	text	1856
skills/dipy/references/tutorials/voxel2streamline/voxel2streamline.md	text	2590
skills/dipy/references/tutorials/vtk-matching-space/vtk-matching-space.md	text	2300
skills/dipy/references/tutorials/weighted-percentile/weighted-percentile.md	text	2767
skills/dipy/references/tutorials/whole-brain-slr/whole-brain-slr.md	text	969
skills/dipy/references/tutorials/with-higher-s0/with-higher-s0.md	text	2560
skills/dipy/references/tutorials/with-simulated-bundles/with-simulated-bundles.md	text	2169
skills/dipy/references/tutorials/with-simulated-bundles2/with-simulated-bundles2.md	text	1567
skills/dipy/references/tutorials/wrotate-crossing-fibers/wrotate-crossing-fibers.md	text	2651
skills/dipy/references/tutorials/wrotate-single-fiber/wrotate-single-fiber.md	text	2687
skills/eeglab/.DS_Store	file	6148
skills/eeglab/SKILL.md	text	3182
skills/eeglab/code/README.md	text	887
skills/eeglab/code/api_examples.md	text	777
skills/eeglab/code/source_example_index.md	text	265
skills/eeglab/code/source_snippets/documentation_snippets.md	text	4054
skills/eeglab/code/source_snippets/source_test_snippets.md	text	278
skills/eeglab/code/source_snippets/tutorial_snippets.md	text	275
skills/eeglab/code/tutorial_index.md	text	288
skills/eeglab/code_analysis.json	json	17
skills/eeglab/quality_report.json	json	1447
skills/eeglab/references/.DS_Store	file	6148
skills/eeglab/references/documentation/.DS_Store	file	6148
skills/eeglab/references/documentation/community/CODE_OF_CONDUCT.md	text	5207
skills/eeglab/references/documentation/contributing/CONTRIBUTING.md	text	8962
skills/eeglab/references/documentation/other/SKILL.md	text	2588
skills/eeglab/references/documentation/overview/AGENTS.md	text	17520
skills/eeglab/references/documentation/overview/CLAUDE.md	text	11
skills/eeglab/references/documentation/overview/README.md	text	2416
skills/eeglab/references/documentation/templates/bug_report.md	text	604
skills/eeglab/references/documentation/templates/new-plugin-or-plugin-update.md	text	660
skills/fmriprep/.DS_Store	file	6148
skills/fmriprep/SKILL.md	text	3686
skills/fmriprep/code/README.md	text	893
skills/fmriprep/code/api_examples.md	text	1063
skills/fmriprep/code/source_example_index.md	text	1459
skills/fmriprep/code/source_snippets/documentation_snippets.md	text	2734
skills/fmriprep/code/source_snippets/source_test_snippets.md	text	15937
skills/fmriprep/code/source_snippets/tutorial_snippets.md	text	16610
skills/fmriprep/code/tutorial_index.md	text	7162
skills/fmriprep/code_analysis.json	json	17
skills/fmriprep/quality_report.json	json	1271
skills/fmriprep/references/.DS_Store	file	6148
skills/fmriprep/references/documentation/community/CODE_OF_CONDUCT.md	text	168
skills/fmriprep/references/documentation/contributing/CONTRIBUTING.md	text	165
skills/fmriprep/references/documentation/other/CONTRIBUTORS.md	text	13640
skills/fmriprep/references/documentation/other/FORMER.md	text	534
skills/fmriprep/references/documentation/other/MAINTAINERS.md	text	1168
skills/fmriprep/references/documentation/other/PIs.md	text	1531
skills/fmriprep/references/documentation/other/README.rst	text	1114
skills/fmriprep/references/documentation/other/api.rst	text	1383
skills/fmriprep/references/documentation/other/benchmarks.rst	text	4529
skills/fmriprep/references/documentation/other/changes.rst	text	86
skills/fmriprep/references/documentation/other/faq.rst	text	19203
skills/fmriprep/references/documentation/other/index.rst	text	419
skills/fmriprep/references/documentation/other/installation.rst	text	4459
skills/fmriprep/references/documentation/other/license.rst	text	1677
skills/fmriprep/references/documentation/other/links.rst	text	1796
skills/fmriprep/references/documentation/other/outputs.rst	text	38355
skills/fmriprep/references/documentation/other/pull_request_template.md	text	2221
skills/fmriprep/references/documentation/other/spaces.rst	text	7617
skills/fmriprep/references/documentation/other/usage.rst	text	8946
skills/fmriprep/references/documentation/other/workflows.rst	text	27156
skills/fmriprep/references/documentation/overview/CHANGES.rst	text	124704
skills/fmriprep/references/documentation/overview/GOVERNANCE.md	text	212
skills/fmriprep/references/documentation/overview/README.rst	text	7863
skills/fmriprep/references/documentation/overview/REFERENCES.md	text	4166
skills/fmriprep/references/documentation/overview/long_description.rst	text	3727
skills/fmriprep/references/documentation/templates/documentation.md	text	368
skills/fmriprep/references/tutorials/baseline-found-as-str/baseline-found-as-str.md	text	1991
skills/fmriprep/references/tutorials/bids-filter-file/bids-filter-file.md	text	2444
skills/fmriprep/references/tutorials/bidssourcefile/bidssourcefile.md	text	2488
skills/fmriprep/references/tutorials/bidsuri/bidsuri.md	text	6119
skills/fmriprep/references/tutorials/bold-native-precomputes/bold-native-precomputes.md	text	2970
skills/fmriprep/references/tutorials/bold-wf/bold-wf.md	text	3815
skills/fmriprep/references/tutorials/clip/clip.md	text	4824
skills/fmriprep/references/tutorials/config-spaces/config-spaces.md	text	4317
skills/fmriprep/references/tutorials/convertaffine/convertaffine.md	text	6854
skills/fmriprep/references/tutorials/derivatives/derivatives.md	text	3825
skills/fmriprep/references/tutorials/filterdropped/filterdropped.md	text	1677
skills/fmriprep/references/tutorials/fmriprep-wf-heterogeneous-sessions/fmriprep-wf-heterogeneous-sessions.md	text	3065
skills/fmriprep/references/tutorials/framewisedisplacement/framewisedisplacement.md	text	2007
skills/fmriprep/references/tutorials/fsl6-long-filenames/fsl6-long-filenames.md	text	1631
skills/fmriprep/references/tutorials/fslmotionparams/fslmotionparams.md	text	2827
skills/fmriprep/references/tutorials/fslrmsdeviation/fslrmsdeviation.md	text	2321
skills/fmriprep/references/tutorials/get-estimator-b0field-and-intendedfor/get-estimator-b0field-and-intendedfor.md	text	2857
skills/fmriprep/references/tutorials/get-estimator-intendedfor/get-estimator-intendedfor.md	text	2205
skills/fmriprep/references/tutorials/get-estimator-multiple-b0fields/get-estimator-multiple-b0fields.md	text	3211
skills/fmriprep/references/tutorials/get-estimator-overlapping-specs/get-estimator-overlapping-specs.md	text	3081
skills/fmriprep/references/tutorials/guide_collection.json	json	420552
skills/fmriprep/references/tutorials/index.md	text	4277
skills/fmriprep/references/tutorials/init-fmriprep-wf-sanitize-fmaps/init-fmriprep-wf-sanitize-fmaps.md	text	2403
skills/fmriprep/references/tutorials/init-fmriprep-wf-sanitize-plus/init-fmriprep-wf-sanitize-plus.md	text	2630
skills/fmriprep/references/tutorials/memory-arg/memory-arg.md	text	1855
skills/fmriprep/references/tutorials/parser-valid/parser-valid.md	text	1851
skills/fmriprep/references/tutorials/renameacompcor/renameacompcor.md	text	2502
skills/fmriprep/references/tutorials/reuse-config/reuse-config.md	text	4552
skills/fmriprep/references/tutorials/slice-time-ref/slice-time-ref.md	text	1550
skills/fmriprep/references/tutorials/transforms-found-as-str/transforms-found-as-str.md	text	2286
skills/fmriprep/references/tutorials/use-syn-sdc/use-syn-sdc.md	text	1956
skills/freesurfer/.DS_Store	file	8196
skills/freesurfer/SKILL.md	text	3846
skills/freesurfer/code/.DS_Store	file	6148
skills/freesurfer/code/README.md	text	891
skills/freesurfer/code/api_examples.md	text	722
skills/freesurfer/code/source_example_index.md	text	265
skills/freesurfer/code/source_snippets/documentation_snippets.md	text	2291
skills/freesurfer/code/source_snippets/source_test_snippets.md	text	282
skills/freesurfer/code/source_snippets/tutorial_snippets.md	text	279
skills/freesurfer/code/tutorial_index.md	text	288
skills/freesurfer/references/.DS_Store	file	8196
skills/freesurfer/references/README.md	text	1937
skills/freesurfer/references/documentation/.DS_Store	file	8196
skills/freesurfer/references/documentation/overview/CoordinateSystems.md	text	22350
skills/freesurfer/references/documentation/overview/DownloadAndInstall.md	text	9476
skills/freesurfer/references/documentation/overview/FAQ.md	text	63804
skills/freesurfer/references/documentation/overview/FileFormats.md	text	6744
skills/freesurfer/references/documentation/overview/FreeSurferCommandsRegistration.md	text	9642
skills/freesurfer/references/documentation/overview/FreeSurferMethodsCitation.md	text	15980
skills/freesurfer/references/documentation/overview/FreeSurferSupport.md	text	7749
skills/freesurfer/references/documentation/overview/FreeSurferWiki.md	text	15743
skills/freesurfer/references/documentation/overview/Glossary.md	text	17835
skills/freesurfer/references/documentation/overview/QuickInstall.md	text	3475
skills/freesurfer/references/documentation/overview/ReconAllTable.md	text	5545
skills/freesurfer/references/documentation/overview/ReconAllTableStableV6.0.md	text	90865
skills/freesurfer/references/documentation/overview/Tutorials.md	text	17432
skills/freesurfer/references/documentation/overview/index.md	text	15725
skills/jspsych/SKILL.md	text	3548
skills/jspsych/code/README.md	text	890
skills/jspsych/code/api_examples.md	text	6338
skills/jspsych/code/source_example_index.md	text	265
skills/jspsych/code/source_snippets/documentation_snippets.md	text	15369
skills/jspsych/code/source_snippets/source_test_snippets.md	text	279
skills/jspsych/code/source_snippets/tutorial_snippets.md	text	276
skills/jspsych/code/tutorial_index.md	text	288
skills/jspsych/code_analysis.json	json	17
skills/jspsych/quality_report.json	json	1274
skills/jspsych/references/documentation/.DS_Store	file	6148
skills/jspsych/references/documentation/api/jspsych-data.md	text	15552
skills/jspsych/references/documentation/api/jspsych-pluginAPI.md	text	32792
skills/jspsych/references/documentation/api/jspsych-randomization.md	text	17709
skills/jspsych/references/documentation/api/jspsych-turk.md	text	3497
skills/jspsych/references/documentation/api/jspsych-utils.md	text	2227
skills/jspsych/references/documentation/api/jspsych.md	text	20226
skills/jspsych/references/documentation/architecture/CHANGELOG.md	text	6549
skills/jspsych/references/documentation/architecture/README.md	text	2959
skills/jspsych/references/documentation/community/code-of-conduct.md	text	7383
skills/jspsych/references/documentation/examples/README-template.md	text	2635
skills/jspsych/references/documentation/guides/community-tutorials.md	text	7283
skills/jspsych/references/documentation/guides/hello-world.md	text	16854
skills/jspsych/references/documentation/guides/rt-task.md	text	56434
skills/jspsych/references/documentation/other/README.md	text	120
skills/jspsych/references/documentation/other/about.md	text	2615
skills/jspsych/references/documentation/other/animation.md	text	4889
skills/jspsych/references/documentation/other/audio-button-response.md	text	9256
skills/jspsych/references/documentation/other/audio-keyboard-response.md	text	7262
skills/jspsych/references/documentation/other/audio-slider-response.md	text	7733
skills/jspsych/references/documentation/other/browser-check.md	text	12225
skills/jspsych/references/documentation/other/browser-device-support.md	text	4004
skills/jspsych/references/documentation/other/building-surveys.md	text	32096
skills/jspsych/references/documentation/other/call-function.md	text	4992
skills/jspsych/references/documentation/other/canvas-button-response.md	text	10806
skills/jspsych/references/documentation/other/canvas-keyboard-response.md	text	7291
skills/jspsych/references/documentation/other/canvas-slider-response.md	text	7567
skills/jspsych/references/documentation/other/categorize-animation.md	text	7188
skills/jspsych/references/documentation/other/categorize-html.md	text	6553
skills/jspsych/references/documentation/other/categorize-image.md	text	6547
skills/jspsych/references/documentation/other/cloze.md	text	6351
skills/jspsych/references/documentation/other/configuration.md	text	7111
skills/jspsych/references/documentation/other/contributing.md	text	6635
skills/jspsych/references/documentation/other/data.md	text	13719
skills/jspsych/references/documentation/other/documentation.md	text	2045
skills/jspsych/references/documentation/other/dynamic-parameters.md	text	7004
skills/jspsych/references/documentation/other/events.md	text	6263
skills/jspsych/references/documentation/other/exclude-browser.md	text	826
skills/jspsych/references/documentation/other/experiment-options.md	text	8358
skills/jspsych/references/documentation/other/extension-development.md	text	7953
skills/jspsych/references/documentation/other/extensions.md	text	1418
skills/jspsych/references/documentation/other/external-html.md	text	4999
skills/jspsych/references/documentation/other/eye-tracking.md	text	18274
skills/jspsych/references/documentation/other/free-sort.md	text	7211
skills/jspsych/references/documentation/other/fullscreen.md	text	4142
skills/jspsych/references/documentation/other/html-audio-response.md	text	10254
skills/jspsych/references/documentation/other/html-button-response.md	text	7690
skills/jspsych/references/documentation/other/html-keyboard-response.md	text	5869
skills/jspsych/references/documentation/other/html-slider-response.md	text	5252
skills/jspsych/references/documentation/other/html-video-response.md	text	8784
skills/jspsych/references/documentation/other/iat-html.md	text	6844
skills/jspsych/references/documentation/other/iat-image.md	text	6898
skills/jspsych/references/documentation/other/image-button-response.md	text	6905
skills/jspsych/references/documentation/other/image-keyboard-response.md	text	7233
skills/jspsych/references/documentation/other/image-slider-response.md	text	5947
skills/jspsych/references/documentation/other/index.md	text	1139
skills/jspsych/references/documentation/other/initialize-camera.md	text	4404
skills/jspsych/references/documentation/other/initialize-microphone.md	text	3162
skills/jspsych/references/documentation/other/instructions.md	text	6728
skills/jspsych/references/documentation/other/license.md	text	143
skills/jspsych/references/documentation/other/list-of-extensions.md	text	757
skills/jspsych/references/documentation/other/list-of-plugins.md	text	10637
skills/jspsych/references/documentation/other/maxdiff.md	text	4029
skills/jspsych/references/documentation/other/media-preloading.md	text	15742
skills/jspsych/references/documentation/other/migration-v7.md	text	6908
skills/jspsych/references/documentation/other/migration-v8.md	text	8925
skills/jspsych/references/documentation/other/mirror-camera.md	text	3162
skills/jspsych/references/documentation/other/mouse-tracking.md	text	5653
skills/jspsych/references/documentation/other/mturk.md	text	5112
skills/jspsych/references/documentation/other/plugin-development.md	text	19029
skills/jspsych/references/documentation/other/plugins.md	text	14523
skills/jspsych/references/documentation/other/preload.md	text	13815
skills/jspsych/references/documentation/other/progress-bar.md	text	3097
skills/jspsych/references/documentation/other/prolific.md	text	3715
skills/jspsych/references/documentation/other/reconstruction.md	text	4335
skills/jspsych/references/documentation/other/record-browser-interactions.md	text	1271
skills/jspsych/references/documentation/other/record-video.md	text	2860
skills/jspsych/references/documentation/other/resize.md	text	3330
skills/jspsych/references/documentation/other/running-experiments.md	text	13676
skills/jspsych/references/documentation/other/same-different-html.md	text	5430
skills/jspsych/references/documentation/other/same-different-image.md	text	5364
skills/jspsych/references/documentation/other/serial-reaction-time-mouse.md	text	6879
skills/jspsych/references/documentation/other/serial-reaction-time.md	text	8133
skills/jspsych/references/documentation/other/simulation.md	text	8709
skills/jspsych/references/documentation/other/sketchpad.md	text	10467
skills/jspsych/references/documentation/other/style.md	text	16183
skills/jspsych/references/documentation/other/subscribe.md	text	907
skills/jspsych/references/documentation/other/support.md	text	1310
skills/jspsych/references/documentation/other/survey-html-form.md	text	5024
skills/jspsych/references/documentation/other/survey-likert.md	text	6229
skills/jspsych/references/documentation/other/survey-multi-choice.md	text	6656
skills/jspsych/references/documentation/other/survey-multi-select.md	text	5452
skills/jspsych/references/documentation/other/survey-text.md	text	6940
skills/jspsych/references/documentation/other/survey.md	text	46601
skills/jspsych/references/documentation/other/timeline.md	text	24149
skills/jspsych/references/documentation/other/timing-accuracy.md	text	3848
skills/jspsych/references/documentation/other/video-button-response.md	text	9011
skills/jspsych/references/documentation/other/video-keyboard-response.md	text	8633
skills/jspsych/references/documentation/other/video-slider-response.md	text	8145
skills/jspsych/references/documentation/other/virtual-chinrest.md	text	18504
skills/jspsych/references/documentation/other/visual-search-circle.md	text	8828
skills/jspsych/references/documentation/other/webgazer-calibrate.md	text	3158
skills/jspsych/references/documentation/other/webgazer-init-camera.md	text	2259
skills/jspsych/references/documentation/other/webgazer-validate.md	text	4257
skills/jspsych/references/documentation/other/webgazer.md	text	8634
skills/jspsych/references/documentation/overview/README.md	text	4791
skills/jspsych/references/documentation/overview/contributors.md	text	3618
skills/mne-python/SKILL.md	text	3503
skills/mne-python/code/README.md	text	897
skills/mne-python/code/api_examples.md	text	1885
skills/mne-python/code/source_example_index.md	text	1458
skills/mne-python/code/source_snippets/documentation_snippets.md	text	3782
skills/mne-python/code/source_snippets/source_test_snippets.md	text	21876
skills/mne-python/code/source_snippets/tutorial_snippets.md	text	22331
skills/mne-python/code/tutorial_index.md	text	12855
skills/mne-python/code_analysis.json	json	17
skills/mne-python/quality_report.json	json	1279
skills/mne-python/references/.DS_Store	file	6148
skills/mne-python/references/documentation/api/connectivity.rst	text	170
skills/mne-python/references/documentation/api/covariance.rst	text	306
skills/mne-python/references/documentation/api/creating_from_arrays.rst	text	199
skills/mne-python/references/documentation/api/datasets.rst	text	1070
skills/mne-python/references/documentation/api/decoding.rst	text	722
skills/mne-python/references/documentation/api/events.rst	text	944
skills/mne-python/references/documentation/api/export.rst	text	269
skills/mne-python/references/documentation/api/file_io.rst	text	1180
skills/mne-python/references/documentation/api/forward.rst	text	1294
skills/mne-python/references/documentation/api/inverse.rst	text	1710
skills/mne-python/references/documentation/api/logging.rst	text	700
skills/mne-python/references/documentation/api/most_used_classes.rst	text	144
skills/mne-python/references/documentation/api/mri.rst	text	979
skills/mne-python/references/documentation/api/preprocessing.rst	text	4431
skills/mne-python/references/documentation/api/python_reference.rst	text	953
skills/mne-python/references/documentation/api/reading_raw_data.rst	text	1061
skills/mne-python/references/documentation/api/realtime.rst	text	116
skills/mne-python/references/documentation/api/report.rst	text	134
skills/mne-python/references/documentation/api/sensor_space.rst	text	619
skills/mne-python/references/documentation/api/simulation.rst	text	736
skills/mne-python/references/documentation/api/source_space.rst	text	791
skills/mne-python/references/documentation/api/statistics.rst	text	1401
skills/mne-python/references/documentation/api/time_frequency.rst	text	1311
skills/mne-python/references/documentation/contributing/CONTRIBUTING.md	text	2576
skills/mne-python/references/documentation/other/CONTRIBUTING.md	text	861
skills/mne-python/references/documentation/other/PULL_REQUEST_TEMPLATE.md	text	1756
skills/mne-python/references/documentation/other/README.md	text	712
skills/mne-python/references/documentation/other/README.rst	text	290
skills/mne-python/references/documentation/other/advanced.rst	text	10509
skills/mne-python/references/documentation/other/bem_model.rst	text	6549
skills/mne-python/references/documentation/other/bibliography.rst	text	212
skills/mne-python/references/documentation/other/channel_interpolation.rst	text	3648
skills/mne-python/references/documentation/other/channel_types.rst	text	4091
skills/mne-python/references/documentation/other/check_installation.rst	text	3282
skills/mne-python/references/documentation/other/cite.rst	text	1612
skills/mne-python/references/documentation/other/cited.rst	text	313
skills/mne-python/references/documentation/other/contributing.rst	text	49920
skills/mne-python/references/documentation/other/cookbook.rst	text	16883
skills/mne-python/references/documentation/other/credit.rst	text	251
skills/mne-python/references/documentation/other/data_formats.rst	text	4464
skills/mne-python/references/documentation/other/datasets.rst	text	19929
skills/mne-python/references/documentation/other/design_philosophy.rst	text	4234
skills/mne-python/references/documentation/other/dev.rst	text	155
skills/mne-python/references/documentation/other/dig_formats.rst	text	1938
skills/mne-python/references/documentation/other/faq.rst	text	18199
skills/mne-python/references/documentation/other/forward.rst	text	40303
skills/mne-python/references/documentation/other/freesurfer.rst	text	1126
skills/mne-python/references/documentation/other/funding.rst	text	2565
skills/mne-python/references/documentation/other/ged.rst	text	5695
skills/mne-python/references/documentation/other/glossary.rst	text	21762
skills/mne-python/references/documentation/other/governance.rst	text	17744
skills/mne-python/references/documentation/other/ides.rst	text	2679
skills/mne-python/references/documentation/other/implementation.rst	text	2633
skills/mne-python/references/documentation/other/index.rst	text	779
skills/mne-python/references/documentation/other/installers.rst	text	6193
skills/mne-python/references/documentation/other/institutional-partners.rst	text	2227
skills/mne-python/references/documentation/other/inverse.rst	text	26162
skills/mne-python/references/documentation/other/learn_python.rst	text	1093
skills/mne-python/references/documentation/other/manual_install.rst	text	3280
skills/mne-python/references/documentation/other/manual_install_python.rst	text	1542
skills/mne-python/references/documentation/other/memory.rst	text	2478
skills/mne-python/references/documentation/other/migrating.rst	text	10500
skills/mne-python/references/documentation/other/mne_c.rst	text	7482
skills/mne-python/references/documentation/other/mne_cpp.rst	text	1514
skills/mne-python/references/documentation/other/mne_tools_suite.rst	text	3048
skills/mne-python/references/documentation/other/morph.rst	text	5607
skills/mne-python/references/documentation/other/people.rst	text	1751
skills/mne-python/references/documentation/other/precision.rst	text	1477
skills/mne-python/references/documentation/other/roadmap.rst	text	14230
skills/mne-python/references/documentation/other/ssp.rst	text	5178
skills/mne-python/references/documentation/other/units.rst	text	1736
skills/mne-python/references/documentation/other/updating.rst	text	3077
skills/mne-python/references/documentation/overview/README.rst	text	4544
skills/mne-python/references/documentation/templates/class.rst	text	311
skills/mne-python/references/documentation/templates/class_no_inherited_members.rst	text	337
skills/mne-python/references/documentation/templates/class_no_members.rst	text	165
skills/mne-python/references/documentation/templates/function.rst	text	198
skills/mne-python/references/tutorials/-smart-ajd-raises/-smart-ajd-raises.md	text	2334
skills/mne-python/references/tutorials/1020-selection/1020-selection.md	text	3616
skills/mne-python/references/tutorials/3d-warning/3d-warning.md	text	3966
skills/mne-python/references/tutorials/5839/5839.md	text	3413
skills/mne-python/references/tutorials/accumulate-normals/accumulate-normals.md	text	2395
skills/mne-python/references/tutorials/acqparser-averaging/acqparser-averaging.md	text	3400
skills/mne-python/references/tutorials/acqparser/acqparser.md	text	4432
skills/mne-python/references/tutorials/ad-hoc-cov/ad-hoc-cov.md	text	3565
skills/mne-python/references/tutorials/add-background-image/add-background-image.md	text	2966
skills/mne-python/references/tutorials/add-bem-n-jobs/add-bem-n-jobs.md	text	3523
skills/mne-python/references/tutorials/add-channels/add-channels.md	text	6289
skills/mne-python/references/tutorials/add-custom-css/add-custom-css.md	text	2454
skills/mne-python/references/tutorials/add-custom-js/add-custom-js.md	text	2498
skills/mne-python/references/tutorials/add-events/add-events.md	text	3762
skills/mne-python/references/tutorials/add-patch-info/add-patch-info.md	text	3022
skills/mne-python/references/tutorials/add-reference-channels/add-reference-channels.md	text	3285
skills/mne-python/references/tutorials/add-reorder/add-reorder.md	text	3759
skills/mne-python/references/tutorials/add-sensors-scales/add-sensors-scales.md	text	3276
skills/mne-python/references/tutorials/add-source-space-distances-limited/add-source-space-distances-limited.md	text	3995
skills/mne-python/references/tutorials/add-source-space-distances/add-source-space-distances.md	text	4626
skills/mne-python/references/tutorials/adjacency-equiv/adjacency-equiv.md	text	2249
skills/mne-python/references/tutorials/adjacency-matches-ft/adjacency-matches-ft.md	text	2702
skills/mne-python/references/tutorials/ajd/ajd.md	text	2473
skills/mne-python/references/tutorials/all-reader-documented-in-docstring/all-reader-documented-in-docstring.md	text	1866
skills/mne-python/references/tutorials/all-reader-documented/all-reader-documented.md	text	3005
skills/mne-python/references/tutorials/all/all.md	text	3662
skills/mne-python/references/tutorials/annotate-nan/annotate-nan.md	text	3374
skills/mne-python/references/tutorials/annotation-concat/annotation-concat.md	text	5253
skills/mne-python/references/tutorials/annotation-epoching/annotation-epoching.md	text	3069
skills/mne-python/references/tutorials/annotation-omit/annotation-omit.md	text	3956
skills/mne-python/references/tutorials/annotations-and-preload/annotations-and-preload.md	text	3276
skills/mne-python/references/tutorials/annotations-without-offset/annotations-without-offset.md	text	3592
skills/mne-python/references/tutorials/api/api.md	text	1887
skills/mne-python/references/tutorials/apply-dics-csd/apply-dics-csd.md	text	3126
skills/mne-python/references/tutorials/apply-function-verbose/apply-function-verbose.md	text	3250
skills/mne-python/references/tutorials/apply-inverse-eloreta-mne-equiv/apply-inverse-eloreta-mne-equiv.md	text	3057
skills/mne-python/references/tutorials/apply-inverse-sphere/apply-inverse-sphere.md	text	4376
skills/mne-python/references/tutorials/ar-raw/ar-raw.md	text	2875
skills/mne-python/references/tutorials/array-copy/array-copy.md	text	3467
skills/mne-python/references/tutorials/auto-low-rank/auto-low-rank.md	text	4101
skills/mne-python/references/tutorials/auto-scale/auto-scale.md	text	3091
skills/mne-python/references/tutorials/average-forward-solution/average-forward-solution.md	text	4413
skills/mne-python/references/tutorials/average-quats/average-quats.md	text	3705
skills/mne-python/references/tutorials/averaging-epochstfr/averaging-epochstfr.md	text	4176
skills/mne-python/references/tutorials/averaging-freqsandtimes-epochstfr/averaging-freqsandtimes-epochstfr.md	text	5684
skills/mne-python/references/tutorials/basic-reading-and-min-process/basic-reading-and-min-process.md	text	1600
skills/mne-python/references/tutorials/bdf-data/bdf-data.md	text	3239
skills/mne-python/references/tutorials/beer-lambert-sd-distances/beer-lambert-sd-distances.md	text	4917
skills/mne-python/references/tutorials/beer-lambert-v-matlab/beer-lambert-v-matlab.md	text	2705
skills/mne-python/references/tutorials/beer-lambert/beer-lambert.md	text	4202
skills/mne-python/references/tutorials/bem-model-topology/bem-model-topology.md	text	2879
skills/mne-python/references/tutorials/bids-split-files/bids-split-files.md	text	3023
skills/mne-python/references/tutorials/box-size/box-size.md	text	6032
skills/mne-python/references/tutorials/boxy-filetypes/boxy-filetypes.md	text	2532
skills/mne-python/references/tutorials/boxy-load/boxy-load.md	text	3319
skills/mne-python/references/tutorials/brain-linkviewer/brain-linkviewer.md	text	3581
skills/mne-python/references/tutorials/brain-save-movie/brain-save-movie.md	text	3862
skills/mne-python/references/tutorials/brain-scraper/brain-scraper.md	text	4070
skills/mne-python/references/tutorials/brain-screenshot/brain-screenshot.md	text	2422
skills/mne-python/references/tutorials/bytes-io/bytes-io.md	text	1986
skills/mne-python/references/tutorials/cache-dir/cache-dir.md	text	3699
skills/mne-python/references/tutorials/calculate-chpi-coil-locs-artemis/calculate-chpi-coil-locs-artemis.md	text	6450
skills/mne-python/references/tutorials/calculate-chpi-positions-artemis/calculate-chpi-positions-artemis.md	text	1625
skills/mne-python/references/tutorials/calculate-chpi-positions-preload/calculate-chpi-positions-preload.md	text	1977
skills/mne-python/references/tutorials/calculate-chpi-snr/calculate-chpi-snr.md	text	3487
skills/mne-python/references/tutorials/calculate-head-pos-chpi-on-chpi5-in-one-second-steps/calculate-head-pos-chpi-on-chpi5-in-one-second-steps.md	text	2010
skills/mne-python/references/tutorials/calculate-head-pos-chpi-on-chpi5-in-shorter-steps/calculate-head-pos-chpi-on-chpi5-in-shorter-steps.md	text	2088
skills/mne-python/references/tutorials/calibration-newlines/calibration-newlines.md	text	3677
skills/mne-python/references/tutorials/ch-loc/ch-loc.md	text	3444
skills/mne-python/references/tutorials/ch-names-comma/ch-names-comma.md	text	3278
skills/mne-python/references/tutorials/channel-order/channel-order.md	text	1780
skills/mne-python/references/tutorials/check-info-inv/check-info-inv.md	text	5037
skills/mne-python/references/tutorials/check-sphere/check-sphere.md	text	5235
skills/mne-python/references/tutorials/chpi-adjust/chpi-adjust.md	text	4081
skills/mne-python/references/tutorials/chunk-duration/chunk-duration.md	text	3838
skills/mne-python/references/tutorials/clean-eog-ecg/clean-eog-ecg.md	text	2125
skills/mne-python/references/tutorials/clean-info-bads/clean-info-bads.md	text	4141
skills/mne-python/references/tutorials/clickable-image/clickable-image.md	text	2490
skills/mne-python/references/tutorials/cluster-permutation-t-test/cluster-permutation-t-test.md	text	5580
skills/mne-python/references/tutorials/cluster-permutation-test/cluster-permutation-test.md	text	3509
skills/mne-python/references/tutorials/coil-trans/coil-trans.md	text	1863
skills/mne-python/references/tutorials/combine-channels-metadata/combine-channels-metadata.md	text	2195
skills/mne-python/references/tutorials/combine-spectrum/combine-spectrum.md	text	2973
skills/mne-python/references/tutorials/combining-digmontage-forbiden-behaviors/combining-digmontage-forbiden-behaviors.md	text	3287
skills/mne-python/references/tutorials/combining-digmontage-objects/combining-digmontage-objects.md	text	5877
skills/mne-python/references/tutorials/compare-events-and-annotations/compare-events-and-annotations.md	text	748
skills/mne-python/references/tutorials/compares-psd/compares-psd.md	text	3223
skills/mne-python/references/tutorials/compensation-apply/compensation-apply.md	text	3259
skills/mne-python/references/tutorials/compensation-identity/compensation-identity.md	text	2505
skills/mne-python/references/tutorials/compensation-mne/compensation-mne.md	text	4438
skills/mne-python/references/tutorials/complex-multitaper/complex-multitaper.md	text	2059
skills/mne-python/references/tutorials/compute-bridged-electrodes/compute-bridged-electrodes.md	text	3392
skills/mne-python/references/tutorials/compute-corr/compute-corr.md	text	2189
skills/mne-python/references/tutorials/compute-debiasing/compute-debiasing.md	text	2146
skills/mne-python/references/tutorials/compute-distance-to-sensors/compute-distance-to-sensors.md	text	4818
skills/mne-python/references/tutorials/compute-nearest/compute-nearest.md	text	3727
skills/mne-python/references/tutorials/compute-proj-ctf/compute-proj-ctf.md	text	4539
skills/mne-python/references/tutorials/compute-proj-ecg/compute-proj-ecg.md	text	1218
skills/mne-python/references/tutorials/compute-proj-eog/compute-proj-eog.md	text	1161
skills/mne-python/references/tutorials/compute-proj-exg/compute-proj-exg.md	text	2364
skills/mne-python/references/tutorials/compute-proj-parallel/compute-proj-parallel.md	text	3326
skills/mne-python/references/tutorials/compute-tfr-correct/compute-tfr-correct.md	text	2343
skills/mne-python/references/tutorials/compute-whitener-rank/compute-whitener-rank.md	text	2715
skills/mne-python/references/tutorials/concatenate-images/concatenate-images.md	text	1779
skills/mne-python/references/tutorials/concatenate-raw-dev-head-t/concatenate-raw-dev-head-t.md	text	1864
skills/mne-python/references/tutorials/concatenate-raws-bads-order/concatenate-raws-bads-order.md	text	3692
skills/mne-python/references/tutorials/concatenate-raws-different-subtypes/concatenate-raws-different-subtypes.md	text	2732
skills/mne-python/references/tutorials/concatenate-raws-order/concatenate-raws-order.md	text	3687
skills/mne-python/references/tutorials/concatenate-raws/concatenate-raws.md	text	2038
skills/mne-python/references/tutorials/confidence/confidence.md	text	3898
skills/mne-python/references/tutorials/consistency/consistency.md	text	1798
skills/mne-python/references/tutorials/continuous-regression-no-overlap/continuous-regression-no-overlap.md	text	3412
skills/mne-python/references/tutorials/continuous-regression-with-overlap/continuous-regression-with-overlap.md	text	3563
skills/mne-python/references/tutorials/convert-forward/convert-forward.md	text	3565
skills/mne-python/references/tutorials/coodinates-extraction/coodinates-extraction.md	text	2094
skills/mne-python/references/tutorials/coord-frame-consistency/coord-frame-consistency.md	text	2138
skills/mne-python/references/tutorials/coreg-class-init/coreg-class-init.md	text	2493
skills/mne-python/references/tutorials/coreg-gui-pyvista-file-support/coreg-gui-pyvista-file-support.md	text	2969
skills/mne-python/references/tutorials/coreg-gui-scraper/coreg-gui-scraper.md	text	2844
skills/mne-python/references/tutorials/coregister-fiducials/coregister-fiducials.md	text	2852
skills/mne-python/references/tutorials/correction/correction.md	text	3746
skills/mne-python/references/tutorials/cortical-signal-suppression/cortical-signal-suppression.md	text	4131
skills/mne-python/references/tutorials/cosine-score/cosine-score.md	text	3408
skills/mne-python/references/tutorials/cov-ctf/cov-ctf.md	text	3831
skills/mne-python/references/tutorials/cov-estimation-on-raw-reg/cov-estimation-on-raw-reg.md	text	1928
skills/mne-python/references/tutorials/cov-mismatch/cov-mismatch.md	text	3282
skills/mne-python/references/tutorials/cov-scaling/cov-scaling.md	text	3867
skills/mne-python/references/tutorials/create-calibration/create-calibration.md	text	3095
skills/mne-python/references/tutorials/create-events/create-events.md	text	2239
skills/mne-python/references/tutorials/crop-append/crop-append.md	text	1853
skills/mne-python/references/tutorials/crop-by-annotations/crop-by-annotations.md	text	3150
skills/mne-python/references/tutorials/crop-more/crop-more.md	text	4937
skills/mne-python/references/tutorials/crop-reset-first-samp/crop-reset-first-samp.md	text	2262
skills/mne-python/references/tutorials/cross-val-predict/cross-val-predict.md	text	3142
skills/mne-python/references/tutorials/csd-epochs/csd-epochs.md	text	2231
skills/mne-python/references/tutorials/csd-fif/csd-fif.md	text	3147
skills/mne-python/references/tutorials/csd-fourier/csd-fourier.md	text	4607
skills/mne-python/references/tutorials/csd-mean/csd-mean.md	text	4330
skills/mne-python/references/tutorials/csd-pickle/csd-pickle.md	text	2210
skills/mne-python/references/tutorials/csd-repr/csd-repr.md	text	2976
skills/mne-python/references/tutorials/csd-tfr/csd-tfr.md	text	3003
skills/mne-python/references/tutorials/csp-component-ordering/csp-component-ordering.md	text	2170
skills/mne-python/references/tutorials/csp-pipeline/csp-pipeline.md	text	1407
skills/mne-python/references/tutorials/csp-twoclass-symmetry/csp-twoclass-symmetry.md	text	2464
skills/mne-python/references/tutorials/ctps/ctps.md	text	2816
skills/mne-python/references/tutorials/cuda-fir/cuda-fir.md	text	4805
skills/mne-python/references/tutorials/cuda-resampling/cuda-resampling.md	text	2159
skills/mne-python/references/tutorials/db-computation/db-computation.md	text	3366
skills/mne-python/references/tutorials/decimate-surface-vtk/decimate-surface-vtk.md	text	2757
skills/mne-python/references/tutorials/decimate/decimate.md	text	3067
skills/mne-python/references/tutorials/define-events/define-events.md	text	3296
skills/mne-python/references/tutorials/degenerate/degenerate.md	text	3333
skills/mne-python/references/tutorials/depth-does-not-matter/depth-does-not-matter.md	text	2673
skills/mne-python/references/tutorials/describe-print/describe-print.md	text	2503
skills/mne-python/references/tutorials/dev-head-t/dev-head-t.md	text	955
skills/mne-python/references/tutorials/dgapl21l1/dgapl21l1.md	text	5233
skills/mne-python/references/tutorials/dig-montage-trans/dig-montage-trans.md	text	3356
skills/mne-python/references/tutorials/dipole-fitting-ctf/dipole-fitting-ctf.md	text	1992
skills/mne-python/references/tutorials/discrete-source-space/discrete-source-space.md	text	5047
skills/mne-python/references/tutorials/distance-to-bem/distance-to-bem.md	text	3474
skills/mne-python/references/tutorials/dot-names/dot-names.md	text	2123
skills/mne-python/references/tutorials/double-export-edf/double-export-edf.md	text	4208
skills/mne-python/references/tutorials/dpss-windows/dpss-windows.md	text	2718
skills/mne-python/references/tutorials/drop-channels-mixin/drop-channels-mixin.md	text	3181
skills/mne-python/references/tutorials/edf-data-broken/edf-data-broken.md	text	4087
skills/mne-python/references/tutorials/edf-different-sfreqs/edf-different-sfreqs.md	text	3631
skills/mne-python/references/tutorials/edf-padding/edf-padding.md	text	4566
skills/mne-python/references/tutorials/edf-physical-range/edf-physical-range.md	text	3554
skills/mne-python/references/tutorials/edf-temperature/edf-temperature.md	text	2186
skills/mne-python/references/tutorials/eeglab-drop-nan-annotations/eeglab-drop-nan-annotations.md	text	2611
skills/mne-python/references/tutorials/eeglab-event-from-annot/eeglab-event-from-annot.md	text	2194
skills/mne-python/references/tutorials/eeglab-read-annotations/eeglab-read-annotations.md	text	2590
skills/mne-python/references/tutorials/egi-coord-frame/egi-coord-frame.md	text	3008
skills/mne-python/references/tutorials/egi-mff-pause-chunks/egi-mff-pause-chunks.md	text	2080
skills/mne-python/references/tutorials/egi-mff-pause/egi-mff-pause.md	text	4825
skills/mne-python/references/tutorials/eog-channel/eog-channel.md	text	4099
skills/mne-python/references/tutorials/epoch-combine-ids/epoch-combine-ids.md	text	2240
skills/mne-python/references/tutorials/epoch-multi-ids/epoch-multi-ids.md	text	2931
skills/mne-python/references/tutorials/epochs-bad-baseline/epochs-bad-baseline.md	text	3678
skills/mne-python/references/tutorials/epochs-hash/epochs-hash.md	text	2428
skills/mne-python/references/tutorials/epochs/epochs.md	text	1907
skills/mne-python/references/tutorials/eq-ne/eq-ne.md	text	1988
skills/mne-python/references/tutorials/equalize-bads/equalize-bads.md	text	2787
skills/mne-python/references/tutorials/equalize-channels/equalize-channels.md	text	4203
skills/mne-python/references/tutorials/esss/esss.md	text	5426
skills/mne-python/references/tutorials/estimate-montage-units/estimate-montage-units.md	text	3208
skills/mne-python/references/tutorials/event-color-dict/event-color-dict.md	text	2712
skills/mne-python/references/tutorials/event-colors/event-colors.md	text	2086
skills/mne-python/references/tutorials/event-id-function-default/event-id-function-default.md	text	2844
skills/mne-python/references/tutorials/event-id-function-using-custom-function/event-id-function-using-custom-function.md	text	2216
skills/mne-python/references/tutorials/event-id-stability-when-save-and-fif-reload/event-id-stability-when-save-and-fif-reload.md	text	2270
skills/mne-python/references/tutorials/event-ordering/event-ordering.md	text	2190
skills/mne-python/references/tutorials/event-repeated/event-repeated.md	text	3104
skills/mne-python/references/tutorials/events-from-annot-with-tolerance/events-from-annot-with-tolerance.md	text	3192
skills/mne-python/references/tutorials/events-from-annotation-orig-time-none/events-from-annotation-orig-time-none.md	text	2855
skills/mne-python/references/tutorials/evoked-aspects/evoked-aspects.md	text	1899
skills/mne-python/references/tutorials/evoked-detrend/evoked-detrend.md	text	1593
skills/mne-python/references/tutorials/evoked-proj/evoked-proj.md	text	3303
skills/mne-python/references/tutorials/eximia-nxe/eximia-nxe.md	text	3696
skills/mne-python/references/tutorials/expand/expand.md	text	2995
skills/mne-python/references/tutorials/export-edf-annotations/export-edf-annotations.md	text	4991
skills/mne-python/references/tutorials/export-raw-edf-does-not-fail-on-empty-header-fields/export-raw-edf-does-not-fail-on-empty-header-fields.md	text	2172
skills/mne-python/references/tutorials/export-raw-edf/export-raw-edf.md	text	2763
skills/mne-python/references/tutorials/export-raw-eeglab-annotations/export-raw-eeglab-annotations.md	text	4146
skills/mne-python/references/tutorials/export-raw-eeglab/export-raw-eeglab.md	text	4042
skills/mne-python/references/tutorials/export-raw-pybv/export-raw-pybv.md	text	3333
skills/mne-python/references/tutorials/extract-label-time-course-equiv/extract-label-time-course-equiv.md	text	3559
skills/mne-python/references/tutorials/eyelink/eyelink.md	text	3595
skills/mne-python/references/tutorials/f-oneway-hat-small-variance/f-oneway-hat-small-variance.md	text	2289
skills/mne-python/references/tutorials/f-oneway-hat/f-oneway-hat.md	text	2464
skills/mne-python/references/tutorials/f1-score/f1-score.md	text	3747
skills/mne-python/references/tutorials/fast-cross-3d/fast-cross-3d.md	text	1614
skills/mne-python/references/tutorials/fidsposition-information/fidsposition-information.md	text	3367
skills/mne-python/references/tutorials/fiducials-io/fiducials-io.md	text	2918
skills/mne-python/references/tutorials/fiducials/fiducials.md	text	3664
skills/mne-python/references/tutorials/fil-bad-channel-spec/fil-bad-channel-spec.md	text	2109
skills/mne-python/references/tutorials/fil-complete/fil-complete.md	text	1873
skills/mne-python/references/tutorials/fil-no-positions/fil-no-positions.md	text	2145
skills/mne-python/references/tutorials/fill-times/fill-times.md	text	3255
skills/mne-python/references/tutorials/filter-picks/filter-picks.md	text	3551
skills/mne-python/references/tutorials/filterestimator/filterestimator.md	text	4496
skills/mne-python/references/tutorials/find-centroid/find-centroid.md	text	3572
skills/mne-python/references/tutorials/find-eog/find-eog.md	text	2541
skills/mne-python/references/tutorials/find-events-backward-compatibility/find-events-backward-compatibility.md	text	2120
skills/mne-python/references/tutorials/fit-matched-points/fit-matched-points.md	text	4455
skills/mne-python/references/tutorials/fit-methods/fit-methods.md	text	3226
skills/mne-python/references/tutorials/fix-stim/fix-stim.md	text	1884
skills/mne-python/references/tutorials/fnirs-channel-naming-and-order-custom-chroma/fnirs-channel-naming-and-order-custom-chroma.md	text	5487
skills/mne-python/references/tutorials/fnirs-channel-naming-and-order-custom-optical-density/fnirs-channel-naming-and-order-custom-optical-density.md	text	4951
skills/mne-python/references/tutorials/fnirs-check-bads/fnirs-check-bads.md	text	3859
skills/mne-python/references/tutorials/fnirs-spread-bads/fnirs-spread-bads.md	text	3158
skills/mne-python/references/tutorials/forward-mixed-source-space/forward-mixed-source-space.md	text	4386
skills/mne-python/references/tutorials/frame-info/frame-info.md	text	2522
skills/mne-python/references/tutorials/fullscreen/fullscreen.md	text	1441
skills/mne-python/references/tutorials/gamma-map-standard/gamma-map-standard.md	text	6255
skills/mne-python/references/tutorials/gamma-map-vol-sphere/gamma-map-vol-sphere.md	text	5350
skills/mne-python/references/tutorials/gdf-data/gdf-data.md	text	3311
skills/mne-python/references/tutorials/gdf-read-from-file-like/gdf-read-from-file-like.md	text	2186
skills/mne-python/references/tutorials/gdf2-birthday/gdf2-birthday.md	text	3737
skills/mne-python/references/tutorials/gdf2-data/gdf2-data.md	text	3057
skills/mne-python/references/tutorials/ged-binary-cov/ged-binary-cov.md	text	5690
skills/mne-python/references/tutorials/ged-validation-raises/ged-validation-raises.md	text	2055
skills/mne-python/references/tutorials/generate-2d-layout/generate-2d-layout.md	text	3211
skills/mne-python/references/tutorials/generate-stc-single-hemi/generate-stc-single-hemi.md	text	3991
skills/mne-python/references/tutorials/get-channel-types-equiv/get-channel-types-equiv.md	text	2301
skills/mne-python/references/tutorials/get-coef-inverse-transform/get-coef-inverse-transform.md	text	3472
skills/mne-python/references/tutorials/get-coef-multiclass-full/get-coef-multiclass-full.md	text	4838
skills/mne-python/references/tutorials/get-colormap-from-array/get-colormap-from-array.md	text	2029
skills/mne-python/references/tutorials/get-data-reject/get-data-reject.md	text	3277
skills/mne-python/references/tutorials/get-data-tmin-tmax/get-data-tmin-tmax.md	text	3379
skills/mne-python/references/tutorials/get-data/get-data.md	text	3454
skills/mne-python/references/tutorials/get-inst-data/get-inst-data.md	text	2979
skills/mne-python/references/tutorials/get-mni-fiducials/get-mni-fiducials.md	text	2046
skills/mne-python/references/tutorials/get-montage-info-with-ch-type/get-montage-info-with-ch-type.md	text	3465
skills/mne-python/references/tutorials/get-montage-volume-labels/get-montage-volume-labels.md	text	3717
skills/mne-python/references/tutorials/get-ras-to-neuromag-trans/get-ras-to-neuromag-trans.md	text	2989
skills/mne-python/references/tutorials/get-sd-distances/get-sd-distances.md	text	3951
skills/mne-python/references/tutorials/get-set-sensor-positions/get-set-sensor-positions.md	text	2741
skills/mne-python/references/tutorials/get-spectral-ratio/get-spectral-ratio.md	text	3389
skills/mne-python/references/tutorials/grand-average/grand-average.md	text	1824
skills/mne-python/references/tutorials/guide_collection.json	json	11823556
skills/mne-python/references/tutorials/handle-default/handle-default.md	text	1683
skills/mne-python/references/tutorials/has-source-detector-distances/has-source-detector-distances.md	text	2390
skills/mne-python/references/tutorials/hash-raw/hash-raw.md	text	2322
skills/mne-python/references/tutorials/hashfunc/hashfunc.md	text	2286
skills/mne-python/references/tutorials/head-to-mni/head-to-mni.md	text	2433
skills/mne-python/references/tutorials/head-translation/head-translation.md	text	4429
skills/mne-python/references/tutorials/heart-artifact-removal/heart-artifact-removal.md	text	2811
skills/mne-python/references/tutorials/helmet/helmet.md	text	3686
skills/mne-python/references/tutorials/hierarchical/hierarchical.md	text	3802
skills/mne-python/references/tutorials/hpi-info/hpi-info.md	text	4382
skills/mne-python/references/tutorials/href-eye-events/href-eye-events.md	text	3145
skills/mne-python/references/tutorials/hsp-elp/hsp-elp.md	text	3231
skills/mne-python/references/tutorials/html-repr/html-repr.md	text	2164
skills/mne-python/references/tutorials/ica-ctf/ica-ctf.md	text	4307
skills/mne-python/references/tutorials/ica-n-iter-/ica-n-iter-.md	text	3300
skills/mne-python/references/tutorials/ica-rank-reduction/ica-rank-reduction.md	text	3045
skills/mne-python/references/tutorials/ica-reject-buffer/ica-reject-buffer.md	text	2801
skills/mne-python/references/tutorials/ica-reset/ica-reset.md	text	3060
skills/mne-python/references/tutorials/ica-twice/ica-twice.md	text	2963
skills/mne-python/references/tutorials/ignore-marker-types/ignore-marker-types.md	text	2536
skills/mne-python/references/tutorials/iir-phase/iir-phase.md	text	2584
skills/mne-python/references/tutorials/image-screenshot/image-screenshot.md	text	4106
skills/mne-python/references/tutorials/incomplete-file-suite/incomplete-file-suite.md	text	4738
skills/mne-python/references/tutorials/index.md	text	96583
skills/mne-python/references/tutorials/info-serialization-edf/info-serialization-edf.md	text	2366
skills/mne-python/references/tutorials/info-serialization-numpy-arrays/info-serialization-numpy-arrays.md	text	4663
skills/mne-python/references/tutorials/info-serialization-roundtrip/info-serialization-roundtrip.md	text	2300
skills/mne-python/references/tutorials/info-serialization-special-types/info-serialization-special-types.md	text	3422
skills/mne-python/references/tutorials/infomax-blowup/infomax-blowup.md	text	3141
skills/mne-python/references/tutorials/infomax-weights-ini/infomax-weights-ini.md	text	1779
skills/mne-python/references/tutorials/initial-fit-redo/initial-fit-redo.md	text	5763
skills/mne-python/references/tutorials/interpolate-meg-ctf/interpolate-meg-ctf.md	text	3219
skills/mne-python/references/tutorials/interpolate-to-meg/interpolate-to-meg.md	text	3677
skills/mne-python/references/tutorials/interpolation-ecog/interpolation-ecog.md	text	2700
skills/mne-python/references/tutorials/interpolation-nirs-reordered-picks/interpolation-nirs-reordered-picks.md	text	3858
skills/mne-python/references/tutorials/interpolation-nirs/interpolation-nirs.md	text	3959
skills/mne-python/references/tutorials/invalid-arguments/invalid-arguments.md	text	4131
skills/mne-python/references/tutorials/invalid-headers/invalid-headers.md	text	3670
skills/mne-python/references/tutorials/inverse-coef/inverse-coef.md	text	3524
skills/mne-python/references/tutorials/inverse-residual/inverse-residual.md	text	4563
skills/mne-python/references/tutorials/io-amp-disconnection/io-amp-disconnection.md	text	3222
skills/mne-python/references/tutorials/io-annotation/io-annotation.md	text	3420
skills/mne-python/references/tutorials/io-c-annot/io-c-annot.md	text	2153
skills/mne-python/references/tutorials/io-coord-frame/io-coord-frame.md	text	2103
skills/mne-python/references/tutorials/io-data/io-data.md	text	5412
skills/mne-python/references/tutorials/io-egi-pns-mff-bug/io-egi-pns-mff-bug.md	text	4230
skills/mne-python/references/tutorials/io-egi-pns-mff/io-egi-pns-mff.md	text	4828
skills/mne-python/references/tutorials/io-head-bem/io-head-bem.md	text	3118
skills/mne-python/references/tutorials/io-info-parse-eog/io-info-parse-eog.md	text	1809
skills/mne-python/references/tutorials/io-mrk/io-mrk.md	text	2064
skills/mne-python/references/tutorials/io-set-epochs-events/io-set-epochs-events.md	text	2821
skills/mne-python/references/tutorials/io-set-raw/io-set-raw.md	text	4145
skills/mne-python/references/tutorials/io-stc-h5/io-stc-h5.md	text	4763
skills/mne-python/references/tutorials/io-surface/io-surface.md	text	3954
skills/mne-python/references/tutorials/io-trans/io-trans.md	text	2632
skills/mne-python/references/tutorials/io-w/io-w.md	text	2503
skills/mne-python/references/tutorials/iterable/iterable.md	text	990
skills/mne-python/references/tutorials/iterative-reweighted-tfmxne/iterative-reweighted-tfmxne.md	text	4061
skills/mne-python/references/tutorials/l1-basis-orientations/l1-basis-orientations.md	text	3488
skills/mne-python/references/tutorials/label-center-of-mass/label-center-of-mass.md	text	6477
skills/mne-python/references/tutorials/label-fill-restrict/label-fill-restrict.md	text	4466
skills/mne-python/references/tutorials/label-io/label-io.md	text	2404
skills/mne-python/references/tutorials/label-sign-flip/label-sign-flip.md	text	3759
skills/mne-python/references/tutorials/labels-to-stc/labels-to-stc.md	text	2661
skills/mne-python/references/tutorials/lcmv-cov/lcmv-cov.md	text	4328
skills/mne-python/references/tutorials/lcmv-ctf-comp/lcmv-ctf-comp.md	text	3107
skills/mne-python/references/tutorials/lcmv-fieldtrip/lcmv-fieldtrip.md	text	3699
skills/mne-python/references/tutorials/lcmv-maxfiltered/lcmv-maxfiltered.md	text	2586
skills/mne-python/references/tutorials/legendre-table/legendre-table.md	text	1945
skills/mne-python/references/tutorials/legendre-val/legendre-val.md	text	5438
skills/mne-python/references/tutorials/len-index-dipoles/len-index-dipoles.md	text	1864
skills/mne-python/references/tutorials/linkcode-resolve/linkcode-resolve.md	text	2127
skills/mne-python/references/tutorials/load-bad-channels/load-bad-channels.md	text	3837
skills/mne-python/references/tutorials/locale-encoding/locale-encoding.md	text	3277
skills/mne-python/references/tutorials/localization-bias-fixed/localization-bias-fixed.md	text	2384
skills/mne-python/references/tutorials/localization-bias-free/localization-bias-free.md	text	2973
skills/mne-python/references/tutorials/localization-bias-loose/localization-bias-loose.md	text	3599
skills/mne-python/references/tutorials/long-names/long-names.md	text	2456
skills/mne-python/references/tutorials/low-rank-methods/low-rank-methods.md	text	3440
skills/mne-python/references/tutorials/machine-info/machine-info.md	text	1795
skills/mne-python/references/tutorials/magnetic-dipole/magnetic-dipole.md	text	3836
skills/mne-python/references/tutorials/make-bem-model/make-bem-model.md	text	3388
skills/mne-python/references/tutorials/make-dig-points/make-dig-points.md	text	4422
skills/mne-python/references/tutorials/make-eeg-average-ref-proj/make-eeg-average-ref-proj.md	text	3189
skills/mne-python/references/tutorials/make-eeg-layout/make-eeg-layout.md	text	3850
skills/mne-python/references/tutorials/make-field-map-eeg/make-field-map-eeg.md	text	3058
skills/mne-python/references/tutorials/make-field-map-meeg/make-field-map-meeg.md	text	3942
skills/mne-python/references/tutorials/make-field-map-meg/make-field-map-meg.md	text	5739
skills/mne-python/references/tutorials/make-forward-no-meg/make-forward-no-meg.md	text	3465
skills/mne-python/references/tutorials/make-forward-solution-bti/make-forward-solution-bti.md	text	2787
skills/mne-python/references/tutorials/make-forward-solution-discrete/make-forward-solution-discrete.md	text	2183
skills/mne-python/references/tutorials/make-forward-solution-kit/make-forward-solution-kit.md	text	4582
skills/mne-python/references/tutorials/make-forward-solution-openmeeg/make-forward-solution-openmeeg.md	text	4224
skills/mne-python/references/tutorials/make-forward-solution-sphere/make-forward-solution-sphere.md	text	6194
skills/mne-python/references/tutorials/make-forward-sphere-exclude/make-forward-sphere-exclude.md	text	5143
skills/mne-python/references/tutorials/make-grid-layout/make-grid-layout.md	text	2904
skills/mne-python/references/tutorials/make-info/make-info.md	text	4347
skills/mne-python/references/tutorials/make-inverse-operator-fixed/make-inverse-operator-fixed.md	text	4855
skills/mne-python/references/tutorials/make-inverse-operator-loose/make-inverse-operator-loose.md	text	4485
skills/mne-python/references/tutorials/make-lcmv-sphere/make-lcmv-sphere.md	text	4058
skills/mne-python/references/tutorials/make-montage-volume/make-montage-volume.md	text	4535
skills/mne-python/references/tutorials/make-morph-maps/make-morph-maps.md	text	3739
skills/mne-python/references/tutorials/make-sphere-model/make-sphere-model.md	text	3268
skills/mne-python/references/tutorials/map-effects/map-effects.md	text	2204
skills/mne-python/references/tutorials/marching-cubes/marching-cubes.md	text	4100
skills/mne-python/references/tutorials/match-event-names/match-event-names.md	text	3959
skills/mne-python/references/tutorials/maxwell-filter-additional/maxwell-filter-additional.md	text	3924
skills/mne-python/references/tutorials/meas-date-convert/meas-date-convert.md	text	2087
skills/mne-python/references/tutorials/meas-date/meas-date.md	text	2335
skills/mne-python/references/tutorials/mef-record-annotations/mef-record-annotations.md	text	3507
skills/mne-python/references/tutorials/mef-scaling-matches-pymef/mef-scaling-matches-pymef.md	text	3139
skills/mne-python/references/tutorials/merge-events/merge-events.md	text	2269
skills/mne-python/references/tutorials/metrics/metrics.md	text	3857
skills/mne-python/references/tutorials/min-distance-fit-dipole/min-distance-fit-dipole.md	text	3702
skills/mne-python/references/tutorials/mne-python-vs-eeglab/mne-python-vs-eeglab.md	text	5285
skills/mne-python/references/tutorials/morlet/morlet.md	text	3269
skills/mne-python/references/tutorials/morph-labels/morph-labels.md	text	3322
skills/mne-python/references/tutorials/morph-stc-sparse/morph-stc-sparse.md	text	5803
skills/mne-python/references/tutorials/morph/morph.md	text	4032
skills/mne-python/references/tutorials/movement-compensation-smooth/movement-compensation-smooth.md	text	5274
skills/mne-python/references/tutorials/multi-block-misc-channels/multi-block-misc-channels.md	text	4783
skills/mne-python/references/tutorials/multi-pval-correction/multi-pval-correction.md	text	5298
skills/mne-python/references/tutorials/multiple-figs/multiple-figs.md	text	2968
skills/mne-python/references/tutorials/multitaper-psd/multitaper-psd.md	text	2606
skills/mne-python/references/tutorials/muscle-annotation/muscle-annotation.md	text	2685
skills/mne-python/references/tutorials/mxne-inverse-empty/mxne-inverse-empty.md	text	2846
skills/mne-python/references/tutorials/mxne-inverse-sure-meg/mxne-inverse-sure-meg.md	text	5278
skills/mne-python/references/tutorials/mxne-inverse-sure-synthetic/mxne-inverse-sure-synthetic.md	text	4367
skills/mne-python/references/tutorials/n-components-none/n-components-none.md	text	3270
skills/mne-python/references/tutorials/n-jobs/n-jobs.md	text	2582
skills/mne-python/references/tutorials/nan-interpolation/nan-interpolation.md	text	4050
skills/mne-python/references/tutorials/nan-trans/nan-trans.md	text	4054
skills/mne-python/references/tutorials/nedf-data/nedf-data.md	text	3307
skills/mne-python/references/tutorials/needs-eeg-average-ref-proj/needs-eeg-average-ref-proj.md	text	2509
skills/mne-python/references/tutorials/neuralynx-gaps/neuralynx-gaps.md	text	3488
skills/mne-python/references/tutorials/nihon-calibration/nihon-calibration.md	text	4316
skills/mne-python/references/tutorials/nihon-duplicate-channels/nihon-duplicate-channels.md	text	2273
skills/mne-python/references/tutorials/nirs-channel-grouping/nirs-channel-grouping.md	text	4086
skills/mne-python/references/tutorials/nirsport-v1-w-bad-sat/nirsport-v1-w-bad-sat.md	text	4458
skills/mne-python/references/tutorials/nirsport-v1-w-sat/nirsport-v1-w-sat.md	text	2380
skills/mne-python/references/tutorials/nirsport-v1-wo-sat/nirsport-v1-wo-sat.md	text	2213
skills/mne-python/references/tutorials/nirsport-v2/nirsport-v2.md	text	6554
skills/mne-python/references/tutorials/nirx-15-0/nirx-15-0.md	text	4897
skills/mne-python/references/tutorials/nirx-15-2/nirx-15-2.md	text	4248
skills/mne-python/references/tutorials/no-data-channels/no-data-channels.md	text	3062
skills/mne-python/references/tutorials/no-datetime/no-datetime.md	text	1902
skills/mne-python/references/tutorials/no-loc-none/no-loc-none.md	text	2590
skills/mne-python/references/tutorials/no-sparse-head/no-sparse-head.md	text	2513
skills/mne-python/references/tutorials/non-convergence/non-convergence.md	text	2116
skills/mne-python/references/tutorials/non-full-rank-data/non-full-rank-data.md	text	2650
skills/mne-python/references/tutorials/non-square-infomax/non-square-infomax.md	text	3709
skills/mne-python/references/tutorials/norm-epsilon/norm-epsilon.md	text	4799
skills/mne-python/references/tutorials/notch-filters/notch-filters.md	text	3378
skills/mne-python/references/tutorials/notebook-alignment/notebook-alignment.md	text	2713
skills/mne-python/references/tutorials/notebook-button-counts/notebook-button-counts.md	text	2797
skills/mne-python/references/tutorials/notebook-interactive/notebook-interactive.md	text	1173
skills/mne-python/references/tutorials/object-size/object-size.md	text	3068
skills/mne-python/references/tutorials/open-report/open-report.md	text	4080
skills/mne-python/references/tutorials/optical-density-manual/optical-density-manual.md	text	1885
skills/mne-python/references/tutorials/optical-density-zeromean/optical-density-zeromean.md	text	1412
skills/mne-python/references/tutorials/optode-names/optode-names.md	text	3337
skills/mne-python/references/tutorials/order/order.md	text	3269
skills/mne-python/references/tutorials/orientation-max-power/orientation-max-power.md	text	5108
skills/mne-python/references/tutorials/orientation-prior/orientation-prior.md	text	5114
skills/mne-python/references/tutorials/other-volume-source-spaces/other-volume-source-spaces.md	text	4434
skills/mne-python/references/tutorials/otp-real/otp-real.md	text	2149
skills/mne-python/references/tutorials/output-formats/output-formats.md	text	2663
skills/mne-python/references/tutorials/overlay-opacity-bad-shape/overlay-opacity-bad-shape.md	text	777
skills/mne-python/references/tutorials/overlay-opacity-per-vertex/overlay-opacity-per-vertex.md	text	821
skills/mne-python/references/tutorials/overrides-file-paths/overrides-file-paths.md	text	2939
skills/mne-python/references/tutorials/own-data/own-data.md	text	3341
skills/mne-python/references/tutorials/parallel-func-n-jobs-none/parallel-func-n-jobs-none.md	text	2140
skills/mne-python/references/tutorials/parallel-func/parallel-func.md	text	2620
skills/mne-python/references/tutorials/parse-annotation/parse-annotation.md	text	4473
skills/mne-python/references/tutorials/pca/pca.md	text	4550
skills/mne-python/references/tutorials/peak-finder/peak-finder.md	text	3242
skills/mne-python/references/tutorials/peak-position-error/peak-position-error.md	text	3297
skills/mne-python/references/tutorials/permutation-cluster-signs/permutation-cluster-signs.md	text	4064
skills/mne-python/references/tutorials/permutation-h0/permutation-h0.md	text	3307
skills/mne-python/references/tutorials/permutation-step-down-p/permutation-step-down-p.md	text	3491
skills/mne-python/references/tutorials/permutation-t-test/permutation-t-test.md	text	5134
skills/mne-python/references/tutorials/persyst-annotations/persyst-annotations.md	text	2185
skills/mne-python/references/tutorials/persyst-dates/persyst-dates.md	text	3168
skills/mne-python/references/tutorials/persyst-moved-file/persyst-moved-file.md	text	3159
skills/mne-python/references/tutorials/persyst-raw/persyst-raw.md	text	2265
skills/mne-python/references/tutorials/pick-bio/pick-bio.md	text	1572
skills/mne-python/references/tutorials/pick-channels-cov/pick-channels-cov.md	text	3580
skills/mne-python/references/tutorials/pick-channels-mixin/pick-channels-mixin.md	text	3198
skills/mne-python/references/tutorials/pick-csd/pick-csd.md	text	1663
skills/mne-python/references/tutorials/pick-dbs/pick-dbs.md	text	3427
skills/mne-python/references/tutorials/pick-fnirs/pick-fnirs.md	text	1810
skills/mne-python/references/tutorials/pick-seeg-ecog/pick-seeg-ecog.md	text	3620
skills/mne-python/references/tutorials/pick-types-csd/pick-types-csd.md	text	2198
skills/mne-python/references/tutorials/pickle/pickle.md	text	1518
skills/mne-python/references/tutorials/picks-arg/picks-arg.md	text	3454
skills/mne-python/references/tutorials/plot-alignment-fnirs/plot-alignment-fnirs.md	text	2531
skills/mne-python/references/tutorials/plot-alignment-ieeg/plot-alignment-ieeg.md	text	3302
skills/mne-python/references/tutorials/plot-alignment-meg/plot-alignment-meg.md	text	4133
skills/mne-python/references/tutorials/plot-calibration/plot-calibration.md	text	2912
skills/mne-python/references/tutorials/plot-chpi-snr/plot-chpi-snr.md	text	2765
skills/mne-python/references/tutorials/plot-connectivity-circle-label-orientation/plot-connectivity-circle-label-orientation.md	text	4186
skills/mne-python/references/tutorials/plot-cov/plot-cov.md	text	1960
skills/mne-python/references/tutorials/plot-csd/plot-csd.md	text	3287
skills/mne-python/references/tutorials/plot-ctf/plot-ctf.md	text	4788
skills/mne-python/references/tutorials/plot-defect-montage/plot-defect-montage.md	text	1649
skills/mne-python/references/tutorials/plot-dipole-mri-orthoview/plot-dipole-mri-orthoview.md	text	2805
skills/mne-python/references/tutorials/plot-dipole-mri-outlines/plot-dipole-mri-outlines.md	text	2690
skills/mne-python/references/tutorials/plot-epochs-ctf/plot-epochs-ctf.md	text	2588
skills/mne-python/references/tutorials/plot-epochs-keypresses/plot-epochs-keypresses.md	text	2417
skills/mne-python/references/tutorials/plot-epochs-scale-bar/plot-epochs-scale-bar.md	text	1701
skills/mne-python/references/tutorials/plot-evoked-cov/plot-evoked-cov.md	text	2797
skills/mne-python/references/tutorials/plot-evoked-field-notebook/plot-evoked-field-notebook.md	text	4132
skills/mne-python/references/tutorials/plot-evoked-topomap-border/plot-evoked-topomap-border.md	text	3742
skills/mne-python/references/tutorials/plot-head-positions/plot-head-positions.md	text	3709
skills/mne-python/references/tutorials/plot-heatmap/plot-heatmap.md	text	3866
skills/mne-python/references/tutorials/plot-ica-scores/plot-ica-scores.md	text	4528
skills/mne-python/references/tutorials/plot-instance-components/plot-instance-components.md	text	3917
skills/mne-python/references/tutorials/plot-joint/plot-joint.md	text	4962
skills/mne-python/references/tutorials/plot-montage-scale/plot-montage-scale.md	text	1786
skills/mne-python/references/tutorials/plot-montage/plot-montage.md	text	820
skills/mne-python/references/tutorials/plot-multitaper-complex-phase/plot-multitaper-complex-phase.md	text	2385
skills/mne-python/references/tutorials/plot-overlapping-epochs-with-events/plot-overlapping-epochs-with-events.md	text	3688
skills/mne-python/references/tutorials/plot-projs-joint/plot-projs-joint.md	text	5125
skills/mne-python/references/tutorials/plot-projs-topomap/plot-projs-topomap.md	text	3342
skills/mne-python/references/tutorials/plot-psd-epochs-ctf/plot-psd-epochs-ctf.md	text	2287
skills/mne-python/references/tutorials/plot-psd-epochs/plot-psd-epochs.md	text	3889
skills/mne-python/references/tutorials/plot-psds-topomap-colorbar/plot-psds-topomap-colorbar.md	text	2728
skills/mne-python/references/tutorials/plot-source-spectrogram/plot-source-spectrogram.md	text	2467
skills/mne-python/references/tutorials/plot-sparse-source-estimates/plot-sparse-source-estimates.md	text	4899
skills/mne-python/references/tutorials/plot-spectrum-array-with-bads/plot-spectrum-array-with-bads.md	text	1990
skills/mne-python/references/tutorials/plot-spectrum-db/plot-spectrum-db.md	text	3133
skills/mne-python/references/tutorials/plot-spectrum/plot-spectrum.md	text	4101
skills/mne-python/references/tutorials/plot-topo-image-epochs/plot-topo-image-epochs.md	text	3788
skills/mne-python/references/tutorials/plot-topo-single-ch/plot-topo-single-ch.md	text	3189
skills/mne-python/references/tutorials/plot-topomap-animation-csd/plot-topomap-animation-csd.md	text	2190
skills/mne-python/references/tutorials/plot-topomap-bads-grad/plot-topomap-bads-grad.md	text	1976
skills/mne-python/references/tutorials/plot-topomap-bads/plot-topomap-bads.md	text	2141
skills/mne-python/references/tutorials/plot-topomap-channel-distance/plot-topomap-channel-distance.md	text	2416
skills/mne-python/references/tutorials/plot-topomap-cnorm/plot-topomap-cnorm.md	text	2547
skills/mne-python/references/tutorials/plot-topomap-neuromag122/plot-topomap-neuromag122.md	text	2906
skills/mne-python/references/tutorials/plot-volume-source-estimates-morph/plot-volume-source-estimates-morph.md	text	4398
skills/mne-python/references/tutorials/plot-volume-source-estimates-on-vol-labels/plot-volume-source-estimates-on-vol-labels.md	text	4397
skills/mne-python/references/tutorials/plot-white-rank/plot-white-rank.md	text	2114
skills/mne-python/references/tutorials/plot/plot.md	text	4273
skills/mne-python/references/tutorials/plotting-scalebars/plotting-scalebars.md	text	4128
skills/mne-python/references/tutorials/plotting-temperature-gsr/plotting-temperature-gsr.md	text	2049
skills/mne-python/references/tutorials/polar-to-cartesian/polar-to-cartesian.md	text	2800
skills/mne-python/references/tutorials/position-information/position-information.md	text	3446
skills/mne-python/references/tutorials/precision-score/precision-score.md	text	4099
skills/mne-python/references/tutorials/prepare-topomap-plot-opm-non-quspin-coils/prepare-topomap-plot-opm-non-quspin-coils.md	text	3677
skills/mne-python/references/tutorials/priors/priors.md	text	4793
skills/mne-python/references/tutorials/process-clim-round-trip/process-clim-round-trip.md	text	5607
skills/mne-python/references/tutorials/progressbar-parallel-advanced/progressbar-parallel-advanced.md	text	2891
skills/mne-python/references/tutorials/progressbar-parallel-basic/progressbar-parallel-basic.md	text	1762
skills/mne-python/references/tutorials/progressbar-parallel-more/progressbar-parallel-more.md	text	3178
skills/mne-python/references/tutorials/proj-raw-duration/proj-raw-duration.md	text	3893
skills/mne-python/references/tutorials/project-onto-surface/project-onto-surface.md	text	3264
skills/mne-python/references/tutorials/project-sensors-onto-brain/project-sensors-onto-brain.md	text	4654
skills/mne-python/references/tutorials/psd-array-welch-nperseg-kwarg/psd-array-welch-nperseg-kwarg.md	text	2851
skills/mne-python/references/tutorials/psd-misaligned-nan-across-channels/psd-misaligned-nan-across-channels.md	text	1890
skills/mne-python/references/tutorials/psd-nan-in-data/psd-nan-in-data.md	text	1881
skills/mne-python/references/tutorials/psd-nan/psd-nan.md	text	3245
skills/mne-python/references/tutorials/psd/psd.md	text	2768
skills/mne-python/references/tutorials/psdestimator/psdestimator.md	text	3067
skills/mne-python/references/tutorials/qt-scraper/qt-scraper.md	text	2715
skills/mne-python/references/tutorials/quaternions/quaternions.md	text	3964
skills/mne-python/references/tutorials/random-parcellation/random-parcellation.md	text	3581
skills/mne-python/references/tutorials/random-permutation/random-permutation.md	text	1583
skills/mne-python/references/tutorials/rank-deficiency/rank-deficiency.md	text	2823
skills/mne-python/references/tutorials/rank-epochs/rank-epochs.md	text	2070
skills/mne-python/references/tutorials/rap-music-picks/rap-music-picks.md	text	1750
skills/mne-python/references/tutorials/rap-music-simulated/rap-music-simulated.md	text	4867
skills/mne-python/references/tutorials/rap-music-sphere/rap-music-sphere.md	text	3943
skills/mne-python/references/tutorials/raw-events/raw-events.md	text	3920
skills/mne-python/references/tutorials/raw-plot-theme-auto/raw-plot-theme-auto.md	text	3306
skills/mne-python/references/tutorials/raw-plot-theme/raw-plot-theme.md	text	3611
skills/mne-python/references/tutorials/rawarray-edf/rawarray-edf.md	text	3944
skills/mne-python/references/tutorials/rawctf-clean-names/rawctf-clean-names.md	text	3021
skills/mne-python/references/tutorials/read-annot/read-annot.md	text	4421
skills/mne-python/references/tutorials/read-builtin-ch-adjacency-picks/read-builtin-ch-adjacency-picks.md	text	2611
skills/mne-python/references/tutorials/read-calibration/read-calibration.md	text	5697
skills/mne-python/references/tutorials/read-ctf-annotations-smoke-test/read-ctf-annotations-smoke-test.md	text	3028
skills/mne-python/references/tutorials/read-ctf-annotations/read-ctf-annotations.md	text	5290
skills/mne-python/references/tutorials/read-ctf-mag-bad-comp/read-ctf-mag-bad-comp.md	text	4068
skills/mne-python/references/tutorials/read-curry-annotations/read-curry-annotations.md	text	3371
skills/mne-python/references/tutorials/read-curv/read-curv.md	text	1762
skills/mne-python/references/tutorials/read-dig-dat/read-dig-dat.md	text	4032
skills/mne-python/references/tutorials/read-dig-montage-using-polhemus-fastscan-error-handling/read-dig-montage-using-polhemus-fastscan-error-handling.md	text	2522
skills/mne-python/references/tutorials/read-dig-montage-using-polhemus-fastscan/read-dig-montage-using-polhemus-fastscan.md	text	3421
skills/mne-python/references/tutorials/read-dig-polhemus-isotrak-eeg/read-dig-polhemus-isotrak-eeg.md	text	3979
skills/mne-python/references/tutorials/read-dig-polhemus-isotrak-error-handling/read-dig-polhemus-isotrak-error-handling.md	text	2880
skills/mne-python/references/tutorials/read-events-curry-are-same-as-bdf/read-events-curry-are-same-as-bdf.md	text	2111
skills/mne-python/references/tutorials/read-evoked-besa-avr-incomplete/read-evoked-besa-avr-incomplete.md	text	2555
skills/mne-python/references/tutorials/read-evoked-besa-mul-incomplete/read-evoked-besa-mul-incomplete.md	text	2024
skills/mne-python/references/tutorials/read-evoked/read-evoked.md	text	2659
skills/mne-python/references/tutorials/read-raw-curry-hpi/read-raw-curry-hpi.md	text	2803
skills/mne-python/references/tutorials/read-raw-fieldtrip/read-raw-fieldtrip.md	text	3622
skills/mne-python/references/tutorials/read-source-spaces/read-source-spaces.md	text	2523
skills/mne-python/references/tutorials/read-spm-ctf/read-spm-ctf.md	text	2747
skills/mne-python/references/tutorials/read-vectorview-selection/read-vectorview-selection.md	text	4489
skills/mne-python/references/tutorials/read-vhdr-annotations-and-events/read-vhdr-annotations-and-events.md	text	7204
skills/mne-python/references/tutorials/read-write-head-pos/read-write-head-pos.md	text	2928
skills/mne-python/references/tutorials/real/real.md	text	5233
skills/mne-python/references/tutorials/recall-score/recall-score.md	text	3935
skills/mne-python/references/tutorials/ref-degenerate/ref-degenerate.md	text	3495
skills/mne-python/references/tutorials/reg-pinv/reg-pinv.md	text	4673
skills/mne-python/references/tutorials/reg-rank/reg-rank.md	text	2323
skills/mne-python/references/tutorials/region-localization-error/region-localization-error.md	text	3273
skills/mne-python/references/tutorials/regress-artifact-bads/regress-artifact-bads.md	text	3838
skills/mne-python/references/tutorials/regress-artifact/regress-artifact.md	text	4709
skills/mne-python/references/tutorials/regularization/regularization.md	text	2880
skills/mne-python/references/tutorials/reject-by-annotations-reject-tmin-reject-tmax/reject-by-annotations-reject-tmin-reject-tmax.md	text	3231
skills/mne-python/references/tutorials/remove-annotations/remove-annotations.md	text	3283
skills/mne-python/references/tutorials/render-mne-qt-browser/render-mne-qt-browser.md	text	2324
skills/mne-python/references/tutorials/render-mri/render-mri.md	text	3420
skills/mne-python/references/tutorials/render-non-fiff/render-non-fiff.md	text	3797
skills/mne-python/references/tutorials/render-report-extra/render-report-extra.md	text	3093
skills/mne-python/references/tutorials/reorder-channels/reorder-channels.md	text	4111
skills/mne-python/references/tutorials/repr/repr.md	text	1873
skills/mne-python/references/tutorials/resample-below-1-sample/resample-below-1-sample.md	text	3152
skills/mne-python/references/tutorials/resample-raw/resample-raw.md	text	1529
skills/mne-python/references/tutorials/resample-scipy/resample-scipy.md	text	2576
skills/mne-python/references/tutorials/resample/resample.md	text	3100
skills/mne-python/references/tutorials/rescale/rescale.md	text	3165
skills/mne-python/references/tutorials/resolution-matrix-lcmv/resolution-matrix-lcmv.md	text	864
skills/mne-python/references/tutorials/restrict-forward-to-label-cps/restrict-forward-to-label-cps.md	text	4986
skills/mne-python/references/tutorials/return-filtered/return-filtered.md	text	3809
skills/mne-python/references/tutorials/ricoh-data/ricoh-data.md	text	6207
skills/mne-python/references/tutorials/roc-auc-score/roc-auc-score.md	text	2151
skills/mne-python/references/tutorials/rotation/rotation.md	text	2275
skills/mne-python/references/tutorials/sample-rate-jitter/sample-rate-jitter.md	text	3706
skills/mne-python/references/tutorials/save-stc-as-gifti/save-stc-as-gifti.md	text	3716
skills/mne-python/references/tutorials/save-vol-stc-as-nifti/save-vol-stc-as-nifti.md	text	4696
skills/mne-python/references/tutorials/savgol-filter/savgol-filter.md	text	3107
skills/mne-python/references/tutorials/saving-picked/saving-picked.md	text	4750
skills/mne-python/references/tutorials/scalp-coupling-index/scalp-coupling-index.md	text	4436
skills/mne-python/references/tutorials/select-sources/select-sources.md	text	4559
skills/mne-python/references/tutorials/set-dig-montage/set-dig-montage.md	text	5282
skills/mne-python/references/tutorials/set-eeg-reference-ch-type/set-eeg-reference-ch-type.md	text	3579
skills/mne-python/references/tutorials/set-montage-artinis-fsaverage/set-montage-artinis-fsaverage.md	text	2507
skills/mne-python/references/tutorials/set-standard-montage-mff/set-standard-montage-mff.md	text	3236
skills/mne-python/references/tutorials/setup-headshape/setup-headshape.md	text	1758
skills/mne-python/references/tutorials/shift-time-events/shift-time-events.md	text	2009
skills/mne-python/references/tutorials/short-raw-epochs/short-raw-epochs.md	text	2860
skills/mne-python/references/tutorials/show-fiff/show-fiff.md	text	1645
skills/mne-python/references/tutorials/si-units/si-units.md	text	2140
skills/mne-python/references/tutorials/simulate-eeg-only/simulate-eeg-only.md	text	2878
skills/mne-python/references/tutorials/simulate-raw-chpi/simulate-raw-chpi.md	text	6208
skills/mne-python/references/tutorials/simulate-sparse-stc-single-hemi/simulate-sparse-stc-single-hemi.md	text	2867
skills/mne-python/references/tutorials/simulate-sparse-stc/simulate-sparse-stc.md	text	5896
skills/mne-python/references/tutorials/simulate-stc-labels-overlap/simulate-stc-labels-overlap.md	text	2961
skills/mne-python/references/tutorials/simulation-cascade/simulation-cascade.md	text	3863
skills/mne-python/references/tutorials/single-hemi/single-hemi.md	text	2343
skills/mne-python/references/tutorials/sleep-physionet-age/sleep-physionet-age.md	text	3999
skills/mne-python/references/tutorials/sleep-physionet-temazepam/sleep-physionet-temazepam.md	text	2472
skills/mne-python/references/tutorials/snirf-against-nirx/snirf-against-nirx.md	text	3456
skills/mne-python/references/tutorials/snirf-nonstandard/snirf-nonstandard.md	text	4283
skills/mne-python/references/tutorials/sorting/sorting.md	text	4484
skills/mne-python/references/tutorials/source-psd-epochs/source-psd-epochs.md	text	6380
skills/mne-python/references/tutorials/source-psd/source-psd.md	text	4339
skills/mne-python/references/tutorials/sparse-morph/sparse-morph.md	text	5525
skills/mne-python/references/tutorials/spatial-deviation/spatial-deviation.md	text	2974
skills/mne-python/references/tutorials/spatial-inter-hemi-adjacency/spatial-inter-hemi-adjacency.md	text	5102
skills/mne-python/references/tutorials/spatio-temporal-cluster-adjacency/spatio-temporal-cluster-adjacency.md	text	5347
skills/mne-python/references/tutorials/spatiotemporal/spatiotemporal.md	text	3937
skills/mne-python/references/tutorials/spectrum-array/spectrum-array.md	text	3161
skills/mne-python/references/tutorials/spectrum-io/spectrum-io.md	text	4273
skills/mne-python/references/tutorials/spectrum-proj/spectrum-proj.md	text	2208
skills/mne-python/references/tutorials/spectrum-reject-by-annot/spectrum-reject-by-annot.md	text	3080
skills/mne-python/references/tutorials/sph-to-cart/sph-to-cart.md	text	3865
skills/mne-python/references/tutorials/spherical-conversions/spherical-conversions.md	text	2435
skills/mne-python/references/tutorials/split-gof-meg/split-gof-meg.md	text	3777
skills/mne-python/references/tutorials/split-label/split-label.md	text	5797
skills/mne-python/references/tutorials/split-numbers/split-numbers.md	text	2898
skills/mne-python/references/tutorials/spoc/spoc.md	text	3964
skills/mne-python/references/tutorials/ssd-epoched-data/ssd-epoched-data.md	text	3879
skills/mne-python/references/tutorials/ssd-pipeline/ssd-pipeline.md	text	3129
skills/mne-python/references/tutorials/sss-proj/sss-proj.md	text	3631
skills/mne-python/references/tutorials/st-overlap/st-overlap.md	text	2663
skills/mne-python/references/tutorials/standard-montages-have-fids/standard-montages-have-fids.md	text	1880
skills/mne-python/references/tutorials/standard-montages-on-sphere/standard-montages-on-sphere.md	text	1971
skills/mne-python/references/tutorials/stc-as-volume/stc-as-volume.md	text	2998
skills/mne-python/references/tutorials/stc-baseline-correction/stc-baseline-correction.md	text	2846
skills/mne-python/references/tutorials/stc-mpl/stc-mpl.md	text	4092
skills/mne-python/references/tutorials/stc-snr/stc-snr.md	text	3018
skills/mne-python/references/tutorials/stft/stft.md	text	4653
skills/mne-python/references/tutorials/stim-eog-misc-chs-in-nsx/stim-eog-misc-chs-in-nsx.md	text	3977
skills/mne-python/references/tutorials/stockwell-api/stockwell-api.md	text	4583
skills/mne-python/references/tutorials/stockwell-core/stockwell-core.md	text	4281
skills/mne-python/references/tutorials/stockwell-st-no-zero-pad/stockwell-st-no-zero-pad.md	text	1379
skills/mne-python/references/tutorials/subject-info/subject-info.md	text	3478
skills/mne-python/references/tutorials/suggest/suggest.md	text	2048
skills/mne-python/references/tutorials/summarize-clusters/summarize-clusters.md	text	4193
skills/mne-python/references/tutorials/surface-source-morph-round-trip/surface-source-morph-round-trip.md	text	3679
skills/mne-python/references/tutorials/surface-source-morph-shortcut/surface-source-morph-shortcut.md	text	2286
skills/mne-python/references/tutorials/surface-source-space-doc/surface-source-space-doc.md	text	3184
skills/mne-python/references/tutorials/sys-info-check-other/sys-info-check-other.md	text	4096
skills/mne-python/references/tutorials/sys-info-check-outdated/sys-info-check-outdated.md	text	2271
skills/mne-python/references/tutorials/sys-info-complete/sys-info-complete.md	text	2464
skills/mne-python/references/tutorials/talxfm-rigid/talxfm-rigid.md	text	2242
skills/mne-python/references/tutorials/temporal-derivative-distribution-repair/temporal-derivative-distribution-repair.md	text	4327
skills/mne-python/references/tutorials/temporal-filter/temporal-filter.md	text	3114
skills/mne-python/references/tutorials/tequiv/tequiv.md	text	3158
skills/mne-python/references/tutorials/tf-mxne-vs-mxne/tf-mxne-vs-mxne.md	text	2046
skills/mne-python/references/tutorials/tf-mxne/tf-mxne.md	text	1909
skills/mne-python/references/tutorials/tfr-decim-and-shift-time/tfr-decim-and-shift-time.md	text	3487
skills/mne-python/references/tutorials/tfr-plot-joint/tfr-plot-joint.md	text	3976
skills/mne-python/references/tutorials/tfr-with-inverse-operator/tfr-with-inverse-operator.md	text	1064
skills/mne-python/references/tutorials/theme-colors/theme-colors.md	text	4207
skills/mne-python/references/tutorials/time-as-index-ref/time-as-index-ref.md	text	1972
skills/mne-python/references/tutorials/timefrequency-basic/timefrequency-basic.md	text	3945
skills/mne-python/references/tutorials/to-data-frame-time-format/to-data-frame-time-format.md	text	1735
skills/mne-python/references/tutorials/to-data-frame/to-data-frame.md	text	2822
skills/mne-python/references/tutorials/topo-to-sph/topo-to-sph.md	text	3754
skills/mne-python/references/tutorials/tps/tps.md	text	2635
skills/mne-python/references/tutorials/transforms/transforms.md	text	2705
skills/mne-python/references/tutorials/trap-music/trap-music.md	text	1700
skills/mne-python/references/tutorials/triangle-neighbors/triangle-neighbors.md	text	2461
skills/mne-python/references/tutorials/triux/triux.md	text	5914
skills/mne-python/references/tutorials/uniform-and-thresholding/uniform-and-thresholding.md	text	3085
skills/mne-python/references/tutorials/unit-noise-gain-formula/unit-noise-gain-formula.md	text	4382
skills/mne-python/references/tutorials/unknown-format/unknown-format.md	text	2688
skills/mne-python/references/tutorials/unsupervised-spatial-filter/unsupervised-spatial-filter.md	text	4160
skills/mne-python/references/tutorials/use-coil-def/use-coil-def.md	text	4526
skills/mne-python/references/tutorials/validate-if-list-of-axes/validate-if-list-of-axes.md	text	2960
skills/mne-python/references/tutorials/validate-input/validate-input.md	text	2464
skills/mne-python/references/tutorials/vector-rotation/vector-rotation.md	text	1857
skills/mne-python/references/tutorials/verbose-arg/verbose-arg.md	text	2620
skills/mne-python/references/tutorials/vertex-to-mni-fs-nibabel/vertex-to-mni-fs-nibabel.md	text	2509
skills/mne-python/references/tutorials/vertex-to-mni/vertex-to-mni.md	text	790
skills/mne-python/references/tutorials/vhdr-codepage-ansi/vhdr-codepage-ansi.md	text	3431
skills/mne-python/references/tutorials/view-round-trip/view-round-trip.md	text	3886
skills/mne-python/references/tutorials/voxel-neighbors/voxel-neighbors.md	text	2005
skills/mne-python/references/tutorials/warn-inverse-operator/warn-inverse-operator.md	text	4475
skills/mne-python/references/tutorials/warp-montage/warp-montage.md	text	933
skills/mne-python/references/tutorials/what/what.md	text	3927
skills/mne-python/references/tutorials/whiten-evoked/whiten-evoked.md	text	2799
skills/mne-python/references/tutorials/xdawn-apply-transform/xdawn-apply-transform.md	text	3327
skills/mne-python/references/tutorials/xdawn-decoding-performance/xdawn-decoding-performance.md	text	4906
skills/mne-python/references/tutorials/xdawn-fit/xdawn-fit.md	text	4562
skills/mne-python/references/tutorials/xdawn-picks/xdawn-picks.md	text	2195
skills/mne-python/references/tutorials/xdawn-regularization/xdawn-regularization.md	text	4497
skills/mrtrix3/SKILL.md	text	3683
skills/mrtrix3/code/README.md	text	890
skills/mrtrix3/code/api_examples.md	text	5630
skills/mrtrix3/code/source_example_index.md	text	265
skills/mrtrix3/code/source_snippets/documentation_snippets.md	text	6883
skills/mrtrix3/code/source_snippets/source_test_snippets.md	text	279
skills/mrtrix3/code/source_snippets/tutorial_snippets.md	text	276
skills/mrtrix3/code/tutorial_index.md	text	288
skills/mrtrix3/code_analysis.json	json	17
skills/mrtrix3/quality_report.json	json	1270
skills/mrtrix3/references/documentation/api/5tt2gmwmi.rst	text	2624
skills/mrtrix3/references/documentation/api/5tt2vis.rst	text	2541
skills/mrtrix3/references/documentation/api/5ttcheck.rst	text	2213
skills/mrtrix3/references/documentation/api/5ttedit.rst	text	2688
skills/mrtrix3/references/documentation/api/5ttgen.rst	text	19592
skills/mrtrix3/references/documentation/api/afdconnectivity.rst	text	4712
skills/mrtrix3/references/documentation/api/amp2response.rst	text	4254
skills/mrtrix3/references/documentation/api/amp2sh.rst	text	5475
skills/mrtrix3/references/documentation/api/commands_list.rst	text	16195
skills/mrtrix3/references/documentation/api/config_file_options.rst	text	18263
skills/mrtrix3/references/documentation/api/connectome2tck.rst	text	7551
skills/mrtrix3/references/documentation/api/connectomeedit.rst	text	2205
skills/mrtrix3/references/documentation/api/connectomestats.rst	text	8076
skills/mrtrix3/references/documentation/api/dcmedit.rst	text	3113
skills/mrtrix3/references/documentation/api/dcminfo.rst	text	2394
skills/mrtrix3/references/documentation/api/dirflip.rst	text	2497
skills/mrtrix3/references/documentation/api/dirgen.rst	text	3618
skills/mrtrix3/references/documentation/api/dirmerge.rst	text	2537
skills/mrtrix3/references/documentation/api/dirorder.rst	text	2434
skills/mrtrix3/references/documentation/api/dirsplit.rst	text	2340
skills/mrtrix3/references/documentation/api/dirstat.rst	text	5878
skills/mrtrix3/references/documentation/api/dwi2adc.rst	text	2815
skills/mrtrix3/references/documentation/api/dwi2fod.rst	text	8391
skills/mrtrix3/references/documentation/api/dwi2mask.rst	text	3791
skills/mrtrix3/references/documentation/api/dwi2response.rst	text	28738
skills/mrtrix3/references/documentation/api/dwi2tensor.rst	text	5037
skills/mrtrix3/references/documentation/api/dwibiascorrect.rst	text	10961
skills/mrtrix3/references/documentation/api/dwicat.rst	text	3068
skills/mrtrix3/references/documentation/api/dwidenoise.rst	text	5966
skills/mrtrix3/references/documentation/api/dwiextract.rst	text	5811
skills/mrtrix3/references/documentation/api/dwifslpreproc.rst	text	13934
skills/mrtrix3/references/documentation/api/dwigradcheck.rst	text	3433
skills/mrtrix3/references/documentation/api/dwinormalise.rst	text	10013
skills/mrtrix3/references/documentation/api/dwishellmath.rst	text	3426
skills/mrtrix3/references/documentation/api/environment_variables.rst	text	4176
skills/mrtrix3/references/documentation/api/fixel2peaks.rst	text	2534
skills/mrtrix3/references/documentation/api/fixel2sh.rst	text	2683
skills/mrtrix3/references/documentation/api/fixel2tsf.rst	text	2442
skills/mrtrix3/references/documentation/api/fixel2voxel.rst	text	4019
skills/mrtrix3/references/documentation/api/fixelcfestats.rst	text	9059
skills/mrtrix3/references/documentation/api/fixelconnectivity.rst	text	3052
skills/mrtrix3/references/documentation/api/fixelconvert.rst	text	4500
skills/mrtrix3/references/documentation/api/fixelcorrespondence.rst	text	2807
skills/mrtrix3/references/documentation/api/fixelcrop.rst	text	2604
skills/mrtrix3/references/documentation/api/fixelfilter.rst	text	3466
skills/mrtrix3/references/documentation/api/fixelreorient.rst	text	2797
skills/mrtrix3/references/documentation/api/fod2dec.rst	text	3991
skills/mrtrix3/references/documentation/api/fod2fixel.rst	text	4611
skills/mrtrix3/references/documentation/api/for_each.rst	text	8635
skills/mrtrix3/references/documentation/api/label2colour.rst	text	2474
skills/mrtrix3/references/documentation/api/label2mesh.rst	text	2211
skills/mrtrix3/references/documentation/api/labelconvert.rst	text	3298
skills/mrtrix3/references/documentation/api/labelsgmfix.rst	text	3677
skills/mrtrix3/references/documentation/api/labelstats.rst	text	2206
skills/mrtrix3/references/documentation/api/maskdump.rst	text	2201
skills/mrtrix3/references/documentation/api/maskfilter.rst	text	3840
skills/mrtrix3/references/documentation/api/mesh2voxel.rst	text	2402
skills/mrtrix3/references/documentation/api/meshconvert.rst	text	2351
skills/mrtrix3/references/documentation/api/meshfilter.rst	text	2905
skills/mrtrix3/references/documentation/api/mraverageheader.rst	text	2966
skills/mrtrix3/references/documentation/api/mrcalc.rst	text	10335
skills/mrtrix3/references/documentation/api/mrcat.rst	text	3356
skills/mrtrix3/references/documentation/api/mrcentroid.rst	text	2200
skills/mrtrix3/references/documentation/api/mrcheckerboardmask.rst	text	2265
skills/mrtrix3/references/documentation/api/mrclusterstats.rst	text	7031
skills/mrtrix3/references/documentation/api/mrcolour.rst	text	2980
skills/mrtrix3/references/documentation/api/mrconvert.rst	text	13032
skills/mrtrix3/references/documentation/api/mrdegibbs.rst	text	4444
skills/mrtrix3/references/documentation/api/mrdump.rst	text	2257
skills/mrtrix3/references/documentation/api/mredit.rst	text	2882
skills/mrtrix3/references/documentation/api/mrfilter.rst	text	5823
skills/mrtrix3/references/documentation/api/mrgrid.rst	text	9327
skills/mrtrix3/references/documentation/api/mrhistmatch.rst	text	2979
skills/mrtrix3/references/documentation/api/mrhistogram.rst	text	2661
skills/mrtrix3/references/documentation/api/mrinfo.rst	text	7103
skills/mrtrix3/references/documentation/api/mrmath.rst	text	4206
skills/mrtrix3/references/documentation/api/mrmetric.rst	text	3058
skills/mrtrix3/references/documentation/api/mrregister.rst	text	15418
skills/mrtrix3/references/documentation/api/mrstats.rst	text	2887
skills/mrtrix3/references/documentation/api/mrthreshold.rst	text	5629
skills/mrtrix3/references/documentation/api/mrtransform.rst	text	10607
skills/mrtrix3/references/documentation/api/mrtrix2_equivalent_commands.rst	text	27869
skills/mrtrix3/references/documentation/api/mrtrix_cleanup.rst	text	3523
skills/mrtrix3/references/documentation/api/mrview.rst	text	10832
skills/mrtrix3/references/documentation/api/mtnormalise.rst	text	5565
skills/mrtrix3/references/documentation/api/peaks2amp.rst	text	2181
skills/mrtrix3/references/documentation/api/peaks2fixel.rst	text	2272
skills/mrtrix3/references/documentation/api/population_template.rst	text	9551
skills/mrtrix3/references/documentation/api/references.rst	text	10700
skills/mrtrix3/references/documentation/api/responsemean.rst	text	3443
skills/mrtrix3/references/documentation/api/sh2amp.rst	text	5541
skills/mrtrix3/references/documentation/api/sh2peaks.rst	text	3636
skills/mrtrix3/references/documentation/api/sh2power.rst	text	2618
skills/mrtrix3/references/documentation/api/sh2response.rst	text	2875
skills/mrtrix3/references/documentation/api/shbasis.rst	text	3314
skills/mrtrix3/references/documentation/api/shconv.rst	text	3689
skills/mrtrix3/references/documentation/api/shview.rst	text	2230
skills/mrtrix3/references/documentation/api/tck2connectome.rst	text	8748
skills/mrtrix3/references/documentation/api/tck2fixel.rst	text	2455
skills/mrtrix3/references/documentation/api/tckconvert.rst	text	4053
skills/mrtrix3/references/documentation/api/tckdfc.rst	text	5365
skills/mrtrix3/references/documentation/api/tckedit.rst	text	6722
skills/mrtrix3/references/documentation/api/tckgen.rst	text	17427
skills/mrtrix3/references/documentation/api/tckglobal.rst	text	5769
skills/mrtrix3/references/documentation/api/tckinfo.rst	text	2106
skills/mrtrix3/references/documentation/api/tckmap.rst	text	7497
skills/mrtrix3/references/documentation/api/tckresample.rst	text	3910
skills/mrtrix3/references/documentation/api/tcksample.rst	text	3329
skills/mrtrix3/references/documentation/api/tcksift.rst	text	5345
skills/mrtrix3/references/documentation/api/tcksift2.rst	text	7334
skills/mrtrix3/references/documentation/api/tckstats.rst	text	2558
skills/mrtrix3/references/documentation/api/tcktransform.rst	text	2139
skills/mrtrix3/references/documentation/api/tensor2metric.rst	text	3906
skills/mrtrix3/references/documentation/api/transformcalc.rst	text	4635
skills/mrtrix3/references/documentation/api/transformcompose.rst	text	3241
skills/mrtrix3/references/documentation/api/transformconvert.rst	text	3092
skills/mrtrix3/references/documentation/api/tsfdivide.rst	text	2149
skills/mrtrix3/references/documentation/api/tsfinfo.rst	text	2237
skills/mrtrix3/references/documentation/api/tsfmult.rst	text	2145
skills/mrtrix3/references/documentation/api/tsfsmooth.rst	text	2228
skills/mrtrix3/references/documentation/api/tsfthreshold.rst	text	2162
skills/mrtrix3/references/documentation/api/tsfvalidate.rst	text	2115
skills/mrtrix3/references/documentation/api/warp2metric.rst	text	2933
skills/mrtrix3/references/documentation/api/warpconvert.rst	text	3662
skills/mrtrix3/references/documentation/api/warpcorrect.rst	text	2625
skills/mrtrix3/references/documentation/api/warpinit.rst	text	2697
skills/mrtrix3/references/documentation/api/warpinvert.rst	text	2863
skills/mrtrix3/references/documentation/contributing/CONTRIBUTING.md	text	14668
skills/mrtrix3/references/documentation/examples/examples.md	text	362
skills/mrtrix3/references/documentation/examples/per_datum_multithreaded_processing.md	text	4418
skills/mrtrix3/references/documentation/examples/per_datum_processing.md	text	2420
skills/mrtrix3/references/documentation/examples/per_voxel_multithreaded_processing.md	text	6805
skills/mrtrix3/references/documentation/other/README.md	text	12194
skills/mrtrix3/references/documentation/other/act.rst	text	6922
skills/mrtrix3/references/documentation/other/afd_connectivity.rst	text	6085
skills/mrtrix3/references/documentation/other/batch_processing_with_foreach.rst	text	6669
skills/mrtrix3/references/documentation/other/before_install.rst	text	2650
skills/mrtrix3/references/documentation/other/beginner_dwi_tutorial.rst	text	4757
skills/mrtrix3/references/documentation/other/build_from_source.rst	text	15587
skills/mrtrix3/references/documentation/other/cmdlineparsing.md	text	15508
skills/mrtrix3/references/documentation/other/command_line.rst	text	15214
skills/mrtrix3/references/documentation/other/compute_AFD.rst	text	498
skills/mrtrix3/references/documentation/other/compute_FC.rst	text	1981
skills/mrtrix3/references/documentation/other/compute_FDC.rst	text	1120
skills/mrtrix3/references/documentation/other/computing_effect_size_wrt_controls.rst	text	2353
skills/mrtrix3/references/documentation/other/config.rst	text	1776
skills/mrtrix3/references/documentation/other/configure.md	text	4458
skills/mrtrix3/references/documentation/other/connectome_tool.rst	text	13707
skills/mrtrix3/references/documentation/other/constrained_spherical_deconvolution.rst	text	1826
skills/mrtrix3/references/documentation/other/denoise_unring.rst	text	1129
skills/mrtrix3/references/documentation/other/denoising.rst	text	4173
skills/mrtrix3/references/documentation/other/deployment.rst	text	3402
skills/mrtrix3/references/documentation/other/dicom_handling.rst	text	21376
skills/mrtrix3/references/documentation/other/displaying_results_with_streamlines.rst	text	2073
skills/mrtrix3/references/documentation/other/dw_scheme.rst	text	21189
skills/mrtrix3/references/documentation/other/dwifslpreproc.rst	text	1646
skills/mrtrix3/references/documentation/other/external_modules.rst	text	12012
skills/mrtrix3/references/documentation/other/fixel_directory_format.rst	text	8074
skills/mrtrix3/references/documentation/other/fixelcorrespondence.rst	text	1664
skills/mrtrix3/references/documentation/other/fixels_dixels.rst	text	9048
skills/mrtrix3/references/documentation/other/global_intensity_normalisation.rst	text	4572
skills/mrtrix3/references/documentation/other/global_tractography.rst	text	4382
skills/mrtrix3/references/documentation/other/hpc_clusters_install.rst	text	4752
skills/mrtrix3/references/documentation/other/image_access.md	text	9992
skills/mrtrix3/references/documentation/other/image_data.rst	text	42176
skills/mrtrix3/references/documentation/other/index.rst	text	8043
skills/mrtrix3/references/documentation/other/ismrm_hcp_tutorial.rst	text	7584
skills/mrtrix3/references/documentation/other/labelconvert_tutorial.rst	text	7910
skills/mrtrix3/references/documentation/other/matrix.rst	text	1542
skills/mrtrix3/references/documentation/other/mitigating_brain_cropping.rst	text	6027
skills/mrtrix3/references/documentation/other/module.md	text	2085
skills/mrtrix3/references/documentation/other/mrview_lock_axes.rst	text	9888
skills/mrtrix3/references/documentation/other/mt_fibre_density_cross-section.rst	text	17260
skills/mrtrix3/references/documentation/other/multi_shell_multi_tissue_csd.rst	text	6553
skills/mrtrix3/references/documentation/other/multithreading.md	text	12111
skills/mrtrix3/references/documentation/other/newcommand.md	text	8669
skills/mrtrix3/references/documentation/other/overview.md	text	1323
skills/mrtrix3/references/documentation/other/package_install.rst	text	631
skills/mrtrix3/references/documentation/other/pe_scheme.rst	text	21006
skills/mrtrix3/references/documentation/other/population_template.rst	text	755
skills/mrtrix3/references/documentation/other/population_template2.rst	text	389
skills/mrtrix3/references/documentation/other/pull_request_template.md	text	1143
skills/mrtrix3/references/documentation/other/reorient_fixels.rst	text	376
skills/mrtrix3/references/documentation/other/response_function_estimation.rst	text	17304
skills/mrtrix3/references/documentation/other/sh_basis_lmax.rst	text	6053
skills/mrtrix3/references/documentation/other/sift.rst	text	10469
skills/mrtrix3/references/documentation/other/smooth.rst	text	543
skills/mrtrix3/references/documentation/other/spherical_harmonics.rst	text	12302
skills/mrtrix3/references/documentation/other/st_fibre_density_cross-section.rst	text	18350
skills/mrtrix3/references/documentation/other/statistics.rst	text	1401
skills/mrtrix3/references/documentation/other/structural_connectome.rst	text	6390
skills/mrtrix3/references/documentation/other/template_mask.rst	text	1688
skills/mrtrix3/references/documentation/other/troubleshooting.rst	text	696
skills/mrtrix3/references/documentation/other/using_containers.rst	text	5415
skills/mrtrix3/references/documentation/overview/README.md	text	3041
skills/mrtrix3/references/documentation/templates/bug_report.md	text	1491
skills/mrtrix3/references/documentation/templates/custom.md	text	66
skills/mrtrix3/references/documentation/templates/feature_request.md	text	644
skills/nibabel/SKILL.md	text	3676
skills/nibabel/code/README.md	text	894
skills/nibabel/code/api_examples.md	text	3562
skills/nibabel/code/source_example_index.md	text	1467
skills/nibabel/code/source_snippets/documentation_snippets.md	text	9394
skills/nibabel/code/source_snippets/source_test_snippets.md	text	25696
skills/nibabel/code/source_snippets/tutorial_snippets.md	text	25074
skills/nibabel/code/tutorial_index.md	text	11045
skills/nibabel/code_analysis.json	json	17
skills/nibabel/quality_report.json	json	1276
skills/nibabel/references/documentation/other/CODE_OF_CONDUCT.md	text	5309
skills/nibabel/references/documentation/other/CONTRIBUTING.md	text	635
skills/nibabel/references/documentation/other/README.rst	text	608
skills/nibabel/references/documentation/other/add_image_format.rst	text	6885
skills/nibabel/references/documentation/other/add_test_data.rst	text	5141
skills/nibabel/references/documentation/other/advanced_testing.rst	text	849
skills/nibabel/references/documentation/other/api.rst	text	1253
skills/nibabel/references/documentation/other/biap_0000.rst	text	11515
skills/nibabel/references/documentation/other/biap_0001.rst	text	10478
skills/nibabel/references/documentation/other/biap_0002.rst	text	5825
skills/nibabel/references/documentation/other/biap_0003.rst	text	33651
skills/nibabel/references/documentation/other/biap_0004.rst	text	10230
skills/nibabel/references/documentation/other/biap_0005.rst	text	6505
skills/nibabel/references/documentation/other/biap_0006.rst	text	12186
skills/nibabel/references/documentation/other/biap_0007.rst	text	4377
skills/nibabel/references/documentation/other/biap_0008.rst	text	5618
skills/nibabel/references/documentation/other/biap_0009.rst	text	11906
skills/nibabel/references/documentation/other/biap_template.rst	text	3196
skills/nibabel/references/documentation/other/bv_formats.rst	text	4657
skills/nibabel/references/documentation/other/changelog.rst	text	74706
skills/nibabel/references/documentation/other/configure_git.rst	text	4792
skills/nibabel/references/documentation/other/coordinate_systems.rst	text	33562
skills/nibabel/references/documentation/other/core_developer.rst	text	6490
skills/nibabel/references/documentation/other/data_pkg_discuss.rst	text	15673
skills/nibabel/references/documentation/other/dcm2nii_algorithms.rst	text	3493
skills/nibabel/references/documentation/other/devdiscuss.rst	text	614
skills/nibabel/references/documentation/other/development_workflow.rst	text	13833
skills/nibabel/references/documentation/other/devguide.rst	text	7185
skills/nibabel/references/documentation/other/dicom.rst	text	340
skills/nibabel/references/documentation/other/dicom_fields.rst	text	2446
skills/nibabel/references/documentation/other/dicom_info.rst	text	2263
skills/nibabel/references/documentation/other/dicom_intro.rst	text	45190
skills/nibabel/references/documentation/other/dicom_mosaic.rst	text	6101
skills/nibabel/references/documentation/other/dicom_niftiheader.rst	text	3810
skills/nibabel/references/documentation/other/dicom_orientation.rst	text	17223
skills/nibabel/references/documentation/other/following_latest.rst	text	834
skills/nibabel/references/documentation/other/forking_hell.rst	text	1139
skills/nibabel/references/documentation/other/gettingstarted.rst	text	3933
skills/nibabel/references/documentation/other/git_development.rst	text	224
skills/nibabel/references/documentation/other/git_install.rst	text	599
skills/nibabel/references/documentation/other/git_intro.rst	text	541
skills/nibabel/references/documentation/other/git_resources.rst	text	1808
skills/nibabel/references/documentation/other/governance.rst	text	7651
skills/nibabel/references/documentation/other/image_design.rst	text	154
skills/nibabel/references/documentation/other/image_orientation.rst	text	3039
skills/nibabel/references/documentation/other/images_and_memory.rst	text	6817
skills/nibabel/references/documentation/other/index.rst	text	499
skills/nibabel/references/documentation/other/installation.rst	text	4329
skills/nibabel/references/documentation/other/ioimplementation.rst	text	3664
skills/nibabel/references/documentation/other/legal.rst	text	9829
skills/nibabel/references/documentation/other/maintainer_workflow.rst	text	3078
skills/nibabel/references/documentation/other/make_release.rst	text	5005
skills/nibabel/references/documentation/other/manual.rst	text	173
skills/nibabel/references/documentation/other/modified_images.rst	text	4745
skills/nibabel/references/documentation/other/neuro_radio_conventions.rst	text	7049
skills/nibabel/references/documentation/other/nibabel_images.rst	text	12770
skills/nibabel/references/documentation/other/nifti_images.rst	text	16126
skills/nibabel/references/documentation/other/patching.rst	text	4029
skills/nibabel/references/documentation/other/roadmap.rst	text	3711
skills/nibabel/references/documentation/other/scaling.rst	text	2509
skills/nibabel/references/documentation/other/set_up_fork.rst	text	1992
skills/nibabel/references/documentation/other/siemens_csa.rst	text	4266
skills/nibabel/references/documentation/other/spm_dicom.rst	text	12220
skills/nibabel/references/documentation/other/spm_use.rst	text	7959
skills/nibabel/references/documentation/other/tutorials.rst	text	134
skills/nibabel/references/documentation/overview/README.rst	text	6429
skills/nibabel/references/documentation/workflows/workflow_failure.md	text	238
skills/nibabel/references/tutorials/-get-unique-image-prop/-get-unique-image-prop.md	text	2368
skills/nibabel/references/tutorials/-stringify-path/-stringify-path.md	text	1941
skills/nibabel/references/tutorials/a2f-intercept-scale/a2f-intercept-scale.md	text	1730
skills/nibabel/references/tutorials/a2f-min-max/a2f-min-max.md	text	3937
skills/nibabel/references/tutorials/a2f-mn-mx/a2f-mn-mx.md	text	3607
skills/nibabel/references/tutorials/a2f-nan2zero/a2f-nan2zero.md	text	3109
skills/nibabel/references/tutorials/a2f-offset/a2f-offset.md	text	2346
skills/nibabel/references/tutorials/a2f-order/a2f-order.md	text	2282
skills/nibabel/references/tutorials/a2f-upscale/a2f-upscale.md	text	2211
skills/nibabel/references/tutorials/a2f-zeros/a2f-zeros.md	text	2675
skills/nibabel/references/tutorials/affine/affine.md	text	2228
skills/nibabel/references/tutorials/affines/affines.md	text	3173
skills/nibabel/references/tutorials/agg-data/agg-data.md	text	4757
skills/nibabel/references/tutorials/angle-axis2quat/angle-axis2quat.md	text	1889
skills/nibabel/references/tutorials/annot/annot.md	text	4048
skills/nibabel/references/tutorials/apply/apply.md	text	1834
skills/nibabel/references/tutorials/array-file-scales/array-file-scales.md	text	2285
skills/nibabel/references/tutorials/array-from-file-openers/array-from-file-openers.md	text	2292
skills/nibabel/references/tutorials/array-from-file/array-from-file.md	text	3843
skills/nibabel/references/tutorials/array-proxy/array-proxy.md	text	1484
skills/nibabel/references/tutorials/array-to-file/array-to-file.md	text	2543
skills/nibabel/references/tutorials/arraysequence-append/arraysequence-append.md	text	2503
skills/nibabel/references/tutorials/arraysequence-copy/arraysequence-copy.md	text	2340
skills/nibabel/references/tutorials/arraysequence-extend/arraysequence-extend.md	text	3851
skills/nibabel/references/tutorials/arraysequence-getitem/arraysequence-getitem.md	text	4522
skills/nibabel/references/tutorials/arraysequence-iter/arraysequence-iter.md	text	1110
skills/nibabel/references/tutorials/arraysequence-repr/arraysequence-repr.md	text	1831
skills/nibabel/references/tutorials/as-byteswapped/as-byteswapped.md	text	1990
skills/nibabel/references/tutorials/ascconv-parse/ascconv-parse.md	text	3886
skills/nibabel/references/tutorials/assert-allclose-safely/assert-allclose-safely.md	text	4317
skills/nibabel/references/tutorials/b2q/b2q.md	text	2749
skills/nibabel/references/tutorials/basic-euler/basic-euler.md	text	2003
skills/nibabel/references/tutorials/big-bad-ulp/big-bad-ulp.md	text	628
skills/nibabel/references/tutorials/big-scaling/big-scaling.md	text	2008
skills/nibabel/references/tutorials/bytes/bytes.md	text	2384
skills/nibabel/references/tutorials/calc-slicedefs/calc-slicedefs.md	text	699
skills/nibabel/references/tutorials/calculate-scale/calculate-scale.md	text	3181
skills/nibabel/references/tutorials/checks/checks.md	text	2516
skills/nibabel/references/tutorials/cifti2-label/cifti2-label.md	text	2461
skills/nibabel/references/tutorials/cifti2-labeltable/cifti2-labeltable.md	text	3297
skills/nibabel/references/tutorials/cifti2-vertices/cifti2-vertices.md	text	2267
skills/nibabel/references/tutorials/compressionlevel/compressionlevel.md	text	2543
skills/nibabel/references/tutorials/concatenate/concatenate.md	text	2129
skills/nibabel/references/tutorials/conform/conform.md	text	2931
skills/nibabel/references/tutorials/conversion-spatialimages/conversion-spatialimages.md	text	2426
skills/nibabel/references/tutorials/convert-aliases/convert-aliases.md	text	2474
skills/nibabel/references/tutorials/convert-by-extension/convert-by-extension.md	text	1794
skills/nibabel/references/tutorials/convert-dtype/convert-dtype.md	text	2162
skills/nibabel/references/tutorials/convert-imgtype/convert-imgtype.md	text	1857
skills/nibabel/references/tutorials/convert-nifti-int-fail/convert-nifti-int-fail.md	text	2194
skills/nibabel/references/tutorials/convert-noop/convert-noop.md	text	3040
skills/nibabel/references/tutorials/cosine-order/cosine-order.md	text	2256
skills/nibabel/references/tutorials/creating-arraysequence-from-arraysequence/creating-arraysequence-from-arraysequence.md	text	1096
skills/nibabel/references/tutorials/creating-arraysequence-from-generator/creating-arraysequence-from-generator.md	text	1851
skills/nibabel/references/tutorials/creating-arraysequence-from-list/creating-arraysequence-from-list.md	text	1685
skills/nibabel/references/tutorials/creating-tractogram-item/creating-tractogram-item.md	text	3226
skills/nibabel/references/tutorials/csa-nitem/csa-nitem.md	text	1540
skills/nibabel/references/tutorials/csa-params/csa-params.md	text	3361
skills/nibabel/references/tutorials/csas0/csas0.md	text	1791
skills/nibabel/references/tutorials/darray-dtype-coercion-failures/darray-dtype-coercion-failures.md	text	2206
skills/nibabel/references/tutorials/data-array-round-trip/data-array-round-trip.md	text	2143
skills/nibabel/references/tutorials/data-default/data-default.md	text	1807
skills/nibabel/references/tutorials/data-dtype/data-dtype.md	text	4563
skills/nibabel/references/tutorials/data-scaling/data-scaling.md	text	4043
skills/nibabel/references/tutorials/data-shape/data-shape.md	text	1370
skills/nibabel/references/tutorials/dataarray-typing/dataarray-typing.md	text	2395
skills/nibabel/references/tutorials/datatype/datatype.md	text	2194
skills/nibabel/references/tutorials/dconn/dconn.md	text	2705
skills/nibabel/references/tutorials/deprecated-order-classvar/deprecated-order-classvar.md	text	3701
skills/nibabel/references/tutorials/deprecator-maker/deprecator-maker.md	text	1601
skills/nibabel/references/tutorials/dlabel/dlabel.md	text	2771
skills/nibabel/references/tutorials/dpconn/dpconn.md	text	2792
skills/nibabel/references/tutorials/dscalar/dscalar.md	text	2793
skills/nibabel/references/tutorials/dtseries/dtseries.md	text	2799
skills/nibabel/references/tutorials/dumber-writers/dumber-writers.md	text	1494
skills/nibabel/references/tutorials/dwi-params/dwi-params.md	text	1618
skills/nibabel/references/tutorials/endian-guess/endian-guess.md	text	1395
skills/nibabel/references/tutorials/eol-check/eol-check.md	text	2677
skills/nibabel/references/tutorials/eq/eq.md	text	1841
skills/nibabel/references/tutorials/euler-instability/euler-instability.md	text	1768
skills/nibabel/references/tutorials/euler-mat-2/euler-mat-2.md	text	1771
skills/nibabel/references/tutorials/extend/extend.md	text	5770
skills/nibabel/references/tutorials/extension-content-access/extension-content-access.md	text	2270
skills/nibabel/references/tutorials/file-like/file-like.md	text	1175
skills/nibabel/references/tutorials/filebased-header/filebased-header.md	text	2356
skills/nibabel/references/tutorials/filename-exts/filename-exts.md	text	1426
skills/nibabel/references/tutorials/filename-save/filename-save.md	text	3913
skills/nibabel/references/tutorials/files-interface/files-interface.md	text	3670
skills/nibabel/references/tutorials/files-spatialimages/files-spatialimages.md	text	2049
skills/nibabel/references/tutorials/fileslice-heuristic/fileslice-heuristic.md	text	1864
skills/nibabel/references/tutorials/fillpos/fillpos.md	text	1695
skills/nibabel/references/tutorials/fillpositive-plus-minus-epsilon/fillpositive-plus-minus-epsilon.md	text	2076
skills/nibabel/references/tutorials/find-data-dir/find-data-dir.md	text	1776
skills/nibabel/references/tutorials/finite-range/finite-range.md	text	1907
skills/nibabel/references/tutorials/float-affine/float-affine.md	text	1748
skills/nibabel/references/tutorials/flush-rewind/flush-rewind.md	text	1420
skills/nibabel/references/tutorials/from-header/from-header.md	text	2099
skills/nibabel/references/tutorials/from-image/from-image.md	text	1688
skills/nibabel/references/tutorials/from-mask/from-mask.md	text	1587
skills/nibabel/references/tutorials/general-init/general-init.md	text	1388
skills/nibabel/references/tutorials/get-affine-from-reference/get-affine-from-reference.md	text	1996
skills/nibabel/references/tutorials/get-data-diff/get-data-diff.md	text	4192
skills/nibabel/references/tutorials/get-data/get-data.md	text	2956
skills/nibabel/references/tutorials/get-headers-diff/get-headers-diff.md	text	4147
skills/nibabel/references/tutorials/get-sorted-slice-indices/get-sorted-slice-indices.md	text	2880
skills/nibabel/references/tutorials/get-value-label/get-value-label.md	text	2841
skills/nibabel/references/tutorials/gifti-image/gifti-image.md	text	3752
skills/nibabel/references/tutorials/gifti-label-rgba/gifti-label-rgba.md	text	2927
skills/nibabel/references/tutorials/gifti-round-trip/gifti-round-trip.md	text	7471
skills/nibabel/references/tutorials/gridindices/gridindices.md	text	2112
skills/nibabel/references/tutorials/guide_collection.json	json	3634497
skills/nibabel/references/tutorials/header-copy/header-copy.md	text	3049
skills/nibabel/references/tutorials/header-init/header-init.md	text	2277
skills/nibabel/references/tutorials/header-read-restore/header-read-restore.md	text	1871
skills/nibabel/references/tutorials/header-scaling/header-scaling.md	text	2377
skills/nibabel/references/tutorials/header-updating/header-updating.md	text	4094
skills/nibabel/references/tutorials/homogeneous-coordinates/homogeneous-coordinates.md	text	2526
skills/nibabel/references/tutorials/image-class/image-class.md	text	5086
skills/nibabel/references/tutorials/image-typing/image-typing.md	text	3238
skills/nibabel/references/tutorials/index.md	text	33378
skills/nibabel/references/tutorials/init/init.md	text	1305
skills/nibabel/references/tutorials/input-ranges/input-ranges.md	text	2681
skills/nibabel/references/tutorials/int-int-min-max/int-int-min-max.md	text	1772
skills/nibabel/references/tutorials/int-int-scaling/int-int-scaling.md	text	1751
skills/nibabel/references/tutorials/io-orientation-column-strength-regression/io-orientation-column-strength-regression.md	text	3120
skills/nibabel/references/tutorials/is-proxy/is-proxy.md	text	1411
skills/nibabel/references/tutorials/isolation/isolation.md	text	1558
skills/nibabel/references/tutorials/labeltable/labeltable.md	text	1192
skills/nibabel/references/tutorials/large-nifti1/large-nifti1.md	text	1806
skills/nibabel/references/tutorials/lazydict-creation/lazydict-creation.md	text	1687
skills/nibabel/references/tutorials/legacy-underscore-content/legacy-underscore-content.md	text	2411
skills/nibabel/references/tutorials/load-complex-file-in-big-endian/load-complex-file-in-big-endian.md	text	1966
skills/nibabel/references/tutorials/load-file-with-wrong-information/load-file-with-wrong-information.md	text	4714
skills/nibabel/references/tutorials/load-getbyintent/load-getbyintent.md	text	1524
skills/nibabel/references/tutorials/load-mmap/load-mmap.md	text	3215
skills/nibabel/references/tutorials/load-simple-file/load-simple-file.md	text	2509
skills/nibabel/references/tutorials/load-trk-version-1/load-trk-version-1.md	text	2014
skills/nibabel/references/tutorials/load-write-lps-file/load-write-lps-file.md	text	5479
skills/nibabel/references/tutorials/log-checks/log-checks.md	text	2046
skills/nibabel/references/tutorials/logger-error/logger-error.md	text	2475
skills/nibabel/references/tutorials/logging/logging.md	text	1857
skills/nibabel/references/tutorials/lossless-slice-noscaling/lossless-slice-noscaling.md	text	2428
skills/nibabel/references/tutorials/lossless-slice-scaling/lossless-slice-scaling.md	text	2520
skills/nibabel/references/tutorials/mappingness/mappingness.md	text	2441
skills/nibabel/references/tutorials/mask-volume/mask-volume.md	text	1335
skills/nibabel/references/tutorials/matrix-vector/matrix-vector.md	text	3447
skills/nibabel/references/tutorials/matrixindicesmap/matrixindicesmap.md	text	2612
skills/nibabel/references/tutorials/metadata/metadata.md	text	1653
skills/nibabel/references/tutorials/mgh-load-fileobj/mgh-load-fileobj.md	text	1878
skills/nibabel/references/tutorials/mlist-errors/mlist-errors.md	text	3171
skills/nibabel/references/tutorials/mlist/mlist.md	text	2933
skills/nibabel/references/tutorials/morph-data/morph-data.md	text	1822
skills/nibabel/references/tutorials/multifile-stream-failure/multifile-stream-failure.md	text	1481
skills/nibabel/references/tutorials/multiload/multiload.md	text	1497
skills/nibabel/references/tutorials/name/name.md	text	1447
skills/nibabel/references/tutorials/nan2zero-range-ok/nan2zero-range-ok.md	text	1981
skills/nibabel/references/tutorials/negative-load-save/negative-load-save.md	text	2077
skills/nibabel/references/tutorials/nib-ls-multiple/nib-ls-multiple.md	text	3767
skills/nibabel/references/tutorials/nib-nifti-dx/nib-nifti-dx.md	text	2255
skills/nibabel/references/tutorials/nib-roi/nib-roi.md	text	2564
skills/nibabel/references/tutorials/nib-tck2trk/nib-tck2trk.md	text	5208
skills/nibabel/references/tutorials/nib-trk2tck/nib-trk2tck.md	text	5050
skills/nibabel/references/tutorials/nibabel-bench/nibabel-bench.md	text	1895
skills/nibabel/references/tutorials/nifti-extensions/nifti-extensions.md	text	2343
skills/nibabel/references/tutorials/nifti-qfac-checks/nifti-qfac-checks.md	text	1876
skills/nibabel/references/tutorials/nifti-qsform-checks/nifti-qsform-checks.md	text	2089
skills/nibabel/references/tutorials/nifti1-init/nifti1-init.md	text	2797
skills/nibabel/references/tutorials/nifti12-conversion/nifti12-conversion.md	text	2256
skills/nibabel/references/tutorials/no-offset-scale/no-offset-scale.md	text	1997
skills/nibabel/references/tutorials/no-scaling-fixes/no-scaling-fixes.md	text	1614
skills/nibabel/references/tutorials/nondefault/nondefault.md	text	2271
skills/nibabel/references/tutorials/none-affine/none-affine.md	text	1565
skills/nibabel/references/tutorials/obliquity/obliquity.md	text	1904
skills/nibabel/references/tutorials/offset-errors/offset-errors.md	text	2023
skills/nibabel/references/tutorials/opener-gzip-type/opener-gzip-type.md	text	2589
skills/nibabel/references/tutorials/opener-various/opener-various.md	text	2932
skills/nibabel/references/tutorials/order-override/order-override.md	text	1933
skills/nibabel/references/tutorials/orientation/orientation.md	text	1759
skills/nibabel/references/tutorials/origin-affine/origin-affine.md	text	3854
skills/nibabel/references/tutorials/origin-checks/origin-checks.md	text	1981
skills/nibabel/references/tutorials/orthogonal/orthogonal.md	text	2524
skills/nibabel/references/tutorials/parse-dataarrays/parse-dataarrays.md	text	1818
skills/nibabel/references/tutorials/parse-filename/parse-filename.md	text	3901
skills/nibabel/references/tutorials/passing-kwds/passing-kwds.md	text	1940
skills/nibabel/references/tutorials/pconn/pconn.md	text	2701
skills/nibabel/references/tutorials/pdconn/pdconn.md	text	2792
skills/nibabel/references/tutorials/per-array-dict-creation/per-array-dict-creation.md	text	3883
skills/nibabel/references/tutorials/per-array-sequence-dict-creation/per-array-sequence-dict-creation.md	text	3454
skills/nibabel/references/tutorials/pixdim-log-checks/pixdim-log-checks.md	text	1898
skills/nibabel/references/tutorials/plabel/plabel.md	text	2528
skills/nibabel/references/tutorials/predict-shape/predict-shape.md	text	2191
skills/nibabel/references/tutorials/proxy-slicing-with-scaling/proxy-slicing-with-scaling.md	text	2330
skills/nibabel/references/tutorials/proxy-slicing/proxy-slicing.md	text	2385
skills/nibabel/references/tutorials/pscalar/pscalar.md	text	2779
skills/nibabel/references/tutorials/ptseries/ptseries.md	text	2787
skills/nibabel/references/tutorials/q-vector-etc/q-vector-etc.md	text	4087
skills/nibabel/references/tutorials/q2bg/q2bg.md	text	1770
skills/nibabel/references/tutorials/quad-geometry/quad-geometry.md	text	2060
skills/nibabel/references/tutorials/quat2mat/quat2mat.md	text	1830
skills/nibabel/references/tutorials/quaternion-reconstruction/quaternion-reconstruction.md	text	1116
skills/nibabel/references/tutorials/quats/quats.md	text	1784
skills/nibabel/references/tutorials/read-conte69-ptseries/read-conte69-ptseries.md	text	1987
skills/nibabel/references/tutorials/read-geometry/read-geometry.md	text	6141
skills/nibabel/references/tutorials/read-img-data/read-img-data.md	text	3304
skills/nibabel/references/tutorials/read-labels/read-labels.md	text	3355
skills/nibabel/references/tutorials/read-ones/read-ones.md	text	1804
skills/nibabel/references/tutorials/read-scalar/read-scalar.md	text	2417
skills/nibabel/references/tutorials/read-write-annot/read-write-annot.md	text	3220
skills/nibabel/references/tutorials/read-write-sio/read-write-sio.md	text	2573
skills/nibabel/references/tutorials/rescale-affine/rescale-affine.md	text	2547
skills/nibabel/references/tutorials/reshape-dataobj/reshape-dataobj.md	text	3075
skills/nibabel/references/tutorials/reshaped-is-proxy/reshaped-is-proxy.md	text	2061
skills/nibabel/references/tutorials/rotation-matrix/rotation-matrix.md	text	1737
skills/nibabel/references/tutorials/round-trip-spatialimages/round-trip-spatialimages.md	text	2478
skills/nibabel/references/tutorials/round-trip/round-trip.md	text	3002
skills/nibabel/references/tutorials/rst-table/rst-table.md	text	7869
skills/nibabel/references/tutorials/same-file-as/same-file-as.md	text	2082
skills/nibabel/references/tutorials/save-sliced-tractogram/save-sliced-tractogram.md	text	2048
skills/nibabel/references/tutorials/save-tractogram-file/save-tractogram-file.md	text	2810
skills/nibabel/references/tutorials/setting-affine-to-rasmm/setting-affine-to-rasmm.md	text	2016
skills/nibabel/references/tutorials/shapes/shapes.md	text	2312
skills/nibabel/references/tutorials/signature-matches-extension/signature-matches-extension.md	text	3083
skills/nibabel/references/tutorials/slice-indicator/slice-indicator.md	text	1457
skills/nibabel/references/tutorials/slope-inter-castable/slope-inter-castable.md	text	3778
skills/nibabel/references/tutorials/slope-inter/slope-inter.md	text	2630
skills/nibabel/references/tutorials/sorting-dual-echo-t1/sorting-dual-echo-t1.md	text	2505
skills/nibabel/references/tutorials/sorting-multiecho-asl/sorting-multiecho-asl.md	text	6929
skills/nibabel/references/tutorials/sorting-multiple-echos-and-contrasts/sorting-multiple-echos-and-contrasts.md	text	4869
skills/nibabel/references/tutorials/spatial-axes-first/spatial-axes-first.md	text	1807
skills/nibabel/references/tutorials/special-rt/special-rt.md	text	2820
skills/nibabel/references/tutorials/str/str.md	text	1362
skills/nibabel/references/tutorials/ticket-1720/ticket-1720.md	text	2446
skills/nibabel/references/tutorials/to-mask/to-mask.md	text	1759
skills/nibabel/references/tutorials/tractogram-add-new-data/tractogram-add-new-data.md	text	3998
skills/nibabel/references/tutorials/tractogram-creation/tractogram-creation.md	text	4835
skills/nibabel/references/tutorials/tractogram-getitem/tractogram-getitem.md	text	2423
skills/nibabel/references/tutorials/tuplespec/tuplespec.md	text	3153
skills/nibabel/references/tutorials/use-csa-sign/use-csa-sign.md	text	1402
skills/nibabel/references/tutorials/user-dir/user-dir.md	text	1367
skills/nibabel/references/tutorials/validate-array-interface-with-dtype/validate-array-interface-with-dtype.md	text	4122
skills/nibabel/references/tutorials/validate-file-stream-equivalence/validate-file-stream-equivalence.md	text	2833
skills/nibabel/references/tutorials/validate-filenames/validate-filenames.md	text	5483
skills/nibabel/references/tutorials/validate-from-url/validate-from-url.md	text	2286
skills/nibabel/references/tutorials/validate-mmap-parameter/validate-mmap-parameter.md	text	3651
skills/nibabel/references/tutorials/validate-to-file-dtype-override/validate-to-file-dtype-override.md	text	2037
skills/nibabel/references/tutorials/validate-to-from-bytes/validate-to-from-bytes.md	text	2555
skills/nibabel/references/tutorials/versions/versions.md	text	2953
skills/nibabel/references/tutorials/viewer-nonras/viewer-nonras.md	text	3333
skills/nibabel/references/tutorials/vol-is-full/vol-is-full.md	text	2971
skills/nibabel/references/tutorials/vol-matching/vol-matching.md	text	2891
skills/nibabel/references/tutorials/volume/volume.md	text	2062
skills/nibabel/references/tutorials/voxel-sizes/voxel-sizes.md	text	3541
skills/nibabel/references/tutorials/with-offset-scale/with-offset-scale.md	text	2369
skills/nibabel/references/tutorials/wrapper-args-kwds/wrapper-args-kwds.md	text	2284
skills/nibabel/references/tutorials/wrapper-from-data/wrapper-from-data.md	text	3821
skills/nibabel/references/tutorials/wrappers/wrappers.md	text	3093
skills/nibabel/references/tutorials/write-bigheader-file/write-bigheader-file.md	text	2991
skills/nibabel/references/tutorials/write-complex-file/write-complex-file.md	text	5182
skills/nibabel/references/tutorials/write-empty-file/write-empty-file.md	text	2363
skills/nibabel/references/tutorials/write-mgh/write-mgh.md	text	3202
skills/nibabel/references/tutorials/write-morph-data/write-morph-data.md	text	2473
skills/nibabel/references/tutorials/write-newmetadata/write-newmetadata.md	text	1709
skills/nibabel/references/tutorials/write-noaffine-mgh/write-noaffine-mgh.md	text	3136
skills/nibabel/references/tutorials/write-optional-header-fields/write-optional-header-fields.md	text	1581
skills/nibabel/references/tutorials/write-simple-file/write-simple-file.md	text	2866
skills/nibabel/references/tutorials/write-too-many-scalars-and-properties/write-too-many-scalars-and-properties.md	text	4673
skills/nibabel/references/tutorials/writer-maker/writer-maker.md	text	3421
skills/nibabel/references/tutorials/writers-roundtrip/writers-roundtrip.md	text	2815
skills/nilearn/.DS_Store	file	6148
skills/nilearn/SKILL.md	text	3783
skills/nilearn/code/.DS_Store	file	6148
skills/nilearn/code/README.md	text	894
skills/nilearn/code/api_examples.md	text	2342
skills/nilearn/code/source_example_index.md	text	1645
skills/nilearn/code/source_snippets/documentation_snippets.md	text	4579
skills/nilearn/code/source_snippets/source_test_snippets.md	text	20877
skills/nilearn/code/source_snippets/tutorial_snippets.md	text	22948
skills/nilearn/code/tutorial_index.md	text	15531
skills/nilearn/code_analysis.json	json	17
skills/nilearn/quality_report.json	json	1324
skills/nilearn/references/documentation/.DS_Store	file	6148
skills/nilearn/references/documentation/authors/AUTHORS.rst	text	13618
skills/nilearn/references/documentation/contributing/CONTRIBUTING.rst	text	43384
skills/nilearn/references/documentation/examples/README.rst	text	138
skills/nilearn/references/documentation/examples/html_repr_note.rst	text	397
skills/nilearn/references/documentation/examples/report_note.rst	text	221
skills/nilearn/references/documentation/other/0.1.0.rst	text	867
skills/nilearn/references/documentation/other/0.1.1.rst	text	488
skills/nilearn/references/documentation/other/0.1.2.rst	text	233
skills/nilearn/references/documentation/other/0.1.3.rst	text	1415
skills/nilearn/references/documentation/other/0.1.4.rst	text	645
skills/nilearn/references/documentation/other/0.10.0.rst	text	6216
skills/nilearn/references/documentation/other/0.10.1.rst	text	6852
skills/nilearn/references/documentation/other/0.10.2.rst	text	9510
skills/nilearn/references/documentation/other/0.10.3.rst	text	9113
skills/nilearn/references/documentation/other/0.10.4.rst	text	5005
skills/nilearn/references/documentation/other/0.11.0.rst	text	13418
skills/nilearn/references/documentation/other/0.11.1.rst	text	2706
skills/nilearn/references/documentation/other/0.12.0.rst	text	11549
skills/nilearn/references/documentation/other/0.12.1.rst	text	5291
skills/nilearn/references/documentation/other/0.13.0.rst	text	16266
skills/nilearn/references/documentation/other/0.13.1.rst	text	1532
skills/nilearn/references/documentation/other/0.2.0.rst	text	3302
skills/nilearn/references/documentation/other/0.2.1.rst	text	185
skills/nilearn/references/documentation/other/0.2.2.rst	text	2371
skills/nilearn/references/documentation/other/0.2.3.rst	text	818
skills/nilearn/references/documentation/other/0.2.4.rst	text	1190
skills/nilearn/references/documentation/other/0.2.5.rst	text	2952
skills/nilearn/references/documentation/other/0.2.6.rst	text	1677
skills/nilearn/references/documentation/other/0.3.0.rst	text	5295
skills/nilearn/references/documentation/other/0.3.1.rst	text	2402
skills/nilearn/references/documentation/other/0.4.0.rst	text	3866
skills/nilearn/references/documentation/other/0.4.1.rst	text	2036
skills/nilearn/references/documentation/other/0.4.2.rst	text	1134
skills/nilearn/references/documentation/other/0.5.0.rst	text	12092
skills/nilearn/references/documentation/other/0.5.1.rst	text	3642
skills/nilearn/references/documentation/other/0.5.2.rst	text	551
skills/nilearn/references/documentation/other/0.6.0.rst	text	16888
skills/nilearn/references/documentation/other/0.6.1.rst	text	527
skills/nilearn/references/documentation/other/0.6.2.rst	text	1096
skills/nilearn/references/documentation/other/0.7.0.rst	text	6517
skills/nilearn/references/documentation/other/0.7.1.rst	text	5531
skills/nilearn/references/documentation/other/0.8.0.rst	text	8336
skills/nilearn/references/documentation/other/0.8.1.rst	text	5658
skills/nilearn/references/documentation/other/0.9.0.rst	text	14422
skills/nilearn/references/documentation/other/0.9.1.rst	text	2753
skills/nilearn/references/documentation/other/0.9.2.rst	text	8887
skills/nilearn/references/documentation/other/ABIDE_pcp.rst	text	1195
skills/nilearn/references/documentation/other/Megatrawls.rst	text	3280
skills/nilearn/references/documentation/other/README.md	text	828
skills/nilearn/references/documentation/other/aal.rst	text	2348
skills/nilearn/references/documentation/other/adhd.rst	text	1047
skills/nilearn/references/documentation/other/allen_rsn_2011.rst	text	894
skills/nilearn/references/documentation/other/authors.rst	text	28
skills/nilearn/references/documentation/other/basc_multiscale_2015.rst	text	5485
skills/nilearn/references/documentation/other/bibliography.rst	text	279
skills/nilearn/references/documentation/other/bids_langloc.rst	text	335
skills/nilearn/references/documentation/other/big_toc_css.rst	text	712
skills/nilearn/references/documentation/other/bigger_toc_css.rst	text	1027
skills/nilearn/references/documentation/other/brainomics_localizer.rst	text	1053
skills/nilearn/references/documentation/other/connectome.rst	text	681
skills/nilearn/references/documentation/other/connectome_extraction.rst	text	10738
skills/nilearn/references/documentation/other/craddock_2012.rst	text	1459
skills/nilearn/references/documentation/other/datasets.rst	text	4783
skills/nilearn/references/documentation/other/decoding.rst	text	455
skills/nilearn/references/documentation/other/decoding_intro.rst	text	15778
skills/nilearn/references/documentation/other/decomposition.rst	text	425
skills/nilearn/references/documentation/other/destrieux_surface.rst	text	694
skills/nilearn/references/documentation/other/deterministic_atlases.md	text	4179
skills/nilearn/references/documentation/other/development.rst	text	99
skills/nilearn/references/documentation/other/development_fmri.rst	text	1277
skills/nilearn/references/documentation/other/difumo_atlases.rst	text	1664
skills/nilearn/references/documentation/other/dosenbach_2010.rst	text	625
skills/nilearn/references/documentation/other/estimator_choice.rst	text	12044
skills/nilearn/references/documentation/other/exceptions.rst	text	610
skills/nilearn/references/documentation/other/fiac.rst	text	1243
skills/nilearn/references/documentation/other/first_level_model.rst	text	9086
skills/nilearn/references/documentation/other/frem.rst	text	3173
skills/nilearn/references/documentation/other/fsaverage.rst	text	335
skills/nilearn/references/documentation/other/fsaverage3.rst	text	341
skills/nilearn/references/documentation/other/fsaverage4.rst	text	340
skills/nilearn/references/documentation/other/fsaverage5.rst	text	340
skills/nilearn/references/documentation/other/fsaverage6.rst	text	340
skills/nilearn/references/documentation/other/fsaverage_content.rst	text	1397
skills/nilearn/references/documentation/other/functional_connectomes.rst	text	10164
skills/nilearn/references/documentation/other/glm.rst	text	2148
skills/nilearn/references/documentation/other/glm_intro.rst	text	14154
skills/nilearn/references/documentation/other/glm_reports_examples.rst	text	1372
skills/nilearn/references/documentation/other/glossary.rst	text	19262
skills/nilearn/references/documentation/other/going_further.rst	text	7101
skills/nilearn/references/documentation/other/gpu_usage.rst	text	4258
skills/nilearn/references/documentation/other/group_sparse_covariance.rst	text	21268
skills/nilearn/references/documentation/other/harvard_oxford.rst	text	1212
skills/nilearn/references/documentation/other/haxby2001.rst	text	1388
skills/nilearn/references/documentation/other/icbm152_2009.rst	text	2407
skills/nilearn/references/documentation/other/image.rst	text	736
skills/nilearn/references/documentation/other/index.rst	text	24620
skills/nilearn/references/documentation/other/input_output.rst	text	9622
skills/nilearn/references/documentation/other/interfaces.rst	text	1190
skills/nilearn/references/documentation/other/introduction.rst	text	11801
skills/nilearn/references/documentation/other/juelich.rst	text	1235
skills/nilearn/references/documentation/other/language_localizer_demo.rst	text	936
skills/nilearn/references/documentation/other/latest.rst	text	6830
skills/nilearn/references/documentation/other/localizer_first_level.rst	text	836
skills/nilearn/references/documentation/other/maintenance.rst	text	20297
skills/nilearn/references/documentation/other/manipulating_images.rst	text	10304
skills/nilearn/references/documentation/other/manual_pipeline.rst	text	8398
skills/nilearn/references/documentation/other/masker_objects.rst	text	23095
skills/nilearn/references/documentation/other/masker_reports_examples.rst	text	1935
skills/nilearn/references/documentation/other/maskers.rst	text	817
skills/nilearn/references/documentation/other/masking.rst	text	582
skills/nilearn/references/documentation/other/mass_univariate.rst	text	389
skills/nilearn/references/documentation/other/meaning_difference.rst	text	5288
skills/nilearn/references/documentation/other/mixed_gambles.rst	text	410
skills/nilearn/references/documentation/other/miyawaki2008.rst	text	1138
skills/nilearn/references/documentation/other/msdl_atlas.rst	text	926
skills/nilearn/references/documentation/other/names.rst	text	9310
skills/nilearn/references/documentation/other/neurovault.rst	text	1144
skills/nilearn/references/documentation/other/nki_enhanced_surface.rst	text	885
skills/nilearn/references/documentation/other/oasis1.rst	text	2773
skills/nilearn/references/documentation/other/parcellating.rst	text	5871
skills/nilearn/references/documentation/other/pauli_2017.rst	text	792
skills/nilearn/references/documentation/other/plotting.rst	text	2453
skills/nilearn/references/documentation/other/power_2011.rst	text	343
skills/nilearn/references/documentation/other/probabilistic_atlases.md	text	2892
skills/nilearn/references/documentation/other/pull_request_template.md	text	1641
skills/nilearn/references/documentation/other/quickstart.md	text	74
skills/nilearn/references/documentation/other/region_extraction.rst	text	8930
skills/nilearn/references/documentation/other/regions.rst	text	706
skills/nilearn/references/documentation/other/reporting.rst	text	557
skills/nilearn/references/documentation/other/resting_state_networks.rst	text	6577
skills/nilearn/references/documentation/other/schaefer_2018.rst	text	864
skills/nilearn/references/documentation/other/searchlight.rst	text	11615
skills/nilearn/references/documentation/other/second_level_model.rst	text	4146
skills/nilearn/references/documentation/other/seitzman_2018.rst	text	1294
skills/nilearn/references/documentation/other/signal.rst	text	407
skills/nilearn/references/documentation/other/smith_2009.rst	text	1236
skills/nilearn/references/documentation/other/space_net.rst	text	2821
skills/nilearn/references/documentation/other/spm_auditory.rst	text	1635
skills/nilearn/references/documentation/other/spm_multimodal.rst	text	1206
skills/nilearn/references/documentation/other/surface.rst	text	649
skills/nilearn/references/documentation/other/talairach_atlas.rst	text	486
skills/nilearn/references/documentation/other/tune_toc.rst	text	3536
skills/nilearn/references/documentation/other/user_guide.rst	text	728
skills/nilearn/references/documentation/other/utils.rst	text	377
skills/nilearn/references/documentation/other/workflow_failure.md	text	267
skills/nilearn/references/documentation/other/yeo_2011.rst	text	1130
skills/nilearn/references/documentation/overview/AGENTS.md	text	6490
skills/nilearn/references/documentation/overview/CLAUDE.md	text	11
skills/nilearn/references/documentation/overview/README.rst	text	4966
skills/nilearn/references/documentation/templates/class.rst	text	471
skills/nilearn/references/documentation/templates/function.rst	text	392
skills/nilearn/references/tutorials/3d-images/3d-images.md	text	2256
skills/nilearn/references/tutorials/3x3-affine-bbox/3x3-affine-bbox.md	text	3217
skills/nilearn/references/tutorials/4d-affine-bounding-box-error/4d-affine-bounding-box-error.md	text	4384
skills/nilearn/references/tutorials/add-absolute-paths/add-absolute-paths.md	text	2500
skills/nilearn/references/tutorials/add-metadata-to-bids-derivatives-with-json-path/add-metadata-to-bids-derivatives-with-json-path.md	text	2103
skills/nilearn/references/tutorials/affine-output-mask/affine-output-mask.md	text	2170
skills/nilearn/references/tutorials/all-resolution-inference-one-sided/all-resolution-inference-one-sided.md	text	1745
skills/nilearn/references/tutorials/all-resolution-inference-one-voxel/all-resolution-inference-one-voxel.md	text	1623
skills/nilearn/references/tutorials/all-resolution-inference-surface-mask/all-resolution-inference-surface-mask.md	text	3265
skills/nilearn/references/tutorials/all-resolution-inference-surface/all-resolution-inference-surface.md	text	2971
skills/nilearn/references/tutorials/all-resolution-inference-with-mask/all-resolution-inference-with-mask.md	text	1760
skills/nilearn/references/tutorials/all-resolution-inference/all-resolution-inference.md	text	1874
skills/nilearn/references/tutorials/anisotropic-sphere-extraction/anisotropic-sphere-extraction.md	text	3619
skills/nilearn/references/tutorials/apply-mask-3d-accepted/apply-mask-3d-accepted.md	text	2040
skills/nilearn/references/tutorials/apply-mask-nan/apply-mask-nan.md	text	2037
skills/nilearn/references/tutorials/apply-mask/apply-mask.md	text	2941
skills/nilearn/references/tutorials/are-array-identical/are-array-identical.md	text	3640
skills/nilearn/references/tutorials/as-ndarray-memmap/as-ndarray-memmap.md	text	4918
skills/nilearn/references/tutorials/as-ndarray-more/as-ndarray-more.md	text	2543
skills/nilearn/references/tutorials/as-ndarray/as-ndarray.md	text	1943
skills/nilearn/references/tutorials/bad-inputs/bad-inputs.md	text	1871
skills/nilearn/references/tutorials/base-estimator-invalid-l1-ratio/base-estimator-invalid-l1-ratio.md	text	2210
skills/nilearn/references/tutorials/bids-dataset-no-run-entity/bids-dataset-no-run-entity.md	text	2046
skills/nilearn/references/tutorials/bids-dataset-no-session/bids-dataset-no-session.md	text	2035
skills/nilearn/references/tutorials/cache-mixin-without-expand-user/cache-mixin-without-expand-user.md	text	2059
skills/nilearn/references/tutorials/cache-shelving/cache-shelving.md	text	1686
skills/nilearn/references/tutorials/calculate-tfce/calculate-tfce.md	text	2360
skills/nilearn/references/tutorials/calculate-tr/calculate-tr.md	text	1361
skills/nilearn/references/tutorials/canica-square-img/canica-square-img.md	text	2563
skills/nilearn/references/tutorials/carousel-several-runs/carousel-several-runs.md	text	2711
skills/nilearn/references/tutorials/check-embedded-masker-attribute-forwarding/check-embedded-masker-attribute-forwarding.md	text	1836
skills/nilearn/references/tutorials/check-events-errors/check-events-errors.md	text	2396
skills/nilearn/references/tutorials/check-events-warnings/check-events-warnings.md	text	3296
skills/nilearn/references/tutorials/check-events/check-events.md	text	2040
skills/nilearn/references/tutorials/check-inputs-length/check-inputs-length.md	text	1904
skills/nilearn/references/tutorials/check-memory/check-memory.md	text	1641
skills/nilearn/references/tutorials/check-mesh-and-data/check-mesh-and-data.md	text	2233
skills/nilearn/references/tutorials/check-output-1d/check-output-1d.md	text	5701
skills/nilearn/references/tutorials/check-output-2d/check-output-2d.md	text	7053
skills/nilearn/references/tutorials/check-param-grid-replacement/check-param-grid-replacement.md	text	2888
skills/nilearn/references/tutorials/check-parameters-transform/check-parameters-transform.md	text	3338
skills/nilearn/references/tutorials/check-threshold-for-error/check-threshold-for-error.md	text	2771
skills/nilearn/references/tutorials/check-values-epoch-argument-smoke/check-values-epoch-argument-smoke.md	text	2893
skills/nilearn/references/tutorials/clean-confounds-detrending/clean-confounds-detrending.md	text	2490
skills/nilearn/references/tutorials/clean-confounds-inputs/clean-confounds-inputs.md	text	3035
skills/nilearn/references/tutorials/clean-detrending/clean-detrending.md	text	4399
skills/nilearn/references/tutorials/cluster-level-parameters-smoke/cluster-level-parameters-smoke.md	text	2663
skills/nilearn/references/tutorials/cluster-level-with-covariates/cluster-level-with-covariates.md	text	4304
skills/nilearn/references/tutorials/cluster-level-with-single-covariates/cluster-level-with-single-covariates.md	text	2514
skills/nilearn/references/tutorials/cluster-level/cluster-level.md	text	2277
skills/nilearn/references/tutorials/cluster-nearest-neighbor/cluster-nearest-neighbor.md	text	2462
skills/nilearn/references/tutorials/cmap-as-lookup-table-with-background/cmap-as-lookup-table-with-background.md	text	2542
skills/nilearn/references/tutorials/cmap-with-one-level/cmap-with-one-level.md	text	2097
skills/nilearn/references/tutorials/coef-shape/coef-shape.md	text	1490
skills/nilearn/references/tutorials/compare-design-matrix-to-spm/compare-design-matrix-to-spm.md	text	1795
skills/nilearn/references/tutorials/compute-background-mask-errors-warnings/compute-background-mask-errors-warnings.md	text	2160
skills/nilearn/references/tutorials/compute-background-mask/compute-background-mask.md	text	1925
skills/nilearn/references/tutorials/compute-brain-mask/compute-brain-mask.md	text	3396
skills/nilearn/references/tutorials/compute-epi-mask-errors-warnings/compute-epi-mask-errors-warnings.md	text	2531
skills/nilearn/references/tutorials/compute-epi-mask/compute-epi-mask.md	text	3429
skills/nilearn/references/tutorials/compute-facecolors/compute-facecolors.md	text	4500
skills/nilearn/references/tutorials/connected-label-regions-check-labels-as-numpy-array/connected-label-regions-check-labels-as-numpy-array.md	text	2720
skills/nilearn/references/tutorials/connected-label-regions-check-labels-string-without-list/connected-label-regions-check-labels-string-without-list.md	text	3050
skills/nilearn/references/tutorials/connected-label-regions-connect-diag-false/connected-label-regions-connect-diag-false.md	text	2197
skills/nilearn/references/tutorials/connected-label-regions/connected-label-regions.md	text	3033
skills/nilearn/references/tutorials/connected-regions-different-results-with-different-mask-images/connected-regions-different-results-with-different-mask-images.md	text	4032
skills/nilearn/references/tutorials/contrast-computation-errors/contrast-computation-errors.md	text	3151
skills/nilearn/references/tutorials/contrast-padding/contrast-padding.md	text	1742
skills/nilearn/references/tutorials/contrast-values/contrast-values.md	text	2121
skills/nilearn/references/tutorials/create-colorbar-for-fig/create-colorbar-for-fig.md	text	2198
skills/nilearn/references/tutorials/create-second-level-design/create-second-level-design.md	text	1873
skills/nilearn/references/tutorials/crop-img-to/crop-img-to.md	text	3011
skills/nilearn/references/tutorials/cross-validation/cross-validation.md	text	2829
skills/nilearn/references/tutorials/csv-io/csv-io.md	text	2018
skills/nilearn/references/tutorials/data-complete-mask/data-complete-mask.md	text	2504
skills/nilearn/references/tutorials/data-to-sprite/data-to-sprite.md	text	2191
skills/nilearn/references/tutorials/decoder-dummy-classifier-strategy-prior/decoder-dummy-classifier-strategy-prior.md	text	2353
skills/nilearn/references/tutorials/decoder-dummy-classifier-with-callable/decoder-dummy-classifier-with-callable.md	text	2298
skills/nilearn/references/tutorials/decoder-dummy-classifier/decoder-dummy-classifier.md	text	2396
skills/nilearn/references/tutorials/decoder-param-grid-sequence/decoder-param-grid-sequence.md	text	2327
skills/nilearn/references/tutorials/deprecation-save-glm-to-bids/deprecation-save-glm-to-bids.md	text	2158
skills/nilearn/references/tutorials/design-matrix-fir-column-1-3-and-11/design-matrix-fir-column-1-3-and-11.md	text	2386
skills/nilearn/references/tutorials/design-matrix-fir-time-shift/design-matrix-fir-time-shift.md	text	1768
skills/nilearn/references/tutorials/design-matrix-regressors-provided-manually/design-matrix-regressors-provided-manually.md	text	2475
skills/nilearn/references/tutorials/design-matrix-scaling-fir-model/design-matrix-scaling-fir-model.md	text	1675
skills/nilearn/references/tutorials/design-warnings/design-warnings.md	text	2221
skills/nilearn/references/tutorials/detrend/detrend.md	text	4868
skills/nilearn/references/tutorials/dict-learning/dict-learning.md	text	4758
skills/nilearn/references/tutorials/dict-to-archive/dict-to-archive.md	text	4646
skills/nilearn/references/tutorials/different-affines/different-affines.md	text	1998
skills/nilearn/references/tutorials/displayed-maps-valid-inputs/displayed-maps-valid-inputs.md	text	2595
skills/nilearn/references/tutorials/download-image-terms/download-image-terms.md	text	2005
skills/nilearn/references/tutorials/downloader/downloader.md	text	3073
skills/nilearn/references/tutorials/early-stopping-callback-object/early-stopping-callback-object.md	text	2417
skills/nilearn/references/tutorials/edge-nan/edge-nan.md	text	1118
skills/nilearn/references/tutorials/encode/encode.md	text	1706
skills/nilearn/references/tutorials/ensure-finite-data/ensure-finite-data.md	text	1531
skills/nilearn/references/tutorials/error-n-clusters/error-n-clusters.md	text	1766
skills/nilearn/references/tutorials/events-as-path/events-as-path.md	text	2242
skills/nilearn/references/tutorials/exclude-subject/exclude-subject.md	text	2120
skills/nilearn/references/tutorials/explicit-fixed-effects-without-mask/explicit-fixed-effects-without-mask.md	text	4928
skills/nilearn/references/tutorials/explicit-fixed-effects/explicit-fixed-effects.md	text	5466
skills/nilearn/references/tutorials/extract-outlier-regressors/extract-outlier-regressors.md	text	6172
skills/nilearn/references/tutorials/f-contrast-add/f-contrast-add.md	text	2792
skills/nilearn/references/tutorials/f-output/f-output.md	text	1583
skills/nilearn/references/tutorials/fake-bids-extra-derivative-entity/fake-bids-extra-derivative-entity.md	text	3114
skills/nilearn/references/tutorials/fake-bids-extra-raw-entity/fake-bids-extra-raw-entity.md	text	4163
skills/nilearn/references/tutorials/fake-bids-raw-with-session-and-runs/fake-bids-raw-with-session-and-runs.md	text	3039
skills/nilearn/references/tutorials/fake-fmri-data-and-design-write/fake-fmri-data-and-design-write.md	text	3148
skills/nilearn/references/tutorials/fast-smooth-array/fast-smooth-array.md	text	2306
skills/nilearn/references/tutorials/fast-svd/fast-svd.md	text	2422
skills/nilearn/references/tutorials/fdr-error/fdr-error.md	text	1619
skills/nilearn/references/tutorials/fdr/fdr.md	text	2121
skills/nilearn/references/tutorials/feature-screening/feature-screening.md	text	3809
skills/nilearn/references/tutorials/fetch-abide-pcp/fetch-abide-pcp.md	text	4109
skills/nilearn/references/tutorials/fetch-atlas-aal/fetch-atlas-aal.md	text	3652
skills/nilearn/references/tutorials/fetch-atlas-basc-multiscale-2015/fetch-atlas-basc-multiscale-2015.md	text	4852
skills/nilearn/references/tutorials/fetch-atlas-difumo/fetch-atlas-difumo.md	text	4427
skills/nilearn/references/tutorials/fetch-atlas-fsl/fetch-atlas-fsl.md	text	2741
skills/nilearn/references/tutorials/fetch-atlas-msdl/fetch-atlas-msdl.md	text	2851
skills/nilearn/references/tutorials/fetch-atlas-pauli-2017/fetch-atlas-pauli-2017.md	text	3658
skills/nilearn/references/tutorials/fetch-atlas-schaefer-2018/fetch-atlas-schaefer-2018.md	text	4912
skills/nilearn/references/tutorials/fetch-atlas-talairach/fetch-atlas-talairach.md	text	3107
skills/nilearn/references/tutorials/fetch-atlas-yeo-2011/fetch-atlas-yeo-2011.md	text	2634
skills/nilearn/references/tutorials/fetch-development-fmri-n-confounds/fetch-development-fmri-n-confounds.md	text	2894
skills/nilearn/references/tutorials/fetch-development-fmri-phenotype/fetch-development-fmri-phenotype.md	text	3754
skills/nilearn/references/tutorials/fetch-development-fmri/fetch-development-fmri.md	text	2880
skills/nilearn/references/tutorials/fetch-files-overwrite/fetch-files-overwrite.md	text	2859
skills/nilearn/references/tutorials/fetch-haxby-subject-with-list/fetch-haxby-subject-with-list.md	text	2448
skills/nilearn/references/tutorials/fetch-language-localizer-demo-dataset/fetch-language-localizer-demo-dataset.md	text	2886
skills/nilearn/references/tutorials/fetch-neurovault-errors/fetch-neurovault-errors.md	text	2185
skills/nilearn/references/tutorials/fetch-neurovault-ids-offline/fetch-neurovault-ids-offline.md	text	2333
skills/nilearn/references/tutorials/fetch-neurovault-ids/fetch-neurovault-ids.md	text	3204
skills/nilearn/references/tutorials/fetch-openneuro-dataset/fetch-openneuro-dataset.md	text	3664
skills/nilearn/references/tutorials/fetch-single-file-part/fetch-single-file-part.md	text	4187
skills/nilearn/references/tutorials/fetch-spm-multimodal-missing-data/fetch-spm-multimodal-missing-data.md	text	2518
skills/nilearn/references/tutorials/fetch-surf-fsaverage/fetch-surf-fsaverage.md	text	2281
skills/nilearn/references/tutorials/fetch-surf-nki-enhanced/fetch-surf-nki-enhanced.md	text	3424
skills/nilearn/references/tutorials/fill-html-template/fill-html-template.md	text	3155
skills/nilearn/references/tutorials/filter-and-mask-error/filter-and-mask-error.md	text	2035
skills/nilearn/references/tutorials/filter-and-mask/filter-and-mask.md	text	2470
skills/nilearn/references/tutorials/filter-columns/filter-columns.md	text	3696
skills/nilearn/references/tutorials/find-cut-coords/find-cut-coords.md	text	2801
skills/nilearn/references/tutorials/find-parcellation-cut-coords-hemispheres/find-parcellation-cut-coords-hemispheres.md	text	1989
skills/nilearn/references/tutorials/find-parcellation-cut-coords-non-trivial-affine/find-parcellation-cut-coords-non-trivial-affine.md	text	3700
skills/nilearn/references/tutorials/find-parcellation-cut-coords/find-parcellation-cut-coords.md	text	3754
skills/nilearn/references/tutorials/find-probabilistic-atlas-cut-coords-non-trivial-affine/find-probabilistic-atlas-cut-coords-non-trivial-affine.md	text	2919
skills/nilearn/references/tutorials/find-probabilistic-atlas-cut-coords/find-probabilistic-atlas-cut-coords.md	text	2804
skills/nilearn/references/tutorials/first-level-from-bids/first-level-from-bids.md	text	2987
skills/nilearn/references/tutorials/fit-and-transform/fit-and-transform.md	text	2336
skills/nilearn/references/tutorials/fit-errors/fit-errors.md	text	3139
skills/nilearn/references/tutorials/fit-on-multi-nifti-images/fit-on-multi-nifti-images.md	text	2111
skills/nilearn/references/tutorials/fit-transform-actual-output/fit-transform-actual-output.md	text	3263
skills/nilearn/references/tutorials/fit-transform-mask-vs-no-mask/fit-transform-mask-vs-no-mask.md	text	2448
skills/nilearn/references/tutorials/fit-transform-with-confounds/fit-transform-with-confounds.md	text	2036
skills/nilearn/references/tutorials/fixed-effect-contrast-nonzero-effect/fixed-effect-contrast-nonzero-effect.md	text	2488
skills/nilearn/references/tutorials/fixed-effect-contrast/fixed-effect-contrast.md	text	1736
skills/nilearn/references/tutorials/flat-mesh/flat-mesh.md	text	1452
skills/nilearn/references/tutorials/flm-generate-report-surface-data/flm-generate-report-surface-data.md	text	2872
skills/nilearn/references/tutorials/flm-reporting-several-contrasts/flm-reporting-several-contrasts.md	text	1878
skills/nilearn/references/tutorials/fmri-inputs-errors/fmri-inputs-errors.md	text	4509
skills/nilearn/references/tutorials/fmri-inputs-flms/fmri-inputs-flms.md	text	2805
skills/nilearn/references/tutorials/fmri-inputs-images/fmri-inputs-images.md	text	2629
skills/nilearn/references/tutorials/full-brain-info/full-brain-info.md	text	2536
skills/nilearn/references/tutorials/full-rank/full-rank.md	text	1753
skills/nilearn/references/tutorials/generate-group-sparse-gaussian-graphs/generate-group-sparse-gaussian-graphs.md	text	2614
skills/nilearn/references/tutorials/geometric-mean-couple/geometric-mean-couple.md	text	2457
skills/nilearn/references/tutorials/geometric-mean-diagonal/geometric-mean-diagonal.md	text	1995
skills/nilearn/references/tutorials/geometric-mean-geodesic/geometric-mean-geodesic.md	text	2367
skills/nilearn/references/tutorials/geometric-mean-properties-check-gradient/geometric-mean-properties-check-gradient.md	text	2688
skills/nilearn/references/tutorials/geometric-mean-properties-check-invariance/geometric-mean-properties-check-invariance.md	text	3215
skills/nilearn/references/tutorials/geometric-mean-properties-evaluate-convergence/geometric-mean-properties-evaluate-convergence.md	text	1903
skills/nilearn/references/tutorials/geometric-mean-properties/geometric-mean-properties.md	text	1896
skills/nilearn/references/tutorials/get-bg-data/get-bg-data.md	text	1809
skills/nilearn/references/tutorials/get-bids-files-fmriprep/get-bids-files-fmriprep.md	text	2602
skills/nilearn/references/tutorials/get-bids-files-inheritance-principle-root-folder/get-bids-files-inheritance-principle-root-folder.md	text	3374
skills/nilearn/references/tutorials/get-bids-files-inheritance-principle-sub-folder/get-bids-files-inheritance-principle-sub-folder.md	text	3251
skills/nilearn/references/tutorials/get-bids-files/get-bids-files.md	text	2887
skills/nilearn/references/tutorials/get-clusters-table-4d-image/get-clusters-table-4d-image.md	text	1788
skills/nilearn/references/tutorials/get-clusters-table-negative-threshold/get-clusters-table-negative-threshold.md	text	2298
skills/nilearn/references/tutorials/get-clusters-table-no-cluster-found-warning/get-clusters-table-no-cluster-found-warning.md	text	3074
skills/nilearn/references/tutorials/get-clusters-table-surface-real-data/get-clusters-table-surface-real-data.md	text	3532
skills/nilearn/references/tutorials/get-clusters-table-surface-two-sided/get-clusters-table-surface-two-sided.md	text	3848
skills/nilearn/references/tutorials/get-clusters-table-surface/get-clusters-table-surface.md	text	3085
skills/nilearn/references/tutorials/get-connectome/get-connectome.md	text	873
skills/nilearn/references/tutorials/get-cut-slices/get-cut-slices.md	text	2256
skills/nilearn/references/tutorials/get-data/get-data.md	text	2931
skills/nilearn/references/tutorials/get-dataset-dir-symlink/get-dataset-dir-symlink.md	text	2374
skills/nilearn/references/tutorials/get-dataset-dir-write-access/get-dataset-dir-write-access.md	text	2440
skills/nilearn/references/tutorials/get-dataset-dir/get-dataset-dir.md	text	4327
skills/nilearn/references/tutorials/get-metadata-from-bids/get-metadata-from-bids.md	text	3016
skills/nilearn/references/tutorials/get-metadata-from-derivatives/get-metadata-from-derivatives.md	text	2986
skills/nilearn/references/tutorials/get-outlier-cols/get-outlier-cols.md	text	1705
skills/nilearn/references/tutorials/get-params/get-params.md	text	1434
skills/nilearn/references/tutorials/get-target-dtype/get-target-dtype.md	text	2531
skills/nilearn/references/tutorials/get-vertexcolor-bg-map/get-vertexcolor-bg-map.md	text	4890
skills/nilearn/references/tutorials/get-vertexcolor/get-vertexcolor.md	text	2338
skills/nilearn/references/tutorials/gifti-img-to-mesh/gifti-img-to-mesh.md	text	2480
skills/nilearn/references/tutorials/glass-brain-axes/glass-brain-axes.md	text	2626
skills/nilearn/references/tutorials/glm-fit-valid-mask-img/glm-fit-valid-mask-img.md	text	3508
skills/nilearn/references/tutorials/glm-override-masker-param/glm-override-masker-param.md	text	3071
skills/nilearn/references/tutorials/glm-target-shape-affine/glm-target-shape-affine.md	text	3511
skills/nilearn/references/tutorials/grad-matrix/grad-matrix.md	text	2012
skills/nilearn/references/tutorials/graph-net-and-tv-same-for-pure-l1-spacenet-regressor/graph-net-and-tv-same-for-pure-l1-spacenet-regressor.md	text	2744
skills/nilearn/references/tutorials/graph-net-and-tvl1-same-for-pure-l1-logistic-spacenet-classifier/graph-net-and-tvl1-same-for-pure-l1-logistic-spacenet-classifier.md	text	2691
skills/nilearn/references/tutorials/graph-net-and-tvl1-same-for-pure-l1-logistic/graph-net-and-tvl1-same-for-pure-l1-logistic.md	text	2547
skills/nilearn/references/tutorials/graph-net-and-tvl1-same-for-pure-l1-spacenet/graph-net-and-tvl1-same-for-pure-l1-spacenet.md	text	3670
skills/nilearn/references/tutorials/graph-net-and-tvl1-same-for-pure-l1/graph-net-and-tvl1-same-for-pure-l1.md	text	3066
skills/nilearn/references/tutorials/group-sparse-covariance-cross-validation/group-sparse-covariance-cross-validation.md	text	2309
skills/nilearn/references/tutorials/group-sparse-covariance-with-probe-function/group-sparse-covariance-with-probe-function.md	text	3101
skills/nilearn/references/tutorials/group-sparse-covariance/group-sparse-covariance.md	text	1920
skills/nilearn/references/tutorials/guide_collection.json	json	7333856
skills/nilearn/references/tutorials/hierarchical-k-means/hierarchical-k-means.md	text	1705
skills/nilearn/references/tutorials/high-level-glm-different-design-matrices/high-level-glm-different-design-matrices.md	text	3815
skills/nilearn/references/tutorials/high-level-glm-null-contrasts/high-level-glm-null-contrasts.md	text	3015
skills/nilearn/references/tutorials/high-level-glm-with-data-with-mask/high-level-glm-with-data-with-mask.md	text	5626
skills/nilearn/references/tutorials/high-level-glm-with-data/high-level-glm-with-data.md	text	2588
skills/nilearn/references/tutorials/high-level-glm-with-paths/high-level-glm-with-paths.md	text	2622
skills/nilearn/references/tutorials/high-variance-confounds-c-f/high-variance-confounds-c-f.md	text	2576
skills/nilearn/references/tutorials/high-variance-confounds-surface/high-variance-confounds-surface.md	text	2589
skills/nilearn/references/tutorials/high-variance-confounds/high-variance-confounds.md	text	2258
skills/nilearn/references/tutorials/hkernel-length-fir-lambda/hkernel-length-fir-lambda.md	text	1523
skills/nilearn/references/tutorials/hkernel/hkernel.md	text	5176
skills/nilearn/references/tutorials/ica-aroma/ica-aroma.md	text	2830
skills/nilearn/references/tutorials/identity-adjointness/identity-adjointness.md	text	2900
skills/nilearn/references/tutorials/img-data-dtype/img-data-dtype.md	text	2901
skills/nilearn/references/tutorials/img-to-signals-labels-non-float-type/img-to-signals-labels-non-float-type.md	text	3098
skills/nilearn/references/tutorials/img-to-signals-labels-warnings/img-to-signals-labels-warnings.md	text	3201
skills/nilearn/references/tutorials/img-to-signals-maps-warnings/img-to-signals-maps-warnings.md	text	3293
skills/nilearn/references/tutorials/index.md	text	94757
skills/nilearn/references/tutorials/infer-effect-maps/infer-effect-maps.md	text	3558
skills/nilearn/references/tutorials/infer-repetition-time-from-dataset/infer-repetition-time-from-dataset.md	text	3184
skills/nilearn/references/tutorials/infer-slice-timing-start-time-from-dataset/infer-slice-timing-start-time-from-dataset.md	text	3605
skills/nilearn/references/tutorials/input-args-and-kwargs/input-args-and-kwargs.md	text	1065
skills/nilearn/references/tutorials/input-mask-surface/input-mask-surface.md	text	2990
skills/nilearn/references/tutorials/inputs/inputs.md	text	2201
skills/nilearn/references/tutorials/invalid-filetype/invalid-filetype.md	text	5020
skills/nilearn/references/tutorials/inverse-overlap/inverse-overlap.md	text	4170
skills/nilearn/references/tutorials/inverse-transform-actual-output/inverse-transform-actual-output.md	text	3089
skills/nilearn/references/tutorials/inverse-transform-single-nifti-image/inverse-transform-single-nifti-image.md	text	2535
skills/nilearn/references/tutorials/inverse-transform-with-mask/inverse-transform-with-mask.md	text	3601
skills/nilearn/references/tutorials/inverse-transform/inverse-transform.md	text	4298
skills/nilearn/references/tutorials/is-nifti-spheres-masker-give-nans/is-nifti-spheres-masker-give-nans.md	text	3156
skills/nilearn/references/tutorials/is-spd-with-non-symmetrical-matrix/is-spd-with-non-symmetrical-matrix.md	text	1696
skills/nilearn/references/tutorials/isolated-pixel/isolated-pixel.md	text	1350
skills/nilearn/references/tutorials/isolated-seed/isolated-seed.md	text	1429
skills/nilearn/references/tutorials/label-image-no-background-missing-regions/label-image-no-background-missing-regions.md	text	3814
skills/nilearn/references/tutorials/largest-cc/largest-cc.md	text	2777
skills/nilearn/references/tutorials/lipschitz-constant-loss-logreg/lipschitz-constant-loss-logreg.md	text	1528
skills/nilearn/references/tutorials/lipschitz-constant-loss-mse/lipschitz-constant-loss-mse.md	text	1775
skills/nilearn/references/tutorials/load-bg-img/load-bg-img.md	text	1596
skills/nilearn/references/tutorials/load-confounds/load-confounds.md	text	3264
skills/nilearn/references/tutorials/load-mni152/load-mni152.md	text	1809
skills/nilearn/references/tutorials/load-non-nifti/load-non-nifti.md	text	2523
skills/nilearn/references/tutorials/load-single-confounds-file/load-single-confounds-file.md	text	2943
skills/nilearn/references/tutorials/load-surf-data-file-freesurfer/load-surf-data-file-freesurfer.md	text	5538
skills/nilearn/references/tutorials/load-surf-data-file-glob/load-surf-data-file-glob.md	text	4164
skills/nilearn/references/tutorials/load-surf-data-gii-gz/load-surf-data-gii-gz.md	text	1818
skills/nilearn/references/tutorials/load-surf-mesh-file-gii-error/load-surf-mesh-file-gii-error.md	text	2916
skills/nilearn/references/tutorials/load-surf-mesh-file-gii-gz/load-surf-mesh-file-gii-gz.md	text	1406
skills/nilearn/references/tutorials/load-surf-mesh-file-gii/load-surf-mesh-file-gii.md	text	2737
skills/nilearn/references/tutorials/loading-from-archive-contents/loading-from-archive-contents.md	text	3885
skills/nilearn/references/tutorials/local-max-donut/local-max-donut.md	text	2196
skills/nilearn/references/tutorials/local-max-two-global-maxima/local-max-two-global-maxima.md	text	2718
skills/nilearn/references/tutorials/local-max-two-maxima/local-max-two-maxima.md	text	2714
skills/nilearn/references/tutorials/logistic-derivative-lipschitz-constant/logistic-derivative-lipschitz-constant.md	text	2737
skills/nilearn/references/tutorials/logistic-gradient-at-simple-points/logistic-gradient-at-simple-points.md	text	2363
skills/nilearn/references/tutorials/logistic-lipschitz/logistic-lipschitz.md	text	1485
skills/nilearn/references/tutorials/logistic-loss-derivative/logistic-loss-derivative.md	text	1711
skills/nilearn/references/tutorials/logistic-path-scores/logistic-path-scores.md	text	2225
skills/nilearn/references/tutorials/low-level-fixed-effects/low-level-fixed-effects.md	text	4510
skills/nilearn/references/tutorials/lut-unsorted/lut-unsorted.md	text	4433
skills/nilearn/references/tutorials/mahalanobis/mahalanobis.md	text	1481
skills/nilearn/references/tutorials/mahalanobis2/mahalanobis2.md	text	1866
skills/nilearn/references/tutorials/make-edges-and-weights-surface/make-edges-and-weights-surface.md	text	3878
skills/nilearn/references/tutorials/make-regressor-1/make-regressor-1.md	text	1571
skills/nilearn/references/tutorials/make-regressor-2/make-regressor-2.md	text	1586
skills/nilearn/references/tutorials/make-regressor-3/make-regressor-3.md	text	2158
skills/nilearn/references/tutorials/mask-error/mask-error.md	text	2034
skills/nilearn/references/tutorials/mask-img-volume/mask-img-volume.md	text	1953
skills/nilearn/references/tutorials/mask-reducer-reduced-data-is-orthogonal/mask-reducer-reduced-data-is-orthogonal.md	text	2596
skills/nilearn/references/tutorials/masker-reporting-true/masker-reporting-true.md	text	3466
skills/nilearn/references/tutorials/masker/masker.md	text	1082
skills/nilearn/references/tutorials/masking-first-level-model/masking-first-level-model.md	text	2604
skills/nilearn/references/tutorials/matrix-orientation/matrix-orientation.md	text	2942
skills/nilearn/references/tutorials/matrix-plotting-reorder/matrix-plotting-reorder.md	text	2146
skills/nilearn/references/tutorials/max-alpha-squared-loss/max-alpha-squared-loss.md	text	2184
skills/nilearn/references/tutorials/mean-of-squares/mean-of-squares.md	text	1597
skills/nilearn/references/tutorials/mfista-solver-graph-net-no-l1-term/mfista-solver-graph-net-no-l1-term.md	text	2135
skills/nilearn/references/tutorials/missing-keywords/missing-keywords.md	text	4203
skills/nilearn/references/tutorials/missing-trial-type-column-warning/missing-trial-type-column-warning.md	text	2887
skills/nilearn/references/tutorials/mix-colormaps/mix-colormaps.md	text	3957
skills/nilearn/references/tutorials/modes-in-random-walker/modes-in-random-walker.md	text	2062
skills/nilearn/references/tutorials/movetree/movetree.md	text	2644
skills/nilearn/references/tutorials/multi-nifti-labels-masker-atlas-data-different-fov/multi-nifti-labels-masker-atlas-data-different-fov.md	text	2677
skills/nilearn/references/tutorials/multi-nifti-labels-masker-errors/multi-nifti-labels-masker-errors.md	text	3323
skills/nilearn/references/tutorials/multi-nifti-labels-masker-reduction-strategies/multi-nifti-labels-masker-reduction-strategies.md	text	3286
skills/nilearn/references/tutorials/multi-nifti-labels-masker-resampling-clipped-labels/multi-nifti-labels-masker-resampling-clipped-labels.md	text	4821
skills/nilearn/references/tutorials/multi-nifti-labels-masker-resampling-target/multi-nifti-labels-masker-resampling-target.md	text	4910
skills/nilearn/references/tutorials/multi-nifti-labels-masker-resampling/multi-nifti-labels-masker-resampling.md	text	4414
skills/nilearn/references/tutorials/multi-nifti-labels-masker/multi-nifti-labels-masker.md	text	5084
skills/nilearn/references/tutorials/multi-nifti-maps-masker-data-atlas-different-shape/multi-nifti-maps-masker-data-atlas-different-shape.md	text	2786
skills/nilearn/references/tutorials/multi-nifti-maps-masker-errors-field-of-view/multi-nifti-maps-masker-errors-field-of-view.md	text	3894
skills/nilearn/references/tutorials/multi-nifti-maps-masker-errors/multi-nifti-maps-masker-errors.md	text	2165
skills/nilearn/references/tutorials/multi-nifti-maps-masker-resampling-clipped-mask/multi-nifti-maps-masker-resampling-clipped-mask.md	text	4446
skills/nilearn/references/tutorials/multi-nifti-maps-masker-resampling-to-maps/multi-nifti-maps-masker-resampling-to-maps.md	text	3907
skills/nilearn/references/tutorials/multi-nifti-maps-masker-resampling-to-mask/multi-nifti-maps-masker-resampling-to-mask.md	text	3907
skills/nilearn/references/tutorials/multi-nifti-maps-masker/multi-nifti-maps-masker.md	text	4429
skills/nilearn/references/tutorials/multi-pca-score-single-subject-n-components/multi-pca-score-single-subject-n-components.md	text	3095
skills/nilearn/references/tutorials/multi-pca/multi-pca.md	text	2988
skills/nilearn/references/tutorials/multiple-fast-inv/multiple-fast-inv.md	text	1640
skills/nilearn/references/tutorials/multiple-fast-inverse-errors/multiple-fast-inverse-errors.md	text	1321
skills/nilearn/references/tutorials/n-clusters-warning/n-clusters-warning.md	text	2529
skills/nilearn/references/tutorials/naive-ftp-adapter/naive-ftp-adapter.md	text	1818
skills/nilearn/references/tutorials/nan/nan.md	text	2954
skills/nilearn/references/tutorials/neurosynth-words-vectorized/neurosynth-words-vectorized.md	text	2470
skills/nilearn/references/tutorials/nifti-labels-masker-create-figure-for-report/nifti-labels-masker-create-figure-for-report.md	text	3156
skills/nilearn/references/tutorials/nifti-labels-masker-errors/nifti-labels-masker-errors.md	text	3990
skills/nilearn/references/tutorials/nifti-labels-masker-reduction-strategies/nifti-labels-masker-reduction-strategies.md	text	3692
skills/nilearn/references/tutorials/nifti-labels-masker-resampling-to-clipped-labels/nifti-labels-masker-resampling-to-clipped-labels.md	text	5400
skills/nilearn/references/tutorials/nifti-labels-masker-resampling-to-data/nifti-labels-masker-resampling-to-data.md	text	2780
skills/nilearn/references/tutorials/nifti-labels-masker-resampling-to-labels/nifti-labels-masker-resampling-to-labels.md	text	4387
skills/nilearn/references/tutorials/nifti-labels-masker-resampling-to-none/nifti-labels-masker-resampling-to-none.md	text	2687
skills/nilearn/references/tutorials/nifti-labels-masker-resampling/nifti-labels-masker-resampling.md	text	4173
skills/nilearn/references/tutorials/nifti-labels-masker-with-nans-and-infs-in-data/nifti-labels-masker-with-nans-and-infs-in-data.md	text	2765
skills/nilearn/references/tutorials/nifti-labels-masker-with-nans-and-infs/nifti-labels-masker-with-nans-and-infs.md	text	3228
skills/nilearn/references/tutorials/nifti-labels-masker/nifti-labels-masker.md	text	3431
skills/nilearn/references/tutorials/nifti-maps-masker-clipped-mask/nifti-maps-masker-clipped-mask.md	text	4762
skills/nilearn/references/tutorials/nifti-maps-masker-data-atlas-different-shape/nifti-maps-masker-data-atlas-different-shape.md	text	3060
skills/nilearn/references/tutorials/nifti-maps-masker-errors-field-of-view/nifti-maps-masker-errors-field-of-view.md	text	3660
skills/nilearn/references/tutorials/nifti-maps-masker-resampling-to-maps/nifti-maps-masker-resampling-to-maps.md	text	3834
skills/nilearn/references/tutorials/nifti-maps-masker-resampling-to-mask/nifti-maps-masker-resampling-to-mask.md	text	4153
skills/nilearn/references/tutorials/nifti-maps-masker-with-nans-and-infs-in-data/nifti-maps-masker-with-nans-and-infs-in-data.md	text	3186
skills/nilearn/references/tutorials/nilearn-standardize/nilearn-standardize.md	text	3013
skills/nilearn/references/tutorials/no-data-exceeds-activation-threshold/no-data-exceeds-activation-threshold.md	text	3398
skills/nilearn/references/tutorials/null-to-p-array/null-to-p-array.md	text	1699
skills/nilearn/references/tutorials/one-mesh-info/one-mesh-info.md	text	3069
skills/nilearn/references/tutorials/one-sided-versus-two-test/one-sided-versus-two-test.md	text	3593
skills/nilearn/references/tutorials/operators-adjointness/operators-adjointness.md	text	2697
skills/nilearn/references/tutorials/order-comp/order-comp.md	text	2022
skills/nilearn/references/tutorials/orthogonalize/orthogonalize.md	text	1347
skills/nilearn/references/tutorials/outlier-cut-coords/outlier-cut-coords.md	text	2498
skills/nilearn/references/tutorials/overlap/overlap.md	text	3238
skills/nilearn/references/tutorials/oversampling/oversampling.md	text	3421
skills/nilearn/references/tutorials/pad-contrast-matrix/pad-contrast-matrix.md	text	2576
skills/nilearn/references/tutorials/parallel-fit-builtin-cv/parallel-fit-builtin-cv.md	text	4193
skills/nilearn/references/tutorials/parallel-fit/parallel-fit.md	text	3802
skills/nilearn/references/tutorials/parcellation-with-surface-and-confounds/parcellation-with-surface-and-confounds.md	text	2267
skills/nilearn/references/tutorials/parcellation-with-surface-mask/parcellation-with-surface-mask.md	text	2547
skills/nilearn/references/tutorials/parse-bids-filename/parse-bids-filename.md	text	2475
skills/nilearn/references/tutorials/permutation-computation/permutation-computation.md	text	1887
skills/nilearn/references/tutorials/permuted-ols-check-h0-noeffect-labelswap-centered/permuted-ols-check-h0-noeffect-labelswap-centered.md	text	2094
skills/nilearn/references/tutorials/permuted-ols-check-h0-noeffect-labelswap-uncentered/permuted-ols-check-h0-noeffect-labelswap-uncentered.md	text	1915
skills/nilearn/references/tutorials/permuted-ols-check-h0-noeffect-signswap/permuted-ols-check-h0-noeffect-signswap.md	text	3139
skills/nilearn/references/tutorials/permuted-ols-no-covar-with-intercept/permuted-ols-no-covar-with-intercept.md	text	1684
skills/nilearn/references/tutorials/permuted-ols-nocovar-multivariate/permuted-ols-nocovar-multivariate.md	text	3397
skills/nilearn/references/tutorials/permuted-ols-with-covar-with-intercept/permuted-ols-with-covar-with-intercept.md	text	2379
skills/nilearn/references/tutorials/plot-asymmetric-colorbar-threshold/plot-asymmetric-colorbar-threshold.md	text	2016
skills/nilearn/references/tutorials/plot-carpet-long-acquisition/plot-carpet-long-acquisition.md	text	1984
skills/nilearn/references/tutorials/plot-carpet-with-atlas-and-labels/plot-carpet-with-atlas-and-labels.md	text	2586
skills/nilearn/references/tutorials/plot-carpet-with-atlas/plot-carpet-with-atlas.md	text	1892
skills/nilearn/references/tutorials/plot-connectome-edge-thresholding/plot-connectome-edge-thresholding.md	text	2486
skills/nilearn/references/tutorials/plot-connectome-non-symmetric/plot-connectome-non-symmetric.md	text	2626
skills/nilearn/references/tutorials/plot-connectome-wrong-shapes/plot-connectome-wrong-shapes.md	text	2340
skills/nilearn/references/tutorials/plot-contrast-matrix-colorbar/plot-contrast-matrix-colorbar.md	text	1788
skills/nilearn/references/tutorials/plot-design-matrix-path-str/plot-design-matrix-path-str.md	text	2296
skills/nilearn/references/tutorials/plot-event-error/plot-event-error.md	text	2338
skills/nilearn/references/tutorials/plot-img-comparison-without-plot/plot-img-comparison-without-plot.md	text	3052
skills/nilearn/references/tutorials/plot-img-comparison/plot-img-comparison.md	text	4334
skills/nilearn/references/tutorials/plot-img-on-surf/plot-img-on-surf.md	text	1427
skills/nilearn/references/tutorials/plot-markers-node-sizes-lyrz-display/plot-markers-node-sizes-lyrz-display.md	text	2489
skills/nilearn/references/tutorials/plot-noncurrent-axes/plot-noncurrent-axes.md	text	2139
skills/nilearn/references/tutorials/plot-stat-map-colorbar-variations/plot-stat-map-colorbar-variations.md	text	2205
skills/nilearn/references/tutorials/plot-stat-map-threshold-for-affine-with-rotation/plot-stat-map-threshold-for-affine-with-rotation.md	text	1204
skills/nilearn/references/tutorials/plot-surf-avg-method/plot-surf-avg-method.md	text	3553
skills/nilearn/references/tutorials/plot-surf-contours-axis-title/plot-surf-contours-axis-title.md	text	2991
skills/nilearn/references/tutorials/plot-surf-contours-error/plot-surf-contours-error.md	text	3030
skills/nilearn/references/tutorials/plot-surf-roi-matplotlib-specific-nan-handling/plot-surf-roi-matplotlib-specific-nan-handling.md	text	2283
skills/nilearn/references/tutorials/plot-surf-roi-matplotlib-specific/plot-surf-roi-matplotlib-specific.md	text	3542
skills/nilearn/references/tutorials/plot-surf-stat-map-matplotlib-specific/plot-surf-stat-map-matplotlib-specific.md	text	4980
skills/nilearn/references/tutorials/plot-surf/plot-surf.md	text	2728
skills/nilearn/references/tutorials/plot-symmetric-colorbar-threshold/plot-symmetric-colorbar-threshold.md	text	2022
skills/nilearn/references/tutorials/plot-threshold-for-uint8/plot-threshold-for-uint8.md	text	3149
skills/nilearn/references/tutorials/pos-recipr/pos-recipr.md	text	2424
skills/nilearn/references/tutorials/predicted-r-square/predicted-r-square.md	text	1700
skills/nilearn/references/tutorials/process-mask-shape-mismatch/process-mask-shape-mismatch.md	text	2025
skills/nilearn/references/tutorials/process-second-level-input-as-dataframe/process-second-level-input-as-dataframe.md	text	1680
skills/nilearn/references/tutorials/process-second-level-input-as-firstlevelmodels/process-second-level-input-as-firstlevelmodels.md	text	2772
skills/nilearn/references/tutorials/prox-l1-nonexpansiveness/prox-l1-nonexpansiveness.md	text	1358
skills/nilearn/references/tutorials/prox-tvl1-approximates-prox-l1-for-lasso/prox-tvl1-approximates-prox-l1-for-lasso.md	text	1715
skills/nilearn/references/tutorials/prox-tvl1-verbose/prox-tvl1-verbose.md	text	1546
skills/nilearn/references/tutorials/raises-bbox-error-if-data-outside-box/raises-bbox-error-if-data-outside-box.md	text	3705
skills/nilearn/references/tutorials/relative-and-absolute-thresholds-in-peak-local-max/relative-and-absolute-thresholds-in-peak-local-max.md	text	1551
skills/nilearn/references/tutorials/remove-small-regions/remove-small-regions.md	text	2147
skills/nilearn/references/tutorials/rena-clustering/rena-clustering.md	text	4084
skills/nilearn/references/tutorials/reorder-labels/reorder-labels.md	text	2377
skills/nilearn/references/tutorials/repr-niimgs-force-long-names/repr-niimgs-force-long-names.md	text	4266
skills/nilearn/references/tutorials/request-mocking-autoused-requests/request-mocking-autoused-requests.md	text	2094
skills/nilearn/references/tutorials/request-mocking-autoused-urllib/request-mocking-autoused-urllib.md	text	1601
skills/nilearn/references/tutorials/resample-stat-map/resample-stat-map.md	text	2660
skills/nilearn/references/tutorials/resample-to-mask-warning/resample-to-mask-warning.md	text	2300
skills/nilearn/references/tutorials/resampling-continuous-with-affine/resampling-continuous-with-affine.md	text	2552
skills/nilearn/references/tutorials/resampling-copy-has-no-shared-memory/resampling-copy-has-no-shared-memory.md	text	2943
skills/nilearn/references/tutorials/resampling-fill-value/resampling-fill-value.md	text	2933
skills/nilearn/references/tutorials/resampling-nan/resampling-nan.md	text	4116
skills/nilearn/references/tutorials/resampling-result-axis-permutation/resampling-result-axis-permutation.md	text	5375
skills/nilearn/references/tutorials/resampling-warning-binary-image/resampling-warning-binary-image.md	text	2430
skills/nilearn/references/tutorials/resampling-with-affine/resampling-with-affine.md	text	2709
skills/nilearn/references/tutorials/result-filter-combinations/result-filter-combinations.md	text	3904
skills/nilearn/references/tutorials/result-filter/result-filter.md	text	2884
skills/nilearn/references/tutorials/row-sum-of-squares/row-sum-of-squares.md	text	1585
skills/nilearn/references/tutorials/same-energy-calculus-pure-lasso/same-energy-calculus-pure-lasso.md	text	1873
skills/nilearn/references/tutorials/sample-condition-1/sample-condition-1.md	text	1898
skills/nilearn/references/tutorials/sample-condition-3/sample-condition-3.md	text	2205
skills/nilearn/references/tutorials/sample-mask/sample-mask.md	text	3384
skills/nilearn/references/tutorials/save-cmap/save-cmap.md	text	2223
skills/nilearn/references/tutorials/save-contrast-matrix/save-contrast-matrix.md	text	2371
skills/nilearn/references/tutorials/save-glm-to-bids-contrast-definitions/save-glm-to-bids-contrast-definitions.md	text	5100
skills/nilearn/references/tutorials/save-glm-to-bids-glm-report-new-contrast/save-glm-to-bids-glm-report-new-contrast.md	text	3252
skills/nilearn/references/tutorials/save-glm-to-bids-glm-report-no-contrast/save-glm-to-bids-glm-report-no-contrast.md	text	5402
skills/nilearn/references/tutorials/save-glm-to-bids-infer-filenames/save-glm-to-bids-infer-filenames.md	text	5928
skills/nilearn/references/tutorials/save-glm-to-bids-reset-threshold-warning/save-glm-to-bids-reset-threshold-warning.md	text	2946
skills/nilearn/references/tutorials/save-glm-to-bids-second-level/save-glm-to-bids-second-level.md	text	5150
skills/nilearn/references/tutorials/save-glm-to-bids-serialize-affine/save-glm-to-bids-serialize-affine.md	text	2565
skills/nilearn/references/tutorials/save-glm-to-bids-surface-prefix-override/save-glm-to-bids-surface-prefix-override.md	text	4329
skills/nilearn/references/tutorials/save-sprite/save-sprite.md	text	3002
skills/nilearn/references/tutorials/scaling/scaling.md	text	3347
skills/nilearn/references/tutorials/screening-space-net/screening-space-net.md	text	2111
skills/nilearn/references/tutorials/searchlight-group-cross-validation/searchlight-group-cross-validation.md	text	2282
skills/nilearn/references/tutorials/searchlight-large-radius/searchlight-large-radius.md	text	1734
skills/nilearn/references/tutorials/searchlight-list-3d-images/searchlight-list-3d-images.md	text	1894
skills/nilearn/references/tutorials/searchlight-mask-far-from-signal/searchlight-mask-far-from-signal.md	text	2275
skills/nilearn/references/tutorials/searchlight-medium-radius/searchlight-medium-radius.md	text	2059
skills/nilearn/references/tutorials/searchlight-small-radius/searchlight-small-radius.md	text	1761
skills/nilearn/references/tutorials/second-level-input-as-3d-images/second-level-input-as-3d-images.md	text	3131
skills/nilearn/references/tutorials/seed-extraction/seed-extraction.md	text	1689
skills/nilearn/references/tutorials/select-from-index/select-from-index.md	text	3928
skills/nilearn/references/tutorials/sender-img/sender-img.md	text	1604
skills/nilearn/references/tutorials/sender-key-order/sender-key-order.md	text	2142
skills/nilearn/references/tutorials/sender-path/sender-path.md	text	1910
skills/nilearn/references/tutorials/sender-regex/sender-regex.md	text	2607
skills/nilearn/references/tutorials/sender-response/sender-response.md	text	2001
skills/nilearn/references/tutorials/sender-status/sender-status.md	text	1994
skills/nilearn/references/tutorials/set-slice-timing-ref-warnings/set-slice-timing-ref-warnings.md	text	2933
skills/nilearn/references/tutorials/several-labels-per-entity/several-labels-per-entity.md	text	2946
skills/nilearn/references/tutorials/show-contrast-matrix-axes/show-contrast-matrix-axes.md	text	1993
skills/nilearn/references/tutorials/show-event-plot/show-event-plot.md	text	3709
skills/nilearn/references/tutorials/signal-extraction-nans-in-regions-are-replaced-with-zeros/signal-extraction-nans-in-regions-are-replaced-with-zeros.md	text	2763
skills/nilearn/references/tutorials/signal-extraction-with-maps-and-labels/signal-extraction-with-maps-and-labels.md	text	5435
skills/nilearn/references/tutorials/signals-and-covariances/signals-and-covariances.md	text	1948
skills/nilearn/references/tutorials/signals-extraction-with-labels-with-mask-return-masked-atlas/signals-extraction-with-labels-with-mask-return-masked-atlas.md	text	2610
skills/nilearn/references/tutorials/signals-extraction-with-labels-with-mask/signals-extraction-with-labels-with-mask.md	text	4373
skills/nilearn/references/tutorials/signals-extraction-with-labels-without-mask-return-masked-atlas/signals-extraction-with-labels-without-mask-return-masked-atlas.md	text	2535
skills/nilearn/references/tutorials/signals-extraction-with-labels-without-mask/signals-extraction-with-labels-without-mask.md	text	3546
skills/nilearn/references/tutorials/single-subject-file/single-subject-file.md	text	2949
skills/nilearn/references/tutorials/single-subject-score/single-subject-score.md	text	2726
skills/nilearn/references/tutorials/slm-4d-image/slm-4d-image.md	text	2158
skills/nilearn/references/tutorials/slm-with-dataframes-as-input/slm-with-dataframes-as-input.md	text	2489
skills/nilearn/references/tutorials/slm-with-flm-as-inputs/slm-with-flm-as-inputs.md	text	2253
skills/nilearn/references/tutorials/small-radius/small-radius.md	text	3742
skills/nilearn/references/tutorials/smooth-array-nan-do-not-propagate/smooth-array-nan-do-not-propagate.md	text	1728
skills/nilearn/references/tutorials/smooth-img-scalar-array/smooth-img-scalar-array.md	text	2655
skills/nilearn/references/tutorials/smooth-img-surface-2d/smooth-img-surface-2d.md	text	2612
skills/nilearn/references/tutorials/smooth-img-surface/smooth-img-surface.md	text	3819
skills/nilearn/references/tutorials/smooth-img/smooth-img.md	text	3169
skills/nilearn/references/tutorials/space-net-alpha-grid/space-net-alpha-grid.md	text	2738
skills/nilearn/references/tutorials/space-net-classifier-invalid-loss/space-net-classifier-invalid-loss.md	text	2717
skills/nilearn/references/tutorials/sphere-extraction/sphere-extraction.md	text	3555
skills/nilearn/references/tutorials/squared-loss-derivative-lipschitz-constant/squared-loss-derivative-lipschitz-constant.md	text	2792
skills/nilearn/references/tutorials/squared-loss-gradient-at-simple-points/squared-loss-gradient-at-simple-points.md	text	2225
skills/nilearn/references/tutorials/squared-loss-lipschitz/squared-loss-lipschitz.md	text	1460
skills/nilearn/references/tutorials/squared-loss-path-scores/squared-loss-path-scores.md	text	2249
skills/nilearn/references/tutorials/standardize-boolean/standardize-boolean.md	text	2153
skills/nilearn/references/tutorials/standardize-error/standardize-error.md	text	1368
skills/nilearn/references/tutorials/standardize/standardize.md	text	3958
skills/nilearn/references/tutorials/stat-map-to-png-surface/stat-map-to-png-surface.md	text	3216
skills/nilearn/references/tutorials/stat-map-to-png-volume/stat-map-to-png-volume.md	text	3911
skills/nilearn/references/tutorials/strategies/strategies.md	text	2111
skills/nilearn/references/tutorials/strategy-compcor/strategy-compcor.md	text	3023
skills/nilearn/references/tutorials/strategy-percentile/strategy-percentile.md	text	2696
skills/nilearn/references/tutorials/strategy-scrubbing/strategy-scrubbing.md	text	2898
skills/nilearn/references/tutorials/string-params-case/string-params-case.md	text	2205
skills/nilearn/references/tutorials/subject-order-with-labels/subject-order-with-labels.md	text	2568
skills/nilearn/references/tutorials/subject-order/subject-order.md	text	2474
skills/nilearn/references/tutorials/surface-maps-masker-create-figure-for-report/surface-maps-masker-create-figure-for-report.md	text	2932
skills/nilearn/references/tutorials/surface-masker-minimal-report-fit/surface-masker-minimal-report-fit.md	text	2269
skills/nilearn/references/tutorials/surface/surface.md	text	2018
skills/nilearn/references/tutorials/sym-matrix-to-vec-is-the-inverse-of-vec-to-sym-matrix/sym-matrix-to-vec-is-the-inverse-of-vec-to-sym-matrix.md	text	3358
skills/nilearn/references/tutorials/sym-matrix-to-vec/sym-matrix-to-vec.md	text	1777
skills/nilearn/references/tutorials/t-contrast-add/t-contrast-add.md	text	1693
skills/nilearn/references/tutorials/t-output/t-output.md	text	3892
skills/nilearn/references/tutorials/t-score-with-covars-and-normalized-design-nocovar/t-score-with-covars-and-normalized-design-nocovar.md	text	2091
skills/nilearn/references/tutorials/t-score-with-covars-and-normalized-design-withcovar/t-score-with-covars-and-normalized-design-withcovar.md	text	2482
skills/nilearn/references/tutorials/tedana-happy-path/tedana-happy-path.md	text	2751
skills/nilearn/references/tutorials/temp-nilearn-home-autoused/temp-nilearn-home-autoused.md	text	2397
skills/nilearn/references/tutorials/tfce-smoke-legacy-smoke/tfce-smoke-legacy-smoke.md	text	2903
skills/nilearn/references/tutorials/tfce/tfce.md	text	2333
skills/nilearn/references/tutorials/threshold-data/threshold-data.md	text	3289
skills/nilearn/references/tutorials/threshold-stats-img-no-height-control/threshold-stats-img-no-height-control.md	text	3424
skills/nilearn/references/tutorials/threshold-stats-img/threshold-stats-img.md	text	3496
skills/nilearn/references/tutorials/tikhonov-regularization-vs-graph-net/tikhonov-regularization-vs-graph-net.md	text	3491
skills/nilearn/references/tutorials/transfer-deprecated-param-vals/transfer-deprecated-param-vals.md	text	1041
skills/nilearn/references/tutorials/transform-applies-mask-correctly/transform-applies-mask-correctly.md	text	2130
skills/nilearn/references/tutorials/transform-confounds/transform-confounds.md	text	2899
skills/nilearn/references/tutorials/transform-inverse-transform-no-mask/transform-inverse-transform-no-mask.md	text	2745
skills/nilearn/references/tutorials/transform-inverse-transform-with-mask/transform-inverse-transform-with-mask.md	text	3665
skills/nilearn/references/tutorials/transform-list-3d-input-images/transform-list-3d-input-images.md	text	2442
skills/nilearn/references/tutorials/transform-nifti-masker/transform-nifti-masker.md	text	2344
skills/nilearn/references/tutorials/transform-single-3d-input-images/transform-single-3d-input-images.md	text	2046
skills/nilearn/references/tutorials/transform-with-mask/transform-with-mask.md	text	3708
skills/nilearn/references/tutorials/transform-with-multi-confounds-multi-images/transform-with-multi-confounds-multi-images.md	text	2159
skills/nilearn/references/tutorials/transform/transform.md	text	2449
skills/nilearn/references/tutorials/trim-maps-all-regions/trim-maps-all-regions.md	text	4034
skills/nilearn/references/tutorials/tv-regression-3d-image-doesnt-crash/tv-regression-3d-image-doesnt-crash.md	text	2289
skills/nilearn/references/tutorials/tv-regression-simple/tv-regression-simple.md	text	2311
skills/nilearn/references/tutorials/tvl1-from-gradient/tvl1-from-gradient.md	text	2292
skills/nilearn/references/tutorials/two-runs-model/two-runs-model.md	text	2402
skills/nilearn/references/tutorials/two-sided-recover-positive-and-negative-effects/two-sided-recover-positive-and-negative-effects.md	text	3563
skills/nilearn/references/tutorials/two-sided/two-sided.md	text	2707
skills/nilearn/references/tutorials/unmask-4d/unmask-4d.md	text	3380
skills/nilearn/references/tutorials/vertex-outer-normals/vertex-outer-normals.md	text	1436
skills/nilearn/references/tutorials/view-surf/view-surf.md	text	3692
skills/nilearn/references/tutorials/warning-all-voxels-masked-thresholding/warning-all-voxels-masked-thresholding.md	text	2342
skills/nilearn/references/tutorials/warning-all-voxels-masked/warning-all-voxels-masked.md	text	2297
skills/nilearn/references/tutorials/warning-no-volumes-left/warning-no-volumes-left.md	text	2436
skills/nilearn/references/tutorials/warning-overriding-with-masker-parameter/warning-overriding-with-masker-parameter.md	text	1816
skills/nilearn/references/tutorials/warning/warning.md	text	2043
skills/nilearn/references/tutorials/with-confounds/with-confounds.md	text	3085
skills/nilearn/references/tutorials/with-flm-objects/with-flm-objects.md	text	2678
skills/nilearn/references/tutorials/with-paths/with-paths.md	text	3969
skills/nilearn/references/tutorials/wrap-param-grid/wrap-param-grid.md	text	2325
skills/nilearn/references/tutorials/write-read-metadata/write-read-metadata.md	text	2539
skills/nilearn/references/tutorials/z-score-f-values/z-score-f-values.md	text	3653
skills/nilearn/references/tutorials/z-score-opposite-contrast/z-score-opposite-contrast.md	text	4406
skills/nilearn/references/tutorials/z-score-t-values/z-score-t-values.md	text	2778
skills/nilearn/references/tutorials/zeros-affine-diagonal/zeros-affine-diagonal.md	text	2048
skills/nipype/SKILL.md	text	3952
skills/nipype/code/README.md	text	893
skills/nipype/code/api_examples.md	text	1913
skills/nipype/code/source_example_index.md	text	1499
skills/nipype/code/source_snippets/documentation_snippets.md	text	4601
skills/nipype/code/source_snippets/source_test_snippets.md	text	22270
skills/nipype/code/source_snippets/tutorial_snippets.md	text	23926
skills/nipype/code/tutorial_index.md	text	10912
skills/nipype/code_analysis.json	json	17
skills/nipype/quality_report.json	json	1323
skills/nipype/references/documentation/community/CODE_OF_CONDUCT.md	text	3262
skills/nipype/references/documentation/contributing/CONTRIBUTING.md	text	9708
skills/nipype/references/documentation/examples/README.md	text	407
skills/nipype/references/documentation/other/0.X.X-changelog.rst	text	44265
skills/nipype/references/documentation/other/1.X.X-changelog.rst	text	60261
skills/nipype/references/documentation/other/ISSUE_TEMPLATE.md	text	560
skills/nipype/references/documentation/other/PULL_REQUEST_TEMPLATE.md	text	747
skills/nipype/references/documentation/other/about.rst	text	1915
skills/nipype/references/documentation/other/architecture.rst	text	3813
skills/nipype/references/documentation/other/changes.rst	text	209
skills/nipype/references/documentation/other/cmd_interface_devel.rst	text	8251
skills/nipype/references/documentation/other/configure_git.rst	text	3059
skills/nipype/references/documentation/other/developers.rst	text	189
skills/nipype/references/documentation/other/development_workflow.rst	text	7933
skills/nipype/references/documentation/other/examples.rst	text	562
skills/nipype/references/documentation/other/filename_generation.rst	text	5765
skills/nipype/references/documentation/other/following_latest.rst	text	830
skills/nipype/references/documentation/other/forking_hell.rst	text	1124
skills/nipype/references/documentation/other/git_development.rst	text	201
skills/nipype/references/documentation/other/git_install.rst	text	585
skills/nipype/references/documentation/other/git_intro.rst	text	542
skills/nipype/references/documentation/other/git_resources.rst	text	1826
skills/nipype/references/documentation/other/index.rst	text	2130
skills/nipype/references/documentation/other/install.rst	text	3694
skills/nipype/references/documentation/other/interface_specs.rst	text	24978
skills/nipype/references/documentation/other/interfaces.rst	text	7765
skills/nipype/references/documentation/other/matlab_interface_devel.rst	text	869
skills/nipype/references/documentation/other/patching.rst	text	4021
skills/nipype/references/documentation/other/provenance.rst	text	909
skills/nipype/references/documentation/other/python_interface_devel.rst	text	1884
skills/nipype/references/documentation/other/quickstart.rst	text	1854
skills/nipype/references/documentation/other/searchresults.rst	text	634
skills/nipype/references/documentation/other/set_up_fork.rst	text	1982
skills/nipype/references/documentation/other/software_using_nipype.rst	text	4218
skills/nipype/references/documentation/other/testing_nipype.rst	text	3858
skills/nipype/references/documentation/other/writing_custom_interfaces.rst	text	155
skills/nipype/references/documentation/overview/README.rst	text	5117
skills/nipype/references/documentation/overview/THANKS.rst	text	1599
skills/nipype/references/documentation/workflows/workflow_failure.md	text	238
skills/nipype/references/tutorials/1mod/1mod.md	text	2004
skills/nipype/references/tutorials/2mods/2mods.md	text	2291
skills/nipype/references/tutorials/3mods/3mods.md	text	3410
skills/nipype/references/tutorials/aboverlap-inputs/aboverlap-inputs.md	text	1417
skills/nipype/references/tutorials/accuracytester-inputs/accuracytester-inputs.md	text	1040
skills/nipype/references/tutorials/activationcount-normaldistr/activationcount-normaldistr.md	text	2170
skills/nipype/references/tutorials/activationcount/activationcount.md	text	1940
skills/nipype/references/tutorials/actpreparefsl-inputs/actpreparefsl-inputs.md	text	938
skills/nipype/references/tutorials/ad-get-affine-matrix/ad-get-affine-matrix.md	text	637
skills/nipype/references/tutorials/addscalarvolumes-inputs/addscalarvolumes-inputs.md	text	1059
skills/nipype/references/tutorials/addxformtoheader-inputs/addxformtoheader-inputs.md	text	1214
skills/nipype/references/tutorials/affine-inputs/affine-inputs.md	text	1581
skills/nipype/references/tutorials/affineinitializer-inputs/affineinitializer-inputs.md	text	1783
skills/nipype/references/tutorials/affineregistration-inputs/affineregistration-inputs.md	text	2013
skills/nipype/references/tutorials/affinetask-inputs/affinetask-inputs.md	text	1593
skills/nipype/references/tutorials/affscalarvol-inputs/affscalarvol-inputs.md	text	1861
skills/nipype/references/tutorials/affscalarvoltask-inputs/affscalarvoltask-inputs.md	text	1873
skills/nipype/references/tutorials/affsymtensor3dvol-inputs/affsymtensor3dvol-inputs.md	text	1986
skills/nipype/references/tutorials/affsymtensor3dvoltask-inputs/affsymtensor3dvoltask-inputs.md	text	1998
skills/nipype/references/tutorials/afnicommand-inputs/afnicommand-inputs.md	text	938
skills/nipype/references/tutorials/afnipythoncommand-inputs/afnipythoncommand-inputs.md	text	956
skills/nipype/references/tutorials/afnitonifti-inputs/afnitonifti-inputs.md	text	1439
skills/nipype/references/tutorials/ai-inputs/ai-inputs.md	text	2138
skills/nipype/references/tutorials/alignepianatpy-inputs/alignepianatpy-inputs.md	text	1769
skills/nipype/references/tutorials/alignepianatpy-outputs/alignepianatpy-outputs.md	text	1203
skills/nipype/references/tutorials/analyzeheader-inputs/analyzeheader-inputs.md	text	3267
skills/nipype/references/tutorials/analyzewarp-inputs/analyzewarp-inputs.md	text	1448
skills/nipype/references/tutorials/ants-inputs/ants-inputs.md	text	3249
skills/nipype/references/tutorials/ants-mand/ants-mand.md	text	2169
skills/nipype/references/tutorials/antsintroduction-inputs/antsintroduction-inputs.md	text	1885
skills/nipype/references/tutorials/aparc2aseg-inputs/aparc2aseg-inputs.md	text	2442
skills/nipype/references/tutorials/apas2aseg-inputs/apas2aseg-inputs.md	text	893
skills/nipype/references/tutorials/apply-transform/apply-transform.md	text	2169
skills/nipype/references/tutorials/applydeformations-inputs/applydeformations-inputs.md	text	1274
skills/nipype/references/tutorials/applyinversedeformation-inputs/applyinversedeformation-inputs.md	text	1667
skills/nipype/references/tutorials/applymask-inputs/applymask-inputs.md	text	1413
skills/nipype/references/tutorials/applytopup-inputs/applytopup-inputs.md	text	1820
skills/nipype/references/tutorials/applytransform-inputs/applytransform-inputs.md	text	1028
skills/nipype/references/tutorials/applytransforms-inputs/applytransforms-inputs.md	text	2124
skills/nipype/references/tutorials/applytransformstopoints-inputs/applytransformstopoints-inputs.md	text	1368
skills/nipype/references/tutorials/applyvdm-inputs/applyvdm-inputs.md	text	1637
skills/nipype/references/tutorials/applyvoltransform-inputs/applyvoltransform-inputs.md	text	5180
skills/nipype/references/tutorials/applywarp-inputs/applywarp-inputs.md	text	1162
skills/nipype/references/tutorials/applywarp/applywarp.md	text	2389
skills/nipype/references/tutorials/applyxfm-inputs/applyxfm-inputs.md	text	5947
skills/nipype/references/tutorials/ar1image-inputs/ar1image-inputs.md	text	1376
skills/nipype/references/tutorials/artifactdetect-inputs/artifactdetect-inputs.md	text	1999
skills/nipype/references/tutorials/associated-file/associated-file.md	text	2243
skills/nipype/references/tutorials/autobox-inputs/autobox-inputs.md	text	1239
skills/nipype/references/tutorials/automask-inputs/automask-inputs.md	text	1531
skills/nipype/references/tutorials/autotcorrelate-inputs/autotcorrelate-inputs.md	text	1699
skills/nipype/references/tutorials/autotlrc-inputs/autotlrc-inputs.md	text	949
skills/nipype/references/tutorials/aux-connect-function/aux-connect-function.md	text	3193
skills/nipype/references/tutorials/average-inputs/average-inputs.md	text	7078
skills/nipype/references/tutorials/averageaffinetransform-inputs/averageaffinetransform-inputs.md	text	1134
skills/nipype/references/tutorials/averageimages-inputs/averageimages-inputs.md	text	1245
skills/nipype/references/tutorials/avscale-inputs/avscale-inputs.md	text	895
skills/nipype/references/tutorials/avscale-outputs/avscale-outputs.md	text	963
skills/nipype/references/tutorials/aws-keys-from-env/aws-keys-from-env.md	text	2448
skills/nipype/references/tutorials/axialize-inputs/axialize-inputs.md	text	1602
skills/nipype/references/tutorials/b0calc-inputs/b0calc-inputs.md	text	2475
skills/nipype/references/tutorials/bbox-inputs/bbox-inputs.md	text	1789
skills/nipype/references/tutorials/bbregister-inputs/bbregister-inputs.md	text	5062
skills/nipype/references/tutorials/bbregister/bbregister.md	text	2738
skills/nipype/references/tutorials/bdp-inputs/bdp-inputs.md	text	6470
skills/nipype/references/tutorials/beast-inputs/beast-inputs.md	text	2975
skills/nipype/references/tutorials/bedpostx5-inputs/bedpostx5-inputs.md	text	3401
skills/nipype/references/tutorials/bedpostx5-outputs/bedpostx5-outputs.md	text	974
skills/nipype/references/tutorials/bestlinreg-inputs/bestlinreg-inputs.md	text	1741
skills/nipype/references/tutorials/bet-inputs/bet-inputs.md	text	3394
skills/nipype/references/tutorials/bet-outputs/bet-outputs.md	text	1359
skills/nipype/references/tutorials/bet/bet.md	text	4295
skills/nipype/references/tutorials/bfc-inputs/bfc-inputs.md	text	2974
skills/nipype/references/tutorials/bigaverage-inputs/bigaverage-inputs.md	text	1703
skills/nipype/references/tutorials/binary-maths/binary-maths.md	text	2270
skills/nipype/references/tutorials/binary-stats/binary-stats.md	text	2004
skills/nipype/references/tutorials/binarymaskeditorbasedonlandmarks-inputs/binarymaskeditorbasedonlandmarks-inputs.md	text	1822
skills/nipype/references/tutorials/binarymaths-inputs/binarymaths-inputs.md	text	1797
skills/nipype/references/tutorials/binarymathsinteger-inputs/binarymathsinteger-inputs.md	text	1314
skills/nipype/references/tutorials/binarystats-inputs/binarystats-inputs.md	text	1449
skills/nipype/references/tutorials/binthresh-inputs/binthresh-inputs.md	text	1607
skills/nipype/references/tutorials/binthreshtask-inputs/binthreshtask-inputs.md	text	1619
skills/nipype/references/tutorials/blob-inputs/blob-inputs.md	text	1325
skills/nipype/references/tutorials/blur-inputs/blur-inputs.md	text	2053
skills/nipype/references/tutorials/blurinmask-inputs/blurinmask-inputs.md	text	1729
skills/nipype/references/tutorials/blurtofwhm-inputs/blurtofwhm-inputs.md	text	1485
skills/nipype/references/tutorials/bool/bool.md	text	2395
skills/nipype/references/tutorials/brainextraction-inputs/brainextraction-inputs.md	text	1946
skills/nipype/references/tutorials/brainextraction-outputs/brainextraction-outputs.md	text	2208
skills/nipype/references/tutorials/brainmask-inputs/brainmask-inputs.md	text	1741
skills/nipype/references/tutorials/brainsalignmsp-inputs/brainsalignmsp-inputs.md	text	2101
skills/nipype/references/tutorials/brainsclipinferior-inputs/brainsclipinferior-inputs.md	text	1197
skills/nipype/references/tutorials/brainsconstellationdetector-inputs/brainsconstellationdetector-inputs.md	text	5769
skills/nipype/references/tutorials/brainsconstellationdetector-outputs/brainsconstellationdetector-outputs.md	text	1380
skills/nipype/references/tutorials/brainsconstellationmodeler-inputs/brainsconstellationmodeler-inputs.md	text	2335
skills/nipype/references/tutorials/brainscut-inputs/brainscut-inputs.md	text	2441
skills/nipype/references/tutorials/brainsdemonwarp-inputs/brainsdemonwarp-inputs.md	text	5847
skills/nipype/references/tutorials/brainsfit-inputs/brainsfit-inputs.md	text	8393
skills/nipype/references/tutorials/brainsinitializedcontrolpoints-inputs/brainsinitializedcontrolpoints-inputs.md	text	1371
skills/nipype/references/tutorials/brainslandmarkinitializer-inputs/brainslandmarkinitializer-inputs.md	text	1344
skills/nipype/references/tutorials/brainslmktransform-inputs/brainslmktransform-inputs.md	text	1683
skills/nipype/references/tutorials/brainsmush-inputs/brainsmush-inputs.md	text	2593
skills/nipype/references/tutorials/brainsposteriortocontinuousclass-inputs/brainsposteriortocontinuousclass-inputs.md	text	1815
skills/nipype/references/tutorials/brainsresample-inputs/brainsresample-inputs.md	text	1901
skills/nipype/references/tutorials/brainsroiauto-inputs/brainsroiauto-inputs.md	text	1911
skills/nipype/references/tutorials/brainstalairach-inputs/brainstalairach-inputs.md	text	1598
skills/nipype/references/tutorials/brainstalairachmask-inputs/brainstalairachmask-inputs.md	text	1336
skills/nipype/references/tutorials/brainstransformconvert-inputs/brainstransformconvert-inputs.md	text	1449
skills/nipype/references/tutorials/brainstrimforegroundindirection-inputs/brainstrimforegroundindirection-inputs.md	text	1566
skills/nipype/references/tutorials/brickstat-inputs/brickstat-inputs.md	text	1297
skills/nipype/references/tutorials/bru2-inputs/bru2-inputs.md	text	1070
skills/nipype/references/tutorials/bse-inputs/bse-inputs.md	text	2596
skills/nipype/references/tutorials/bsplinedeformableregistration-inputs/bsplinedeformableregistration-inputs.md	text	2150
skills/nipype/references/tutorials/bucket-inputs/bucket-inputs.md	text	980
skills/nipype/references/tutorials/buildconnectome-inputs/buildconnectome-inputs.md	text	2116
skills/nipype/references/tutorials/buildtemplateparallel-inputs/buildtemplateparallel-inputs.md	text	2012
skills/nipype/references/tutorials/bunch-hash/bunch-hash.md	text	1638
skills/nipype/references/tutorials/c3d-inputs/c3d-inputs.md	text	1582
skills/nipype/references/tutorials/c3daffinetool-inputs/c3daffinetool-inputs.md	text	1222
skills/nipype/references/tutorials/calabel-inputs/calabel-inputs.md	text	1990
skills/nipype/references/tutorials/calc-inputs/calc-inputs.md	text	1784
skills/nipype/references/tutorials/calccoregaffine-inputs/calccoregaffine-inputs.md	text	1059
skills/nipype/references/tutorials/calctopncc-inputs/calctopncc-inputs.md	text	1259
skills/nipype/references/tutorials/callback-exception/callback-exception.md	text	2269
skills/nipype/references/tutorials/callback-gantt/callback-gantt.md	text	3837
skills/nipype/references/tutorials/callback-normal/callback-normal.md	text	2017
skills/nipype/references/tutorials/camino2trackvis-inputs/camino2trackvis-inputs.md	text	1617
skills/nipype/references/tutorials/cannyedge-inputs/cannyedge-inputs.md	text	1140
skills/nipype/references/tutorials/cannysegmentationlevelsetimagefilter-inputs/cannysegmentationlevelsetimagefilter-inputs.md	text	1747
skills/nipype/references/tutorials/canormalize-inputs/canormalize-inputs.md	text	1684
skills/nipype/references/tutorials/caregister-inputs/caregister-inputs.md	text	1747
skills/nipype/references/tutorials/castscalarvolume-inputs/castscalarvolume-inputs.md	text	929
skills/nipype/references/tutorials/cat-inputs/cat-inputs.md	text	2415
skills/nipype/references/tutorials/cat12sanlmdenoising-inputs/cat12sanlmdenoising-inputs.md	text	1764
skills/nipype/references/tutorials/cat12segment-inputs/cat12segment-inputs.md	text	7275
skills/nipype/references/tutorials/cat12segment-outputs/cat12segment-outputs.md	text	1982
skills/nipype/references/tutorials/catmatvec-inputs/catmatvec-inputs.md	text	1511
skills/nipype/references/tutorials/centermass-inputs/centermass-inputs.md	text	1538
skills/nipype/references/tutorials/cerebro-inputs/cerebro-inputs.md	text	2580
skills/nipype/references/tutorials/cffconverter-inputs/cffconverter-inputs.md	text	1360
skills/nipype/references/tutorials/chained-namesource/chained-namesource.md	text	2519
skills/nipype/references/tutorials/changedatatype-inputs/changedatatype-inputs.md	text	1302
skills/nipype/references/tutorials/changedt/changedt.md	text	2365
skills/nipype/references/tutorials/checkerboardfilter-inputs/checkerboardfilter-inputs.md	text	1127
skills/nipype/references/tutorials/checktalairachalignment-inputs/checktalairachalignment-inputs.md	text	1127
skills/nipype/references/tutorials/cifs-check/cifs-check.md	text	2112
skills/nipype/references/tutorials/ciftismooth-inputs/ciftismooth-inputs.md	text	3021
skills/nipype/references/tutorials/classifier-inputs/classifier-inputs.md	text	1094
skills/nipype/references/tutorials/cliplevel-inputs/cliplevel-inputs.md	text	1082
skills/nipype/references/tutorials/clone-node-iterables/clone-node-iterables.md	text	2093
skills/nipype/references/tutorials/cluster-inputs/cluster-inputs.md	text	3389
skills/nipype/references/tutorials/coherence-analysis/coherence-analysis.md	text	4544
skills/nipype/references/tutorials/coherenceanalyzer-inputs/coherenceanalyzer-inputs.md	text	1064
skills/nipype/references/tutorials/commandline-environ/commandline-environ.md	text	3123
skills/nipype/references/tutorials/commandline-escape/commandline-escape.md	text	1819
skills/nipype/references/tutorials/commandline-prefix/commandline-prefix.md	text	2793
skills/nipype/references/tutorials/comparetractinclusion-inputs/comparetractinclusion-inputs.md	text	1530
skills/nipype/references/tutorials/compcor-bad-input-shapes/compcor-bad-input-shapes.md	text	1310
skills/nipype/references/tutorials/complex-inputs/complex-inputs.md	text	5889
skills/nipype/references/tutorials/composemultitransform-inputs/composemultitransform-inputs.md	text	1371
skills/nipype/references/tutorials/composexfm-inputs/composexfm-inputs.md	text	983
skills/nipype/references/tutorials/composexfmtask-inputs/composexfmtask-inputs.md	text	995
skills/nipype/references/tutorials/computedvars-inputs/computedvars-inputs.md	text	1462
skills/nipype/references/tutorials/computedvars-outputs/computedvars-outputs.md	text	1024
skills/nipype/references/tutorials/computeeigensystem-inputs/computeeigensystem-inputs.md	text	1358
skills/nipype/references/tutorials/computefractionalanisotropy-inputs/computefractionalanisotropy-inputs.md	text	1341
skills/nipype/references/tutorials/computemeandiffusivity-inputs/computemeandiffusivity-inputs.md	text	1326
skills/nipype/references/tutorials/computemeshwarp-inputs/computemeshwarp-inputs.md	text	988
skills/nipype/references/tutorials/computetdi-inputs/computetdi-inputs.md	text	2308
skills/nipype/references/tutorials/computetensortrace-inputs/computetensortrace-inputs.md	text	1314
skills/nipype/references/tutorials/concatenate/concatenate.md	text	4699
skills/nipype/references/tutorials/concatenatelta-inputs/concatenatelta-inputs.md	text	1969
skills/nipype/references/tutorials/conmat-inputs/conmat-inputs.md	text	1683
skills/nipype/references/tutorials/constrainedsphericaldeconvolution-inputs/constrainedsphericaldeconvolution-inputs.md	text	3045
skills/nipype/references/tutorials/cont-to-str/cont-to-str.md	text	1644
skills/nipype/references/tutorials/contrast-inputs/contrast-inputs.md	text	1472
skills/nipype/references/tutorials/contrastmgr-inputs/contrastmgr-inputs.md	text	1625
skills/nipype/references/tutorials/convert-inputs/convert-inputs.md	text	1420
skills/nipype/references/tutorials/convert-to-traits-type/convert-to-traits-type.md	text	5217
skills/nipype/references/tutorials/convertdset-inputs/convertdset-inputs.md	text	1175
skills/nipype/references/tutorials/convertscalarimagetorgb-inputs/convertscalarimagetorgb-inputs.md	text	2043
skills/nipype/references/tutorials/convertwarp-inputs/convertwarp-inputs.md	text	2539
skills/nipype/references/tutorials/convertxfm-inputs/convertxfm-inputs.md	text	1802
skills/nipype/references/tutorials/convertxfm/convertxfm.md	text	2508
skills/nipype/references/tutorials/copy-header/copy-header.md	text	3212
skills/nipype/references/tutorials/copy-inputs/copy-inputs.md	text	1345
skills/nipype/references/tutorials/copyfallback/copyfallback.md	text	2828
skills/nipype/references/tutorials/copyfile-true/copyfile-true.md	text	1581
skills/nipype/references/tutorials/copyfile/copyfile.md	text	1549
skills/nipype/references/tutorials/copyfiles/copyfiles.md	text	2490
skills/nipype/references/tutorials/copygeom-inputs/copygeom-inputs.md	text	1182
skills/nipype/references/tutorials/coreg/coreg.md	text	2753
skills/nipype/references/tutorials/coregister-inputs/coregister-inputs.md	text	1897
skills/nipype/references/tutorials/cortex-inputs/cortex-inputs.md	text	1609
skills/nipype/references/tutorials/corticalthickness-inputs/corticalthickness-inputs.md	text	2902
skills/nipype/references/tutorials/corticalthickness-outputs/corticalthickness-outputs.md	text	1677
skills/nipype/references/tutorials/crashfile-creation/crashfile-creation.md	text	1928
skills/nipype/references/tutorials/create-interface-specs/create-interface-specs.md	text	2973
skills/nipype/references/tutorials/createjacobiandeterminantimage-inputs/createjacobiandeterminantimage-inputs.md	text	1368
skills/nipype/references/tutorials/creatematrix-inputs/creatematrix-inputs.md	text	1827
skills/nipype/references/tutorials/creatematrix-outputs/creatematrix-outputs.md	text	2015
skills/nipype/references/tutorials/createnifti/createnifti.md	text	2026
skills/nipype/references/tutorials/createtiledmosaic-inputs/createtiledmosaic-inputs.md	text	1653
skills/nipype/references/tutorials/createwarped-inputs/createwarped-inputs.md	text	1297
skills/nipype/references/tutorials/csd-inputs/csd-inputs.md	text	1152
skills/nipype/references/tutorials/csvreader-quoted/csvreader-quoted.md	text	1777
skills/nipype/references/tutorials/csvreader-tabs/csvreader-tabs.md	text	2908
skills/nipype/references/tutorials/csvreader/csvreader.md	text	2851
skills/nipype/references/tutorials/curvature-inputs/curvature-inputs.md	text	1165
skills/nipype/references/tutorials/curvatureanisotropicdiffusion-inputs/curvatureanisotropicdiffusion-inputs.md	text	1159
skills/nipype/references/tutorials/curvaturestats-inputs/curvaturestats-inputs.md	text	1798
skills/nipype/references/tutorials/cycle-namesource1/cycle-namesource1.md	text	2385
skills/nipype/references/tutorials/cycle-namesource2/cycle-namesource2.md	text	2893
skills/nipype/references/tutorials/dartel-inputs/dartel-inputs.md	text	1331
skills/nipype/references/tutorials/dartelnorm2mni-inputs/dartelnorm2mni-inputs.md	text	1629
skills/nipype/references/tutorials/datafinder-depth/datafinder-depth.md	text	2357
skills/nipype/references/tutorials/datagrabber-order/datagrabber-order.md	text	2951
skills/nipype/references/tutorials/datasink-copydir-1/datasink-copydir-1.md	text	2008
skills/nipype/references/tutorials/datasink-copydir-2/datasink-copydir-2.md	text	2245
skills/nipype/references/tutorials/datasink-inputs/datasink-inputs.md	text	1055
skills/nipype/references/tutorials/datasink-localcopy/datasink-localcopy.md	text	3011
skills/nipype/references/tutorials/datasink-substitutions/datasink-substitutions.md	text	2622
skills/nipype/references/tutorials/datasink-to-s3/datasink-to-s3.md	text	4491
skills/nipype/references/tutorials/dcm2nii-inputs/dcm2nii-inputs.md	text	2471
skills/nipype/references/tutorials/dcm2niix-dti/dcm2niix-dti.md	text	3058
skills/nipype/references/tutorials/debug/debug.md	text	2265
skills/nipype/references/tutorials/degreecentrality-inputs/degreecentrality-inputs.md	text	1655
skills/nipype/references/tutorials/denoise-inputs/denoise-inputs.md	text	1043
skills/nipype/references/tutorials/denoiseimage-inputs/denoiseimage-inputs.md	text	1877
skills/nipype/references/tutorials/despike-inputs/despike-inputs.md	text	1112
skills/nipype/references/tutorials/detrend-inputs/detrend-inputs.md	text	1112
skills/nipype/references/tutorials/dewisp-inputs/dewisp-inputs.md	text	1139
skills/nipype/references/tutorials/dfs-inputs/dfs-inputs.md	text	2312
skills/nipype/references/tutorials/dicomconvert-inputs/dicomconvert-inputs.md	text	1271
skills/nipype/references/tutorials/dicomimport-inputs/dicomimport-inputs.md	text	1241
skills/nipype/references/tutorials/dicomtonrrdconverter-inputs/dicomtonrrdconverter-inputs.md	text	1577
skills/nipype/references/tutorials/diffeo-inputs/diffeo-inputs.md	text	1401
skills/nipype/references/tutorials/diffeoscalarvol-inputs/diffeoscalarvol-inputs.md	text	1664
skills/nipype/references/tutorials/diffeoscalarvoltask-inputs/diffeoscalarvoltask-inputs.md	text	1676
skills/nipype/references/tutorials/diffeosymtensor3dvol-inputs/diffeosymtensor3dvol-inputs.md	text	1875
skills/nipype/references/tutorials/diffeosymtensor3dvoltask-inputs/diffeosymtensor3dvoltask-inputs.md	text	1887
skills/nipype/references/tutorials/diffeotask-inputs/diffeotask-inputs.md	text	1413
skills/nipype/references/tutorials/diffusiontensorscalarmeasurements-inputs/diffusiontensorscalarmeasurements-inputs.md	text	1007
skills/nipype/references/tutorials/diffusiontensorstreamlinetrack-inputs/diffusiontensorstreamlinetrack-inputs.md	text	4363
skills/nipype/references/tutorials/diffusionweightedvolumemasking-inputs/diffusionweightedvolumemasking-inputs.md	text	1252
skills/nipype/references/tutorials/dilateimage-inputs/dilateimage-inputs.md	text	1094
skills/nipype/references/tutorials/dilatemask-inputs/dilatemask-inputs.md	text	1241
skills/nipype/references/tutorials/dilation/dilation.md	text	3958
skills/nipype/references/tutorials/directions2amplitude-inputs/directions2amplitude-inputs.md	text	1596
skills/nipype/references/tutorials/distancemap-inputs/distancemap-inputs.md	text	1249
skills/nipype/references/tutorials/distancemap/distancemap.md	text	2575
skills/nipype/references/tutorials/distancemaps-inputs/distancemaps-inputs.md	text	1137
skills/nipype/references/tutorials/doubleconnect/doubleconnect.md	text	2193
skills/nipype/references/tutorials/dt2nifti-inputs/dt2nifti-inputs.md	text	1098
skills/nipype/references/tutorials/dtiestim-inputs/dtiestim-inputs.md	text	2350
skills/nipype/references/tutorials/dtifit-inputs/dtifit-inputs.md	text	2084
skills/nipype/references/tutorials/dtifit-outputs/dtifit-outputs.md	text	1086
skills/nipype/references/tutorials/dtifit2/dtifit2.md	text	2397
skills/nipype/references/tutorials/dtiimport-inputs/dtiimport-inputs.md	text	927
skills/nipype/references/tutorials/dtiprocess-inputs/dtiprocess-inputs.md	text	4594
skills/nipype/references/tutorials/dtiprocess-outputs/dtiprocess-outputs.md	text	2157
skills/nipype/references/tutorials/dtirecon-inputs/dtirecon-inputs.md	text	1480
skills/nipype/references/tutorials/dtirecon-outputs/dtirecon-outputs.md	text	1106
skills/nipype/references/tutorials/dtitracker-inputs/dtitracker-inputs.md	text	2346
skills/nipype/references/tutorials/dtlutgen-inputs/dtlutgen-inputs.md	text	1774
skills/nipype/references/tutorials/dtmetric-inputs/dtmetric-inputs.md	text	1354
skills/nipype/references/tutorials/dualregression-inputs/dualregression-inputs.md	text	1644
skills/nipype/references/tutorials/dump-inputs/dump-inputs.md	text	2081
skills/nipype/references/tutorials/duplicate-node-check/duplicate-node-check.md	text	3008
skills/nipype/references/tutorials/dvars/dvars.md	text	3225
skills/nipype/references/tutorials/dwi-tool/dwi-tool.md	text	4039
skills/nipype/references/tutorials/dwi2sphericalharmonicsimage-inputs/dwi2sphericalharmonicsimage-inputs.md	text	1309
skills/nipype/references/tutorials/dwi2tensor-inputs/dwi2tensor-inputs.md	text	1677
skills/nipype/references/tutorials/dwibiascorrect-inputs/dwibiascorrect-inputs.md	text	2361
skills/nipype/references/tutorials/dwiconvert-inputs/dwiconvert-inputs.md	text	2932
skills/nipype/references/tutorials/dwidenoise-inputs/dwidenoise-inputs.md	text	2265
skills/nipype/references/tutorials/dwiextract-inputs/dwiextract-inputs.md	text	2000
skills/nipype/references/tutorials/dwijointricianlmmsefilter-inputs/dwijointricianlmmsefilter-inputs.md	text	1189
skills/nipype/references/tutorials/dwipreproc-inputs/dwipreproc-inputs.md	text	3183
skills/nipype/references/tutorials/dwipreproc-outputs/dwipreproc-outputs.md	text	964
skills/nipype/references/tutorials/dwiricianlmmsefilter-inputs/dwiricianlmmsefilter-inputs.md	text	1566
skills/nipype/references/tutorials/dwitodtiestimation-inputs/dwitodtiestimation-inputs.md	text	1262
skills/nipype/references/tutorials/dwitool-inputs/dwitool-inputs.md	text	5357
skills/nipype/references/tutorials/dwiunbiasednonlocalmeansfilter-inputs/dwiunbiasednonlocalmeansfilter-inputs.md	text	1232
skills/nipype/references/tutorials/dynamictraitedspec-tab-completion/dynamictraitedspec-tab-completion.md	text	2621
skills/nipype/references/tutorials/ecm-inputs/ecm-inputs.md	text	1980
skills/nipype/references/tutorials/eddy-correct2/eddy-correct2.md	text	2288
skills/nipype/references/tutorials/eddy-inputs/eddy-inputs.md	text	6748
skills/nipype/references/tutorials/eddy-outputs/eddy-outputs.md	text	1761
skills/nipype/references/tutorials/eddycorrect-inputs/eddycorrect-inputs.md	text	1197
skills/nipype/references/tutorials/eddyquad-inputs/eddyquad-inputs.md	text	1890
skills/nipype/references/tutorials/edge3-inputs/edge3-inputs.md	text	1769
skills/nipype/references/tutorials/editwmwithaseg-inputs/editwmwithaseg-inputs.md	text	1315
skills/nipype/references/tutorials/em-inputs/em-inputs.md	text	2797
skills/nipype/references/tutorials/emregister-inputs/emregister-inputs.md	text	1613
skills/nipype/references/tutorials/epidewarp-inputs/epidewarp-inputs.md	text	1975
skills/nipype/references/tutorials/epireg-inputs/epireg-inputs.md	text	2110
skills/nipype/references/tutorials/epireg-outputs/epireg-outputs.md	text	1362
skills/nipype/references/tutorials/erodeimage-inputs/erodeimage-inputs.md	text	1091
skills/nipype/references/tutorials/erosion/erosion.md	text	1995
skills/nipype/references/tutorials/error-run-without-submitting/error-run-without-submitting.md	text	1804
skills/nipype/references/tutorials/eslr-inputs/eslr-inputs.md	text	1432
skills/nipype/references/tutorials/estimatecontrast-inputs/estimatecontrast-inputs.md	text	1366
skills/nipype/references/tutorials/estimatefod-inputs/estimatefod-inputs.md	text	3081
skills/nipype/references/tutorials/estimatemodel-inputs/estimatemodel-inputs.md	text	1123
skills/nipype/references/tutorials/estimatemodel-outputs/estimatemodel-outputs.md	text	1431
skills/nipype/references/tutorials/estimateresponseforsh-inputs/estimateresponseforsh-inputs.md	text	1535
skills/nipype/references/tutorials/estimateresponsesh-inputs/estimateresponsesh-inputs.md	text	1485
skills/nipype/references/tutorials/eulernumber/eulernumber.md	text	2130
skills/nipype/references/tutorials/eval-inputs/eval-inputs.md	text	1762
skills/nipype/references/tutorials/expansion/expansion.md	text	3326
skills/nipype/references/tutorials/extract-inputs/extract-inputs.md	text	7638
skills/nipype/references/tutorials/extractadditionalsurfaceparameters-inputs/extractadditionalsurfaceparameters-inputs.md	text	1500
skills/nipype/references/tutorials/extractadditionalsurfaceparameters-outputs/extractadditionalsurfaceparameters-outputs.md	text	1048
skills/nipype/references/tutorials/extractmaincomponent-inputs/extractmaincomponent-inputs.md	text	986
skills/nipype/references/tutorials/extractnrrdvectorindex-inputs/extractnrrdvectorindex-inputs.md	text	1205
skills/nipype/references/tutorials/extractroi-inputs/extractroi-inputs.md	text	1804
skills/nipype/references/tutorials/extractroibasedsurfacemeasures-inputs/extractroibasedsurfacemeasures-inputs.md	text	1378
skills/nipype/references/tutorials/extractskeleton-inputs/extractskeleton-inputs.md	text	1205
skills/nipype/references/tutorials/factorialdesign-inputs/factorialdesign-inputs.md	text	2591
skills/nipype/references/tutorials/fast-list-outputs/fast-list-outputs.md	text	3323
skills/nipype/references/tutorials/fcsv-to-hdf5-inputs/fcsv-to-hdf5-inputs.md	text	1357
skills/nipype/references/tutorials/fd/fd.md	text	2052
skills/nipype/references/tutorials/featmodel-inputs/featmodel-inputs.md	text	955
skills/nipype/references/tutorials/fiberprocess-inputs/fiberprocess-inputs.md	text	2591
skills/nipype/references/tutorials/fiberprocess-outputs/fiberprocess-outputs.md	text	1127
skills/nipype/references/tutorials/fibertrack-inputs/fibertrack-inputs.md	text	1879
skills/nipype/references/tutorials/fieldmap-inputs/fieldmap-inputs.md	text	4551
skills/nipype/references/tutorials/filllesions-inputs/filllesions-inputs.md	text	1945
skills/nipype/references/tutorials/filmgls/filmgls.md	text	3044
skills/nipype/references/tutorials/filterregressor-inputs/filterregressor-inputs.md	text	1727
skills/nipype/references/tutorials/filtertracks-inputs/filtertracks-inputs.md	text	2291
skills/nipype/references/tutorials/fim-inputs/fim-inputs.md	text	1454
skills/nipype/references/tutorials/find-the-biggest/find-the-biggest.md	text	2121
skills/nipype/references/tutorials/findcenterofbrain-inputs/findcenterofbrain-inputs.md	text	2654
skills/nipype/references/tutorials/findshpeaks-inputs/findshpeaks-inputs.md	text	1819
skills/nipype/references/tutorials/findthebiggest-inputs/findthebiggest-inputs.md	text	936
skills/nipype/references/tutorials/first-genfname/first-genfname.md	text	3070
skills/nipype/references/tutorials/first-inputs/first-inputs.md	text	1884
skills/nipype/references/tutorials/fit-asl/fit-asl.md	text	3897
skills/nipype/references/tutorials/fit-dwi/fit-dwi.md	text	1221
skills/nipype/references/tutorials/fit-qt1/fit-qt1.md	text	5785
skills/nipype/references/tutorials/fitasl-inputs/fitasl-inputs.md	text	3776
skills/nipype/references/tutorials/fitdwi-inputs/fitdwi-inputs.md	text	7822
skills/nipype/references/tutorials/fitdwi-outputs/fitdwi-outputs.md	text	1261
skills/nipype/references/tutorials/fitglm-inputs/fitglm-inputs.md	text	1132
skills/nipype/references/tutorials/fitmsparams-inputs/fitmsparams-inputs.md	text	1002
skills/nipype/references/tutorials/fitmsparams/fitmsparams.md	text	2528
skills/nipype/references/tutorials/fitqt1-inputs/fitqt1-inputs.md	text	4586
skills/nipype/references/tutorials/fittensor-inputs/fittensor-inputs.md	text	2177
skills/nipype/references/tutorials/fixtopology-inputs/fixtopology-inputs.md	text	1619
skills/nipype/references/tutorials/flameo-inputs/flameo-inputs.md	text	2646
skills/nipype/references/tutorials/flameo-outputs/flameo-outputs.md	text	820
skills/nipype/references/tutorials/flatten/flatten.md	text	1797
skills/nipype/references/tutorials/flirt-inputs/flirt-inputs.md	text	5904
skills/nipype/references/tutorials/fname-presuffix/fname-presuffix.md	text	1513
skills/nipype/references/tutorials/fnirt-inputs/fnirt-inputs.md	text	5406
skills/nipype/references/tutorials/framewisedisplacement-inputs/framewisedisplacement-inputs.md	text	1219
skills/nipype/references/tutorials/freesurfersource-outputs/freesurfersource-outputs.md	text	3405
skills/nipype/references/tutorials/fsl2scheme-inputs/fsl2scheme-inputs.md	text	1724
skills/nipype/references/tutorials/fslmaths/fslmaths.md	text	2562
skills/nipype/references/tutorials/fslmerge/fslmerge.md	text	3190
skills/nipype/references/tutorials/fslroi/fslroi.md	text	1021
skills/nipype/references/tutorials/fslxcommand-inputs/fslxcommand-inputs.md	text	3377
skills/nipype/references/tutorials/fugue-inputs/fugue-inputs.md	text	3974
skills/nipype/references/tutorials/fugue/fugue.md	text	2134
skills/nipype/references/tutorials/function-profiling/function-profiling.md	text	2374
skills/nipype/references/tutorials/function/function.md	text	2184
skills/nipype/references/tutorials/fusesegmentations-inputs/fusesegmentations-inputs.md	text	1316
skills/nipype/references/tutorials/fuzzy-overlap/fuzzy-overlap.md	text	4753
skills/nipype/references/tutorials/fwhmx-inputs/fwhmx-inputs.md	text	2373
skills/nipype/references/tutorials/gaussianblurimagefilter-inputs/gaussianblurimagefilter-inputs.md	text	953
skills/nipype/references/tutorials/gcor-inputs/gcor-inputs.md	text	1038
skills/nipype/references/tutorials/gen-fname/gen-fname.md	text	1581
skills/nipype/references/tutorials/generate/generate.md	text	2617
skills/nipype/references/tutorials/generate5tt-inputs/generate5tt-inputs.md	text	2595
skills/nipype/references/tutorials/generate5tt2gmwmi-inputs/generate5tt2gmwmi-inputs.md	text	1863
skills/nipype/references/tutorials/generatebrainclippedimage-inputs/generatebrainclippedimage-inputs.md	text	1120
skills/nipype/references/tutorials/generatedirections-inputs/generatedirections-inputs.md	text	1356
skills/nipype/references/tutorials/generatesummedgradientimage-inputs/generatesummedgradientimage-inputs.md	text	1260
skills/nipype/references/tutorials/generatetestimage-inputs/generatetestimage-inputs.md	text	1276
skills/nipype/references/tutorials/generatewhitemattermask-inputs/generatewhitemattermask-inputs.md	text	1366
skills/nipype/references/tutorials/gennlxfm-inputs/gennlxfm-inputs.md	text	1263
skills/nipype/references/tutorials/genwarpfields-inputs/genwarpfields-inputs.md	text	1876
skills/nipype/references/tutorials/get-dipy-workflows/get-dipy-workflows.md	text	862
skills/nipype/references/tutorials/glm-inputs/glm-inputs.md	text	2977
skills/nipype/references/tutorials/glm-outputs/glm-outputs.md	text	866
skills/nipype/references/tutorials/glmfit-outputs/glmfit-outputs.md	text	1657
skills/nipype/references/tutorials/global-commandline-output/global-commandline-output.md	text	2646
skills/nipype/references/tutorials/gradientanisotropicdiffusion-inputs/gradientanisotropicdiffusion-inputs.md	text	1156
skills/nipype/references/tutorials/gradientanisotropicdiffusionimagefilter-inputs/gradientanisotropicdiffusionimagefilter-inputs.md	text	1234
skills/nipype/references/tutorials/grayscalemodelmaker-inputs/grayscalemodelmaker-inputs.md	text	1349
skills/nipype/references/tutorials/gtmpvc-outputs/gtmpvc-outputs.md	text	2169
skills/nipype/references/tutorials/gtmseg-inputs/gtmseg-inputs.md	text	2094
skills/nipype/references/tutorials/gtractaveragebvalues-inputs/gtractaveragebvalues-inputs.md	text	1203
skills/nipype/references/tutorials/gtractclipanisotropy-inputs/gtractclipanisotropy-inputs.md	text	1179
skills/nipype/references/tutorials/gtractcopyimageorientation-inputs/gtractcopyimageorientation-inputs.md	text	1165
skills/nipype/references/tutorials/gtractcoreganatomy-inputs/gtractcoreganatomy-inputs.md	text	3365
skills/nipype/references/tutorials/gtractcoregbvalues-inputs/gtractcoregbvalues-inputs.md	text	2457
skills/nipype/references/tutorials/gtractcostfastmarching-inputs/gtractcostfastmarching-inputs.md	text	1979
skills/nipype/references/tutorials/gtractcreateguidefiber-inputs/gtractcreateguidefiber-inputs.md	text	1209
skills/nipype/references/tutorials/gtractfastmarchingtracking-inputs/gtractfastmarchingtracking-inputs.md	text	2413
skills/nipype/references/tutorials/gtractfibertracking-inputs/gtractfibertracking-inputs.md	text	3850
skills/nipype/references/tutorials/gtractimageconformity-inputs/gtractimageconformity-inputs.md	text	1150
skills/nipype/references/tutorials/gtractinvertbsplinetransform-inputs/gtractinvertbsplinetransform-inputs.md	text	1319
skills/nipype/references/tutorials/gtractinvertdisplacementfield-inputs/gtractinvertdisplacementfield-inputs.md	text	1264
skills/nipype/references/tutorials/gtractresampleanisotropy-inputs/gtractresampleanisotropy-inputs.md	text	1437
skills/nipype/references/tutorials/gtractresampleb0-inputs/gtractresampleb0-inputs.md	text	1463
skills/nipype/references/tutorials/gtractresamplecodeimage-inputs/gtractresamplecodeimage-inputs.md	text	1406
skills/nipype/references/tutorials/gtractresampledwiinplace-inputs/gtractresampledwiinplace-inputs.md	text	1779
skills/nipype/references/tutorials/gtractresamplefibers-inputs/gtractresamplefibers-inputs.md	text	1533
skills/nipype/references/tutorials/gtracttensor-inputs/gtracttensor-inputs.md	text	1975
skills/nipype/references/tutorials/gtracttransformtodisplacementfield-inputs/gtracttransformtodisplacementfield-inputs.md	text	1265
skills/nipype/references/tutorials/guide_collection.json	json	7449585
skills/nipype/references/tutorials/hammerattributecreator-inputs/hammerattributecreator-inputs.md	text	1297
skills/nipype/references/tutorials/hardimat-inputs/hardimat-inputs.md	text	1526
skills/nipype/references/tutorials/hemisplit-inputs/hemisplit-inputs.md	text	1770
skills/nipype/references/tutorials/hist-inputs/hist-inputs.md	text	1763
skills/nipype/references/tutorials/histogrammatching-inputs/histogrammatching-inputs.md	text	1345
skills/nipype/references/tutorials/histogrammatchingfilter-inputs/histogrammatchingfilter-inputs.md	text	1887
skills/nipype/references/tutorials/hold-job-until-procs-available/hold-job-until-procs-available.md	text	2404
skills/nipype/references/tutorials/ica-aroma-inputs/ica-aroma-inputs.md	text	2051
skills/nipype/references/tutorials/icc-rep-anova/icc-rep-anova.md	text	635
skills/nipype/references/tutorials/ident-distances/ident-distances.md	text	2150
skills/nipype/references/tutorials/identity-join-node/identity-join-node.md	text	3055
skills/nipype/references/tutorials/image2voxel-inputs/image2voxel-inputs.md	text	1057
skills/nipype/references/tutorials/imageinfo-outputs/imageinfo-outputs.md	text	847
skills/nipype/references/tutorials/imagelabelcombine-inputs/imagelabelcombine-inputs.md	text	1125
skills/nipype/references/tutorials/imagemath-inputs/imagemath-inputs.md	text	1483
skills/nipype/references/tutorials/imagemaths-inputs/imagemaths-inputs.md	text	1390
skills/nipype/references/tutorials/imagemeants-inputs/imagemeants-inputs.md	text	1531
skills/nipype/references/tutorials/imageregionplotter-inputs/imageregionplotter-inputs.md	text	1743
skills/nipype/references/tutorials/imagestats-inputs/imagestats-inputs.md	text	1196
skills/nipype/references/tutorials/importerror/importerror.md	text	1588
skills/nipype/references/tutorials/index.md	text	128130
skills/nipype/references/tutorials/input-version-2/input-version-2.md	text	1455
skills/nipype/references/tutorials/input-version-5/input-version-5.md	text	1455
skills/nipype/references/tutorials/input-version-missing-error/input-version-missing-error.md	text	2195
skills/nipype/references/tutorials/input-version-missing/input-version-missing.md	text	1861
skills/nipype/references/tutorials/inputs-removal/inputs-removal.md	text	2728
skills/nipype/references/tutorials/int-binary-maths/int-binary-maths.md	text	2160
skills/nipype/references/tutorials/intensitydifferencemetric-inputs/intensitydifferencemetric-inputs.md	text	1564
skills/nipype/references/tutorials/invwarp-inputs/invwarp-inputs.md	text	1729
skills/nipype/references/tutorials/isotropicsmooth-inputs/isotropicsmooth-inputs.md	text	1561
skills/nipype/references/tutorials/iterable-expansion/iterable-expansion.md	text	2040
skills/nipype/references/tutorials/itersource-expansion/itersource-expansion.md	text	2968
skills/nipype/references/tutorials/itersource-join-source-node/itersource-join-source-node.md	text	4228
skills/nipype/references/tutorials/itersource-synchronize1-expansion/itersource-synchronize1-expansion.md	text	3241
skills/nipype/references/tutorials/itersource-synchronize2-expansion/itersource-synchronize2-expansion.md	text	3348
skills/nipype/references/tutorials/itersource-two-join-nodes/itersource-two-join-nodes.md	text	4322
skills/nipype/references/tutorials/jacobian-inputs/jacobian-inputs.md	text	1256
skills/nipype/references/tutorials/jistbrainmgdmsegmentation-inputs/jistbrainmgdmsegmentation-inputs.md	text	2959
skills/nipype/references/tutorials/jistbrainmp2rageduraestimation-inputs/jistbrainmp2rageduraestimation-inputs.md	text	1504
skills/nipype/references/tutorials/jistbrainmp2rageskullstripping-inputs/jistbrainmp2rageskullstripping-inputs.md	text	2004
skills/nipype/references/tutorials/jistbrainpartialvolumefilter-inputs/jistbrainpartialvolumefilter-inputs.md	text	1374
skills/nipype/references/tutorials/jistcortexsurfacemeshinflation-inputs/jistcortexsurfacemeshinflation-inputs.md	text	1834
skills/nipype/references/tutorials/jistintensitymp2ragemasking-inputs/jistintensitymp2ragemasking-inputs.md	text	2157
skills/nipype/references/tutorials/jistlaminarprofilecalculator-inputs/jistlaminarprofilecalculator-inputs.md	text	1436
skills/nipype/references/tutorials/jistlaminarprofilegeometry-inputs/jistlaminarprofilegeometry-inputs.md	text	1600
skills/nipype/references/tutorials/jistlaminarprofilesampling-inputs/jistlaminarprofilesampling-inputs.md	text	1622
skills/nipype/references/tutorials/jistlaminarroiaveraging-inputs/jistlaminarroiaveraging-inputs.md	text	1497
skills/nipype/references/tutorials/jistlaminarvolumetriclayering-inputs/jistlaminarvolumetriclayering-inputs.md	text	2323
skills/nipype/references/tutorials/join-expansion/join-expansion.md	text	5118
skills/nipype/references/tutorials/jointhistogram-inputs/jointhistogram-inputs.md	text	1465
skills/nipype/references/tutorials/kellykapowski-inputs/kellykapowski-inputs.md	text	3776
skills/nipype/references/tutorials/keyerror/keyerror.md	text	1784
skills/nipype/references/tutorials/label2label-inputs/label2label-inputs.md	text	2071
skills/nipype/references/tutorials/labelconfig-inputs/labelconfig-inputs.md	text	1712
skills/nipype/references/tutorials/labelconvert-inputs/labelconvert-inputs.md	text	1405
skills/nipype/references/tutorials/labelfusion-inputs/labelfusion-inputs.md	text	2310
skills/nipype/references/tutorials/labelgeometry-inputs/labelgeometry-inputs.md	text	1355
skills/nipype/references/tutorials/labelmapsmoothing-inputs/labelmapsmoothing-inputs.md	text	1271
skills/nipype/references/tutorials/landmarksconstellationweights-inputs/landmarksconstellationweights-inputs.md	text	1216
skills/nipype/references/tutorials/laplacianthickness-inputs/laplacianthickness-inputs.md	text	1975
skills/nipype/references/tutorials/laplacianthickness-wrongargs/laplacianthickness-wrongargs.md	text	2346
skills/nipype/references/tutorials/level1design-inputs/level1design-inputs.md	text	1942
skills/nipype/references/tutorials/level1design/level1design.md	text	2712
skills/nipype/references/tutorials/lfcd-inputs/lfcd-inputs.md	text	1471
skills/nipype/references/tutorials/linearregistration-inputs/linearregistration-inputs.md	text	2143
skills/nipype/references/tutorials/linkchain/linkchain.md	text	3422
skills/nipype/references/tutorials/linrecon-inputs/linrecon-inputs.md	text	1406
skills/nipype/references/tutorials/logan-outputs/logan-outputs.md	text	1658
skills/nipype/references/tutorials/ltaconvert-inputs/ltaconvert-inputs.md	text	3090
skills/nipype/references/tutorials/make-matlab-command/make-matlab-command.md	text	2462
skills/nipype/references/tutorials/makeaveragesubject-inputs/makeaveragesubject-inputs.md	text	934
skills/nipype/references/tutorials/makedyadicvectors-inputs/makedyadicvectors-inputs.md	text	1305
skills/nipype/references/tutorials/makesurfaces-inputs/makesurfaces-inputs.md	text	2470
skills/nipype/references/tutorials/mandatory-outvol/mandatory-outvol.md	text	3137
skills/nipype/references/tutorials/mapnode-crash/mapnode-crash.md	text	2013
skills/nipype/references/tutorials/mapnode-crash2/mapnode-crash2.md	text	1703
skills/nipype/references/tutorials/mapnode-crash3/mapnode-crash3.md	text	2039
skills/nipype/references/tutorials/mapnode-iterfield-check/mapnode-iterfield-check.md	text	1548
skills/nipype/references/tutorials/mapnode-iterfield-type/mapnode-iterfield-type.md	text	1551
skills/nipype/references/tutorials/mapnode-nested/mapnode-nested.md	text	2361
skills/nipype/references/tutorials/mapnode-single/mapnode-single.md	text	1809
skills/nipype/references/tutorials/mask/mask.md	text	2146
skills/nipype/references/tutorials/maskave-inputs/maskave-inputs.md	text	1374
skills/nipype/references/tutorials/maskscalarvolume-inputs/maskscalarvolume-inputs.md	text	1127
skills/nipype/references/tutorials/masktool-inputs/masktool-inputs.md	text	1876
skills/nipype/references/tutorials/math-inputs/math-inputs.md	text	8629
skills/nipype/references/tutorials/maths-base/maths-base.md	text	4168
skills/nipype/references/tutorials/mathscommand-inputs/mathscommand-inputs.md	text	1264
skills/nipype/references/tutorials/matlabcommand-inputs/matlabcommand-inputs.md	text	1724
skills/nipype/references/tutorials/maximage-inputs/maximage-inputs.md	text	1376
skills/nipype/references/tutorials/maximage/maximage.md	text	2226
skills/nipype/references/tutorials/maxnimage-inputs/maxnimage-inputs.md	text	1381
skills/nipype/references/tutorials/mcflirt-inputs/mcflirt-inputs.md	text	2254
skills/nipype/references/tutorials/mcflirt-opt/mcflirt-opt.md	text	3257
skills/nipype/references/tutorials/mcflirt/mcflirt.md	text	2431
skills/nipype/references/tutorials/meanimage-inputs/meanimage-inputs.md	text	1381
skills/nipype/references/tutorials/meanimage/meanimage.md	text	2261
skills/nipype/references/tutorials/means-inputs/means-inputs.md	text	1768
skills/nipype/references/tutorials/measureimagesimilarity-inputs/measureimagesimilarity-inputs.md	text	1893
skills/nipype/references/tutorials/medianfilter3d-inputs/medianfilter3d-inputs.md	text	1075
skills/nipype/references/tutorials/medianimage-inputs/medianimage-inputs.md	text	1391
skills/nipype/references/tutorials/medianimagefilter-inputs/medianimagefilter-inputs.md	text	981
skills/nipype/references/tutorials/medicalgorithmimagecalculator-inputs/medicalgorithmimagecalculator-inputs.md	text	1443
skills/nipype/references/tutorials/medicalgorithmlesiontoads-inputs/medicalgorithmlesiontoads-inputs.md	text	4015
skills/nipype/references/tutorials/medicalgorithmmipavreorient-inputs/medicalgorithmmipavreorient-inputs.md	text	1891
skills/nipype/references/tutorials/medicalgorithmn3-inputs/medicalgorithmn3-inputs.md	text	2008
skills/nipype/references/tutorials/medicalgorithmspectre2010-inputs/medicalgorithmspectre2010-inputs.md	text	4933
skills/nipype/references/tutorials/medicalgorithmthresholdtobinarymask-inputs/medicalgorithmthresholdtobinarymask-inputs.md	text	1447
skills/nipype/references/tutorials/melodic-inputs/melodic-inputs.md	text	4333
skills/nipype/references/tutorials/merge-inputs/merge-inputs.md	text	1219
skills/nipype/references/tutorials/merge/merge.md	text	2512
skills/nipype/references/tutorials/mergemodels-inputs/mergemodels-inputs.md	text	949
skills/nipype/references/tutorials/mesd-inputs/mesd-inputs.md	text	1744
skills/nipype/references/tutorials/mesh2pve-inputs/mesh2pve-inputs.md	text	1172
skills/nipype/references/tutorials/meshfix-inputs/meshfix-inputs.md	text	4369
skills/nipype/references/tutorials/meshwarpmaths-inputs/meshwarpmaths-inputs.md	text	960
skills/nipype/references/tutorials/metricresample-inputs/metricresample-inputs.md	text	2311
skills/nipype/references/tutorials/minimage-inputs/minimage-inputs.md	text	1376
skills/nipype/references/tutorials/mnibiascorrection-inputs/mnibiascorrection-inputs.md	text	1774
skills/nipype/references/tutorials/modelfit-inputs/modelfit-inputs.md	text	2226
skills/nipype/references/tutorials/modeltolabelmap-inputs/modeltolabelmap-inputs.md	text	1053
skills/nipype/references/tutorials/modify-paths-bug/modify-paths-bug.md	text	3790
skills/nipype/references/tutorials/motionoutliers-inputs/motionoutliers-inputs.md	text	2038
skills/nipype/references/tutorials/mprtomni305-inputs/mprtomni305-inputs.md	text	968
skills/nipype/references/tutorials/mrcat-inputs/mrcat-inputs.md	text	1833
skills/nipype/references/tutorials/mrconvert-inputs/mrconvert-inputs.md	text	1960
skills/nipype/references/tutorials/mrdegibbs-inputs/mrdegibbs-inputs.md	text	2222
skills/nipype/references/tutorials/mriconvert-inputs/mriconvert-inputs.md	text	8193
skills/nipype/references/tutorials/mrifill-inputs/mrifill-inputs.md	text	1251
skills/nipype/references/tutorials/mrimarchingcubes-inputs/mrimarchingcubes-inputs.md	text	1202
skills/nipype/references/tutorials/mripretess-inputs/mripretess-inputs.md	text	1530
skills/nipype/references/tutorials/mriscalabel-inputs/mriscalabel-inputs.md	text	2128
skills/nipype/references/tutorials/mriscalc-inputs/mriscalc-inputs.md	text	1466
skills/nipype/references/tutorials/mriscombine-inputs/mriscombine-inputs.md	text	959
skills/nipype/references/tutorials/mrisconvert-inputs/mrisconvert-inputs.md	text	2538
skills/nipype/references/tutorials/mrisexpand-inputs/mrisexpand-inputs.md	text	1762
skills/nipype/references/tutorials/mrisexpand/mrisexpand.md	text	3978
skills/nipype/references/tutorials/mrisinflate-inputs/mrisinflate-inputs.md	text	1349
skills/nipype/references/tutorials/mritessellate-inputs/mritessellate-inputs.md	text	1225
skills/nipype/references/tutorials/mrmath-inputs/mrmath-inputs.md	text	1874
skills/nipype/references/tutorials/mrmultiply-inputs/mrmultiply-inputs.md	text	1031
skills/nipype/references/tutorials/mrresize-inputs/mrresize-inputs.md	text	2504
skills/nipype/references/tutorials/mrtm1-outputs/mrtm1-outputs.md	text	1658
skills/nipype/references/tutorials/mrtm2-outputs/mrtm2-outputs.md	text	1658
skills/nipype/references/tutorials/mrtransform-inputs/mrtransform-inputs.md	text	1916
skills/nipype/references/tutorials/mrtrixviewer-inputs/mrtrixviewer-inputs.md	text	885
skills/nipype/references/tutorials/ms-lda-inputs/ms-lda-inputs.md	text	1584
skills/nipype/references/tutorials/mtnormalise-inputs/mtnormalise-inputs.md	text	2233
skills/nipype/references/tutorials/multichannelnewsegment-inputs/multichannelnewsegment-inputs.md	text	1259
skills/nipype/references/tutorials/multifield-join-node/multifield-join-node.md	text	3611
skills/nipype/references/tutorials/multiimagemaths-inputs/multiimagemaths-inputs.md	text	1459
skills/nipype/references/tutorials/multiple-join-nodes/multiple-join-nodes.md	text	4473
skills/nipype/references/tutorials/multipleregressdesign/multipleregressdesign.md	text	5057
skills/nipype/references/tutorials/multipleregressiondesign-inputs/multipleregressiondesign-inputs.md	text	2950
skills/nipype/references/tutorials/multiplyimages-inputs/multiplyimages-inputs.md	text	1260
skills/nipype/references/tutorials/multiplyscalarvolumes-inputs/multiplyscalarvolumes-inputs.md	text	1074
skills/nipype/references/tutorials/multiresolutionaffineregistration-inputs/multiresolutionaffineregistration-inputs.md	text	1914
skills/nipype/references/tutorials/n4biasfieldcorrection-inputs/n4biasfieldcorrection-inputs.md	text	2686
skills/nipype/references/tutorials/n4itkbiasfieldcorrection-inputs/n4itkbiasfieldcorrection-inputs.md	text	2065
skills/nipype/references/tutorials/namesource-constraints/namesource-constraints.md	text	3607
skills/nipype/references/tutorials/namesource/namesource.md	text	2960
skills/nipype/references/tutorials/neighborhoodmean-inputs/neighborhoodmean-inputs.md	text	1109
skills/nipype/references/tutorials/neighborhoodmedian-inputs/neighborhoodmedian-inputs.md	text	1115
skills/nipype/references/tutorials/nested-workflow-doubleconnect/nested-workflow-doubleconnect.md	text	2232
skills/nipype/references/tutorials/netcorr-inputs/netcorr-inputs.md	text	2378
skills/nipype/references/tutorials/networkxmetrics-inputs/networkxmetrics-inputs.md	text	1584
skills/nipype/references/tutorials/networkxmetrics-outputs/networkxmetrics-outputs.md	text	1356
skills/nipype/references/tutorials/newsegment-inputs/newsegment-inputs.md	text	1369
skills/nipype/references/tutorials/niftidt2camino-inputs/niftidt2camino-inputs.md	text	1498
skills/nipype/references/tutorials/nlpfit-inputs/nlpfit-inputs.md	text	1685
skills/nipype/references/tutorials/no-et-bare/no-et-bare.md	text	2576
skills/nipype/references/tutorials/no-et-multiproc/no-et-multiproc.md	text	2300
skills/nipype/references/tutorials/no-more-gpu-threads-than-specified/no-more-gpu-threads-than-specified.md	text	1700
skills/nipype/references/tutorials/no-more-memory-than-specified/no-more-memory-than-specified.md	text	2456
skills/nipype/references/tutorials/no-more-threads-than-specified/no-more-threads-than-specified.md	text	2434
skills/nipype/references/tutorials/nodeexecutionerror/nodeexecutionerror.md	text	3483
skills/nipype/references/tutorials/norm-inputs/norm-inputs.md	text	2359
skills/nipype/references/tutorials/normalize-inputs/normalize-inputs.md	text	3058
skills/nipype/references/tutorials/normalize-tpms/normalize-tpms.md	text	3450
skills/nipype/references/tutorials/normalize12-inputs/normalize12-inputs.md	text	2648
skills/nipype/references/tutorials/notes-inputs/notes-inputs.md	text	1377
skills/nipype/references/tutorials/nwarpadjust-inputs/nwarpadjust-inputs.md	text	1207
skills/nipype/references/tutorials/nwarpapply-inputs/nwarpapply-inputs.md	text	1564
skills/nipype/references/tutorials/nwarpcat-inputs/nwarpcat-inputs.md	text	1398
skills/nipype/references/tutorials/odfrecon-inputs/odfrecon-inputs.md	text	1910
skills/nipype/references/tutorials/odftracker-inputs/odftracker-inputs.md	text	2642
skills/nipype/references/tutorials/onedtoolpy-inputs/onedtoolpy-inputs.md	text	2090
skills/nipype/references/tutorials/onesamplettest-outputs/onesamplettest-outputs.md	text	1681
skills/nipype/references/tutorials/onesamplettestdesign-inputs/onesamplettestdesign-inputs.md	text	2712
skills/nipype/references/tutorials/orientscalarvolume-inputs/orientscalarvolume-inputs.md	text	965
skills/nipype/references/tutorials/otsuthresholdimagefilter-inputs/otsuthresholdimagefilter-inputs.md	text	1168
skills/nipype/references/tutorials/otsuthresholdsegmentation-inputs/otsuthresholdsegmentation-inputs.md	text	1292
skills/nipype/references/tutorials/outliercount-inputs/outliercount-inputs.md	text	2251
skills/nipype/references/tutorials/outputmultipath-collapse/outputmultipath-collapse.md	text	2258
skills/nipype/references/tutorials/outputs-removal-wf/outputs-removal-wf.md	text	6089
skills/nipype/references/tutorials/outputs-removal/outputs-removal.md	text	3101
skills/nipype/references/tutorials/overlap/overlap.md	text	3138
skills/nipype/references/tutorials/overlay-inputs/overlay-inputs.md	text	2707
skills/nipype/references/tutorials/overlay/overlay.md	text	3377
skills/nipype/references/tutorials/p2pdistance-inputs/p2pdistance-inputs.md	text	976
skills/nipype/references/tutorials/paint-inputs/paint-inputs.md	text	1336
skills/nipype/references/tutorials/pairedttestdesign-inputs/pairedttestdesign-inputs.md	text	2875
skills/nipype/references/tutorials/parcellationstats-inputs/parcellationstats-inputs.md	text	3045
skills/nipype/references/tutorials/parsedicomdir-inputs/parsedicomdir-inputs.md	text	1048
skills/nipype/references/tutorials/patchmatch-inputs/patchmatch-inputs.md	text	1648
skills/nipype/references/tutorials/percentileimage-inputs/percentileimage-inputs.md	text	1471
skills/nipype/references/tutorials/petpvc-inputs/petpvc-inputs.md	text	1835
skills/nipype/references/tutorials/petstandarduptakevaluecomputation-inputs/petstandarduptakevaluecomputation-inputs.md	text	1639
skills/nipype/references/tutorials/pialmesh-inputs/pialmesh-inputs.md	text	2433
skills/nipype/references/tutorials/picopdfs-inputs/picopdfs-inputs.md	text	1518
skills/nipype/references/tutorials/pik-inputs/pik-inputs.md	text	3548
skills/nipype/references/tutorials/plotmotionparams-inputs/plotmotionparams-inputs.md	text	1136
skills/nipype/references/tutorials/plotmotionparams/plotmotionparams.md	text	3244
skills/nipype/references/tutorials/plottimeseries-inputs/plottimeseries-inputs.md	text	2122
skills/nipype/references/tutorials/plottimeseries/plottimeseries.md	text	3200
skills/nipype/references/tutorials/pointswarp-inputs/pointswarp-inputs.md	text	1165
skills/nipype/references/tutorials/powerspectrum-inputs/powerspectrum-inputs.md	text	967
skills/nipype/references/tutorials/prelude-inputs/prelude-inputs.md	text	2780
skills/nipype/references/tutorials/preparefieldmap-inputs/preparefieldmap-inputs.md	text	1459
skills/nipype/references/tutorials/probabilisticsphericallydeconvolutedstreamlinetrack-inputs/probabilisticsphericallydeconvolutedstreamlinetrack-inputs.md	text	4342
skills/nipype/references/tutorials/probevolumewithmodel-inputs/probevolumewithmodel-inputs.md	text	994
skills/nipype/references/tutorials/probtrackx-inputs/probtrackx-inputs.md	text	3832
skills/nipype/references/tutorials/probtrackx2-inputs/probtrackx2-inputs.md	text	5179
skills/nipype/references/tutorials/probtrackx2-outputs/probtrackx2-outputs.md	text	1070
skills/nipype/references/tutorials/procstreamlines-inputs/procstreamlines-inputs.md	text	4407
skills/nipype/references/tutorials/proj-thresh/proj-thresh.md	text	2410
skills/nipype/references/tutorials/projthresh-inputs/projthresh-inputs.md	text	860
skills/nipype/references/tutorials/provenance/provenance.md	text	1733
skills/nipype/references/tutorials/pvc-inputs/pvc-inputs.md	text	1378
skills/nipype/references/tutorials/qballmx-inputs/qballmx-inputs.md	text	1423
skills/nipype/references/tutorials/qualityindex-inputs/qualityindex-inputs.md	text	1803
skills/nipype/references/tutorials/quickshear-inputs/quickshear-inputs.md	text	1223
skills/nipype/references/tutorials/randomise-inputs/randomise-inputs.md	text	2783
skills/nipype/references/tutorials/randomise-parallel/randomise-parallel.md	text	7018
skills/nipype/references/tutorials/randomise2/randomise2.md	text	6698
skills/nipype/references/tutorials/randomvol-inputs/randomvol-inputs.md	text	1755
skills/nipype/references/tutorials/read-csv/read-csv.md	text	1994
skills/nipype/references/tutorials/realign-inputs/realign-inputs.md	text	1954
skills/nipype/references/tutorials/realignunwarp-inputs/realignunwarp-inputs.md	text	3252
skills/nipype/references/tutorials/reconall-outputs/reconall-outputs.md	text	3470
skills/nipype/references/tutorials/recopy/recopy.md	text	4806
skills/nipype/references/tutorials/refit-inputs/refit-inputs.md	text	1951
skills/nipype/references/tutorials/reg-aladin/reg-aladin.md	text	2768
skills/nipype/references/tutorials/reg-f3d/reg-f3d.md	text	3122
skills/nipype/references/tutorials/reg-jacobian-jac/reg-jacobian-jac.md	text	5558
skills/nipype/references/tutorials/reg-measure/reg-measure.md	text	2531
skills/nipype/references/tutorials/reg-resample-res/reg-resample-res.md	text	4944
skills/nipype/references/tutorials/reg-tools-mul/reg-tools-mul.md	text	3287
skills/nipype/references/tutorials/regaladin-inputs/regaladin-inputs.md	text	3079
skills/nipype/references/tutorials/regaverage-inputs/regaverage-inputs.md	text	3235
skills/nipype/references/tutorials/regf3d-inputs/regf3d-inputs.md	text	4770
skills/nipype/references/tutorials/register-inputs/register-inputs.md	text	1433
skills/nipype/references/tutorials/registeravitotalairach-inputs/registeravitotalairach-inputs.md	text	1259
skills/nipype/references/tutorials/registration-inputs/registration-inputs.md	text	6467
skills/nipype/references/tutorials/registration-outputs/registration-outputs.md	text	1348
skills/nipype/references/tutorials/regjacobian-inputs/regjacobian-inputs.md	text	1272
skills/nipype/references/tutorials/regmeasure-inputs/regmeasure-inputs.md	text	1261
skills/nipype/references/tutorials/regresample-inputs/regresample-inputs.md	text	1824
skills/nipype/references/tutorials/regtools-inputs/regtools-inputs.md	text	2145
skills/nipype/references/tutorials/regtransform-inputs/regtransform-inputs.md	text	6851
skills/nipype/references/tutorials/reho-inputs/reho-inputs.md	text	1824
skills/nipype/references/tutorials/relabelhypointensities-inputs/relabelhypointensities-inputs.md	text	1494
skills/nipype/references/tutorials/remlfit-outputs/remlfit-outputs.md	text	1270
skills/nipype/references/tutorials/removeintersection-inputs/removeintersection-inputs.md	text	1122
skills/nipype/references/tutorials/removeneck-inputs/removeneck-inputs.md	text	1448
skills/nipype/references/tutorials/rename/rename.md	text	2595
skills/nipype/references/tutorials/reorient2std-inputs/reorient2std-inputs.md	text	916
skills/nipype/references/tutorials/reorientation-backport/reorientation-backport.md	text	4940
skills/nipype/references/tutorials/replacefswithfirst-inputs/replacefswithfirst-inputs.md	text	1215
skills/nipype/references/tutorials/resample-inputs/resample-inputs.md	text	11615
skills/nipype/references/tutorials/resampledtivolume-inputs/resampledtivolume-inputs.md	text	3387
skills/nipype/references/tutorials/resampleimagebyspacing-inputs/resampleimagebyspacing-inputs.md	text	1752
skills/nipype/references/tutorials/resamplescalarvectordwivolume-inputs/resamplescalarvectordwivolume-inputs.md	text	3219
skills/nipype/references/tutorials/resamplescalarvolume-inputs/resamplescalarvolume-inputs.md	text	1068
skills/nipype/references/tutorials/reshape-inputs/reshape-inputs.md	text	1280
skills/nipype/references/tutorials/reslice-inputs/reslice-inputs.md	text	1031
skills/nipype/references/tutorials/reslice/reslice.md	text	3386
skills/nipype/references/tutorials/reslicetoreference-inputs/reslicetoreference-inputs.md	text	1204
skills/nipype/references/tutorials/responsesd-inputs/responsesd-inputs.md	text	2357
skills/nipype/references/tutorials/restore-inputs/restore-inputs.md	text	974
skills/nipype/references/tutorials/retroicor-inputs/retroicor-inputs.md	text	1938
skills/nipype/references/tutorials/rev-opt-map/rev-opt-map.md	text	493
skills/nipype/references/tutorials/rigid-inputs/rigid-inputs.md	text	1578
skills/nipype/references/tutorials/rigidregistration-inputs/rigidregistration-inputs.md	text	2226
skills/nipype/references/tutorials/rigidtask-inputs/rigidtask-inputs.md	text	1590
skills/nipype/references/tutorials/robexsegment-inputs/robexsegment-inputs.md	text	1419
skills/nipype/references/tutorials/robustfov-inputs/robustfov-inputs.md	text	1321
skills/nipype/references/tutorials/robustregister-inputs/robustregister-inputs.md	text	3447
skills/nipype/references/tutorials/robustregister/robustregister.md	text	3147
skills/nipype/references/tutorials/robuststatisticssegmenter-inputs/robuststatisticssegmenter-inputs.md	text	1593
skills/nipype/references/tutorials/robusttemplate-inputs/robusttemplate-inputs.md	text	2267
skills/nipype/references/tutorials/roigen-inputs/roigen-inputs.md	text	1073
skills/nipype/references/tutorials/run-in-series/run-in-series.md	text	2312
skills/nipype/references/tutorials/run-interface/run-interface.md	text	2350
skills/nipype/references/tutorials/run-multiproc/run-multiproc.md	text	2422
skills/nipype/references/tutorials/run-oargraph/run-oargraph.md	text	2292
skills/nipype/references/tutorials/run-pbsgraph/run-pbsgraph.md	text	2172
skills/nipype/references/tutorials/run-somaflow/run-somaflow.md	text	2364
skills/nipype/references/tutorials/s3datagrabber-communication/s3datagrabber-communication.md	text	4645
skills/nipype/references/tutorials/sample2surf/sample2surf.md	text	3791
skills/nipype/references/tutorials/sampletosurface-inputs/sampletosurface-inputs.md	text	4525
skills/nipype/references/tutorials/save-load-resultfile/save-load-resultfile.md	text	4813
skills/nipype/references/tutorials/scalartransform-inputs/scalartransform-inputs.md	text	1368
skills/nipype/references/tutorials/scrubmask-inputs/scrubmask-inputs.md	text	1326
skills/nipype/references/tutorials/search-files/search-files.md	text	2029
skills/nipype/references/tutorials/seg-calctopncc/seg-calctopncc.md	text	2836
skills/nipype/references/tutorials/seg-em/seg-em.md	text	2148
skills/nipype/references/tutorials/seg-filllesions/seg-filllesions.md	text	2108
skills/nipype/references/tutorials/seg-inputs/seg-inputs.md	text	1554
skills/nipype/references/tutorials/seg-patchmatch/seg-patchmatch.md	text	2650
skills/nipype/references/tutorials/segment-inputs/segment-inputs.md	text	2090
skills/nipype/references/tutorials/segment-outputs/segment-outputs.md	text	1678
skills/nipype/references/tutorials/segmentcc-inputs/segmentcc-inputs.md	text	1482
skills/nipype/references/tutorials/segmentwm-inputs/segmentwm-inputs.md	text	934
skills/nipype/references/tutorials/selectfiles-valueerror/selectfiles-valueerror.md	text	1882
skills/nipype/references/tutorials/set-join-node-file-input/set-join-node-file-input.md	text	2386
skills/nipype/references/tutorials/set-join-node/set-join-node.md	text	2352
skills/nipype/references/tutorials/set-rcmd/set-rcmd.md	text	1688
skills/nipype/references/tutorials/sflutgen-inputs/sflutgen-inputs.md	text	1626
skills/nipype/references/tutorials/sfpeaks-inputs/sfpeaks-inputs.md	text	2125
skills/nipype/references/tutorials/sfpicocalibdata-inputs/sfpicocalibdata-inputs.md	text	2319
skills/nipype/references/tutorials/sh2amp-inputs/sh2amp-inputs.md	text	1220
skills/nipype/references/tutorials/shconv-inputs/shconv-inputs.md	text	1140
skills/nipype/references/tutorials/shredder-inputs/shredder-inputs.md	text	1194
skills/nipype/references/tutorials/sigloss-inputs/sigloss-inputs.md	text	1119
skills/nipype/references/tutorials/signal-extr-shared/signal-extr-shared.md	text	1554
skills/nipype/references/tutorials/similarityindex-inputs/similarityindex-inputs.md	text	1184
skills/nipype/references/tutorials/simulatemultitensor-inputs/simulatemultitensor-inputs.md	text	1776
skills/nipype/references/tutorials/skullfinder-inputs/skullfinder-inputs.md	text	1878
skills/nipype/references/tutorials/skullstrip-inputs/skullstrip-inputs.md	text	1139
skills/nipype/references/tutorials/slice-inputs/slice-inputs.md	text	887
skills/nipype/references/tutorials/slicer-inputs/slicer-inputs.md	text	3178
skills/nipype/references/tutorials/slicer/slicer.md	text	3010
skills/nipype/references/tutorials/slicetimer-inputs/slicetimer-inputs.md	text	1595
skills/nipype/references/tutorials/slicetiming-inputs/slicetiming-inputs.md	text	1440
skills/nipype/references/tutorials/smm-inputs/smm-inputs.md	text	1141
skills/nipype/references/tutorials/smooth-inputs/smooth-inputs.md	text	1396
skills/nipype/references/tutorials/smooth/smooth.md	text	3002
skills/nipype/references/tutorials/smoothestimate-inputs/smoothestimate-inputs.md	text	1208
skills/nipype/references/tutorials/smoothtessellation-inputs/smoothtessellation-inputs.md	text	2082
skills/nipype/references/tutorials/spatialfilter-inputs/spatialfilter-inputs.md	text	1783
skills/nipype/references/tutorials/sphere-inputs/sphere-inputs.md	text	1308
skills/nipype/references/tutorials/sphericalaverage-inputs/sphericalaverage-inputs.md	text	1724
skills/nipype/references/tutorials/sphericallydeconvolutedstreamlinetrack-inputs/sphericallydeconvolutedstreamlinetrack-inputs.md	text	4199
skills/nipype/references/tutorials/splinefilter-inputs/splinefilter-inputs.md	text	1027
skills/nipype/references/tutorials/split-and-merge/split-and-merge.md	text	2788
skills/nipype/references/tutorials/split-inputs/split-inputs.md	text	971
skills/nipype/references/tutorials/statscommand-inputs/statscommand-inputs.md	text	966
skills/nipype/references/tutorials/stdimage-inputs/stdimage-inputs.md	text	1376
skills/nipype/references/tutorials/stdimage/stdimage.md	text	2256
skills/nipype/references/tutorials/streamlinetrack-inputs/streamlinetrack-inputs.md	text	4130
skills/nipype/references/tutorials/streamlinetractography-inputs/streamlinetractography-inputs.md	text	1573
skills/nipype/references/tutorials/subtractscalarvolumes-inputs/subtractscalarvolumes-inputs.md	text	1074
skills/nipype/references/tutorials/surface2voltransform-inputs/surface2voltransform-inputs.md	text	2248
skills/nipype/references/tutorials/surfacesmooth-inputs/surfacesmooth-inputs.md	text	1493
skills/nipype/references/tutorials/surfacesnapshots-inputs/surfacesnapshots-inputs.md	text	4149
skills/nipype/references/tutorials/surfacetransform-inputs/surfacetransform-inputs.md	text	2006
skills/nipype/references/tutorials/surfsmooth/surfsmooth.md	text	2683
skills/nipype/references/tutorials/surfxfm/surfxfm.md	text	2645
skills/nipype/references/tutorials/susan-inputs/susan-inputs.md	text	1540
skills/nipype/references/tutorials/svadjustvoxsp-inputs/svadjustvoxsp-inputs.md	text	1391
skills/nipype/references/tutorials/svadjustvoxsptask-inputs/svadjustvoxsptask-inputs.md	text	1403
skills/nipype/references/tutorials/svmtest-inputs/svmtest-inputs.md	text	1623
skills/nipype/references/tutorials/svmtrain-inputs/svmtrain-inputs.md	text	2434
skills/nipype/references/tutorials/svreg-inputs/svreg-inputs.md	text	2576
skills/nipype/references/tutorials/svresample-inputs/svresample-inputs.md	text	1612
skills/nipype/references/tutorials/svresampletask-inputs/svresampletask-inputs.md	text	1624
skills/nipype/references/tutorials/swapdimensions-inputs/swapdimensions-inputs.md	text	1050
skills/nipype/references/tutorials/swapdims/swapdims.md	text	2619
skills/nipype/references/tutorials/synchronize-expansion/synchronize-expansion.md	text	2206
skills/nipype/references/tutorials/synchronize-join-node/synchronize-join-node.md	text	3890
skills/nipype/references/tutorials/synchronize-tuples-expansion/synchronize-tuples-expansion.md	text	2236
skills/nipype/references/tutorials/synthesize-inputs/synthesize-inputs.md	text	1496
skills/nipype/references/tutorials/synthesizeflash-inputs/synthesizeflash-inputs.md	text	1490
skills/nipype/references/tutorials/synthesizeflash/synthesizeflash.md	text	2988
skills/nipype/references/tutorials/talairachavi-inputs/talairachavi-inputs.md	text	972
skills/nipype/references/tutorials/tbss-skeleton/tbss-skeleton.md	text	4087
skills/nipype/references/tutorials/tca-inputs/tca-inputs.md	text	1292
skills/nipype/references/tutorials/tcat-inputs/tcat-inputs.md	text	1202
skills/nipype/references/tutorials/tck2vtk-inputs/tck2vtk-inputs.md	text	1189
skills/nipype/references/tutorials/tcorr1d-inputs/tcorr1d-inputs.md	text	1988
skills/nipype/references/tutorials/tcorrelate-inputs/tcorrelate-inputs.md	text	1411
skills/nipype/references/tutorials/tcorrmap-outputs/tcorrmap-outputs.md	text	1458
skills/nipype/references/tutorials/tensor2apparentdiffusion-inputs/tensor2apparentdiffusion-inputs.md	text	1105
skills/nipype/references/tutorials/tensor2fractionalanisotropy-inputs/tensor2fractionalanisotropy-inputs.md	text	1114
skills/nipype/references/tutorials/tensor2vector-inputs/tensor2vector-inputs.md	text	1072
skills/nipype/references/tutorials/tensormetrics-inputs/tensormetrics-inputs.md	text	2739
skills/nipype/references/tutorials/text2vest-inputs/text2vest-inputs.md	text	923
skills/nipype/references/tutorials/texturemeasurefilter-inputs/texturemeasurefilter-inputs.md	text	1219
skills/nipype/references/tutorials/threshold-inputs/threshold-inputs.md	text	1466
skills/nipype/references/tutorials/threshold/threshold.md	text	3823
skills/nipype/references/tutorials/thresholdimage-inputs/thresholdimage-inputs.md	text	2256
skills/nipype/references/tutorials/thresholdscalarvolume-inputs/thresholdscalarvolume-inputs.md	text	1299
skills/nipype/references/tutorials/thresholdstatistics-inputs/thresholdstatistics-inputs.md	text	1239
skills/nipype/references/tutorials/tkregister2-inputs/tkregister2-inputs.md	text	2349
skills/nipype/references/tutorials/tnorm-inputs/tnorm-inputs.md	text	1460
skills/nipype/references/tutorials/to3d-inputs/to3d-inputs.md	text	1448
skills/nipype/references/tutorials/toecat-inputs/toecat-inputs.md	text	2099
skills/nipype/references/tutorials/topup-inputs/topup-inputs.md	text	4017
skills/nipype/references/tutorials/toraw-inputs/toraw-inputs.md	text	3374
skills/nipype/references/tutorials/track-inputs/track-inputs.md	text	2775
skills/nipype/references/tutorials/trackballstick-inputs/trackballstick-inputs.md	text	2802
skills/nipype/references/tutorials/trackbayesdirac-inputs/trackbayesdirac-inputs.md	text	3687
skills/nipype/references/tutorials/trackbedpostxdeter-inputs/trackbedpostxdeter-inputs.md	text	3050
skills/nipype/references/tutorials/trackbedpostxproba-inputs/trackbedpostxproba-inputs.md	text	3158
skills/nipype/references/tutorials/trackbootstrap-inputs/trackbootstrap-inputs.md	text	3362
skills/nipype/references/tutorials/trackdt-inputs/trackdt-inputs.md	text	2781
skills/nipype/references/tutorials/trackpico-inputs/trackpico-inputs.md	text	2951
skills/nipype/references/tutorials/tracks2prob-inputs/tracks2prob-inputs.md	text	1574
skills/nipype/references/tutorials/trackvis2camino-inputs/trackvis2camino-inputs.md	text	1037
skills/nipype/references/tutorials/tractography-inputs/tractography-inputs.md	text	5171
skills/nipype/references/tutorials/tractographylabelmapseeding-inputs/tractographylabelmapseeding-inputs.md	text	2355
skills/nipype/references/tutorials/tractshredder-inputs/tractshredder-inputs.md	text	1209
skills/nipype/references/tutorials/tractskeleton-inputs/tractskeleton-inputs.md	text	1773
skills/nipype/references/tutorials/training-inputs/training-inputs.md	text	876
skills/nipype/references/tutorials/traitedspec-dynamic/traitedspec-dynamic.md	text	1547
skills/nipype/references/tutorials/traitedspec-logic/traitedspec-logic.md	text	2505
skills/nipype/references/tutorials/traitedspec-tab-completion/traitedspec-tab-completion.md	text	1684
skills/nipype/references/tutorials/traitedspec/traitedspec.md	text	2001
skills/nipype/references/tutorials/transformfslconvert-inputs/transformfslconvert-inputs.md	text	2257
skills/nipype/references/tutorials/tshift-inputs/tshift-inputs.md	text	1921
skills/nipype/references/tutorials/tsmooth-inputs/tsmooth-inputs.md	text	1710
skills/nipype/references/tutorials/tstat-inputs/tstat-inputs.md	text	1245
skills/nipype/references/tutorials/tuple-maths/tuple-maths.md	text	2574
skills/nipype/references/tutorials/tuplemaths-inputs/tuplemaths-inputs.md	text	1924
skills/nipype/references/tutorials/tvadjustorigintask-inputs/tvadjustorigintask-inputs.md	text	1406
skills/nipype/references/tutorials/tvadjustvoxsp-inputs/tvadjustvoxsp-inputs.md	text	1391
skills/nipype/references/tutorials/tvadjustvoxsptask-inputs/tvadjustvoxsptask-inputs.md	text	1403
skills/nipype/references/tutorials/tvresample-inputs/tvresample-inputs.md	text	1694
skills/nipype/references/tutorials/tvresampletask-inputs/tvresampletask-inputs.md	text	1706
skills/nipype/references/tutorials/tvtool-inputs/tvtool-inputs.md	text	896
skills/nipype/references/tutorials/tvtooltask-inputs/tvtooltask-inputs.md	text	908
skills/nipype/references/tutorials/twosamplettestdesign-inputs/twosamplettestdesign-inputs.md	text	3008
skills/nipype/references/tutorials/ukftractography-inputs/ukftractography-inputs.md	text	3687
skills/nipype/references/tutorials/unary-maths/unary-maths.md	text	1952
skills/nipype/references/tutorials/unary-stats/unary-stats.md	text	1821
skills/nipype/references/tutorials/unarymaths-inputs/unarymaths-inputs.md	text	1168
skills/nipype/references/tutorials/unarystats-inputs/unarystats-inputs.md	text	1076
skills/nipype/references/tutorials/unbiasednonlocalmeans-inputs/unbiasednonlocalmeans-inputs.md	text	1199
skills/nipype/references/tutorials/undump-inputs/undump-inputs.md	text	1682
skills/nipype/references/tutorials/unifize-inputs/unifize-inputs.md	text	1841
skills/nipype/references/tutorials/unique-join-node/unique-join-node.md	text	2619
skills/nipype/references/tutorials/unpacksdicomdir-inputs/unpacksdicomdir-inputs.md	text	2008
skills/nipype/references/tutorials/vbmsegment-inputs/vbmsegment-inputs.md	text	5667
skills/nipype/references/tutorials/vbmsegment-outputs/vbmsegment-outputs.md	text	1322
skills/nipype/references/tutorials/vec-reg/vec-reg.md	text	5016
skills/nipype/references/tutorials/vecreg-inputs/vecreg-inputs.md	text	1752
skills/nipype/references/tutorials/vest2text-inputs/vest2text-inputs.md	text	925
skills/nipype/references/tutorials/vnifti2image-inputs/vnifti2image-inputs.md	text	1184
skills/nipype/references/tutorials/volcentre-inputs/volcentre-inputs.md	text	1432
skills/nipype/references/tutorials/voliso-inputs/voliso-inputs.md	text	1425
skills/nipype/references/tutorials/volpad-inputs/volpad-inputs.md	text	1581
skills/nipype/references/tutorials/volreg-inputs/volreg-inputs.md	text	2487
skills/nipype/references/tutorials/volsymm-inputs/volsymm-inputs.md	text	2070
skills/nipype/references/tutorials/volumemask-inputs/volumemask-inputs.md	text	2100
skills/nipype/references/tutorials/votingbinaryholefillingimagefilter-inputs/votingbinaryholefillingimagefilter-inputs.md	text	1319
skills/nipype/references/tutorials/vtkstreamlines-inputs/vtkstreamlines-inputs.md	text	1858
skills/nipype/references/tutorials/vtomat-inputs/vtomat-inputs.md	text	1040
skills/nipype/references/tutorials/warp-inputs/warp-inputs.md	text	2021
skills/nipype/references/tutorials/warpimagemultitransform-inputs/warpimagemultitransform-inputs.md	text	2176
skills/nipype/references/tutorials/warppoints-inputs/warppoints-inputs.md	text	1702
skills/nipype/references/tutorials/warppointsfromstd-inputs/warppointsfromstd-inputs.md	text	1503
skills/nipype/references/tutorials/warppointstostd-inputs/warppointstostd-inputs.md	text	1825
skills/nipype/references/tutorials/warptimeseriesimagemultitransform-inputs/warptimeseriesimagemultitransform-inputs.md	text	1902
skills/nipype/references/tutorials/warputils-inputs/warputils-inputs.md	text	1719
skills/nipype/references/tutorials/watershedbem-inputs/watershedbem-inputs.md	text	1101
skills/nipype/references/tutorials/watershedbem-outputs/watershedbem-outputs.md	text	1229
skills/nipype/references/tutorials/watershedskullstrip-inputs/watershedskullstrip-inputs.md	text	1310
skills/nipype/references/tutorials/workflow-add/workflow-add.md	text	1592
skills/nipype/references/tutorials/xfibres5-inputs/xfibres5-inputs.md	text	3488
skills/nipype/references/tutorials/xfmavg-inputs/xfmavg-inputs.md	text	1443
skills/nipype/references/tutorials/xfmconcat-inputs/xfmconcat-inputs.md	text	1258
skills/nipype/references/tutorials/xfminvert-inputs/xfminvert-inputs.md	text	1060
skills/nipype/references/tutorials/xnatsink-inputs/xnatsink-inputs.md	text	1309
skills/nipype/references/tutorials/xnatsource-inputs/xnatsource-inputs.md	text	969
skills/nipype/references/tutorials/zcat-inputs/zcat-inputs.md	text	1368
skills/nipype/references/tutorials/zcutup-inputs/zcutup-inputs.md	text	1162
skills/nipype/references/tutorials/zeropad-inputs/zeropad-inputs.md	text	2179
skills/psychopy/.DS_Store	file	6148
skills/psychopy/SKILL.md	text	3592
skills/psychopy/code/README.md	text	893
skills/psychopy/code/api_examples.md	text	597
skills/psychopy/code/source_example_index.md	text	1567
skills/psychopy/code/source_snippets/documentation_snippets.md	text	1484
skills/psychopy/code/source_snippets/source_test_snippets.md	text	29924
skills/psychopy/code/source_snippets/tutorial_snippets.md	text	29144
skills/psychopy/code/tutorial_index.md	text	13776
skills/psychopy/code_analysis.json	json	17
skills/psychopy/quality_report.json	json	1274
skills/psychopy/references/.DS_Store	file	6148
skills/psychopy/references/documentation/architecture/README.md	text	1260
skills/psychopy/references/documentation/authors/AUTHORS.md	text	2395
skills/psychopy/references/documentation/community/code-of-conduct.md	text	5455
skills/psychopy/references/documentation/contributing/CONTRIBUTING.md	text	2830
skills/psychopy/references/documentation/features/readme.md	text	1724
skills/psychopy/references/documentation/other/2023.1.0.md	text	510
skills/psychopy/references/documentation/other/2024.1.0.md	text	990
skills/psychopy/references/documentation/other/readme.md	text	17073
skills/psychopy/references/documentation/overview/README.md	text	2826
skills/psychopy/references/tutorials/add-args-and-kwargs/add-args-and-kwargs.md	text	1528
skills/psychopy/references/tutorials/add-invalid-modifiers/add-invalid-modifiers.md	text	1116
skills/psychopy/references/tutorials/add-kwargs/add-kwargs.md	text	1275
skills/psychopy/references/tutorials/adddata-with-mutable-values/adddata-with-mutable-values.md	text	1978
skills/psychopy/references/tutorials/aliasdict/aliasdict.md	text	2210
skills/psychopy/references/tutorials/alignment/alignment.md	text	3559
skills/psychopy/references/tutorials/all-code-component-tabs/all-code-component-tabs.md	text	4697
skills/psychopy/references/tutorials/all-have-depth/all-have-depth.md	text	3762
skills/psychopy/references/tutorials/anchor-flip/anchor-flip.md	text	2529
skills/psychopy/references/tutorials/applyinitialrule-false/applyinitialrule-false.md	text	2220
skills/psychopy/references/tutorials/aspect-ratio/aspect-ratio.md	text	4813
skills/psychopy/references/tutorials/audioclip-attrib/audioclip-attrib.md	text	4104
skills/psychopy/references/tutorials/audioclip-create/audioclip-create.md	text	3160
skills/psychopy/references/tutorials/audioclip-file/audioclip-file.md	text	3433
skills/psychopy/references/tutorials/audioclip-rms/audioclip-rms.md	text	3053
skills/psychopy/references/tutorials/audioclip-synth/audioclip-synth.md	text	4282
skills/psychopy/references/tutorials/background-image-fit/background-image-fit.md	text	3830
skills/psychopy/references/tutorials/blank-timing/blank-timing.md	text	4034
skills/psychopy/references/tutorials/border-contains/border-contains.md	text	2599
skills/psychopy/references/tutorials/capturemovieframes/capturemovieframes.md	text	1686
skills/psychopy/references/tutorials/caret-position/caret-position.md	text	3476
skills/psychopy/references/tutorials/circle/circle.md	text	1540
skills/psychopy/references/tutorials/code-muting/code-muting.md	text	2789
skills/psychopy/references/tutorials/colors/colors.md	text	4950
skills/psychopy/references/tutorials/combinations/combinations.md	text	7246
skills/psychopy/references/tutorials/contains/contains.md	text	1389
skills/psychopy/references/tutorials/contrast/contrast.md	text	1687
skills/psychopy/references/tutorials/default/default.md	text	3659
skills/psychopy/references/tutorials/delitem-string/delitem-string.md	text	1074
skills/psychopy/references/tutorials/delitem/delitem.md	text	1244
skills/psychopy/references/tutorials/device-json/device-json.md	text	962
skills/psychopy/references/tutorials/disabled-code-muting/disabled-code-muting.md	text	3195
skills/psychopy/references/tutorials/dist/dist.md	text	3396
skills/psychopy/references/tutorials/dkl2rgb/dkl2rgb.md	text	1918
skills/psychopy/references/tutorials/dot/dot.md	text	4056
skills/psychopy/references/tutorials/editable/editable.md	text	2674
skills/psychopy/references/tutorials/element-array-colors/element-array-colors.md	text	967
skills/psychopy/references/tutorials/event-processing/event-processing.md	text	1505
skills/psychopy/references/tutorials/exp-loadcompilepsyexp/exp-loadcompilepsyexp.md	text	3608
skills/psychopy/references/tutorials/formatting/formatting.md	text	6368
skills/psychopy/references/tutorials/fps/fps.md	text	2713
skills/psychopy/references/tutorials/frustumtoprojectionmatrix/frustumtoprojectionmatrix.md	text	4514
skills/psychopy/references/tutorials/future-trials/future-trials.md	text	3406
skills/psychopy/references/tutorials/gammasetgetmatch/gammasetgetmatch.md	text	1942
skills/psychopy/references/tutorials/genfilenamefromdelimiter/genfilenamefromdelimiter.md	text	1440
skills/psychopy/references/tutorials/get-data/get-data.md	text	2009
skills/psychopy/references/tutorials/get-info/get-info.md	text	2111
skills/psychopy/references/tutorials/getdatestr/getdatestr.md	text	1570
skills/psychopy/references/tutorials/getfuturetrials/getfuturetrials.md	text	2987
skills/psychopy/references/tutorials/getitem-modifiers-list/getitem-modifiers-list.md	text	1408
skills/psychopy/references/tutorials/getprocesses/getprocesses.md	text	924
skills/psychopy/references/tutorials/getrating/getrating.md	text	1752
skills/psychopy/references/tutorials/gettime/gettime.md	text	1662
skills/psychopy/references/tutorials/glyph-rendering/glyph-rendering.md	text	5270
skills/psychopy/references/tutorials/gratingimageandgauss/gratingimageandgauss.md	text	1791
skills/psychopy/references/tutorials/greyscaleimage/greyscaleimage.md	text	3323
skills/psychopy/references/tutorials/guide_collection.json	json	2227829
skills/psychopy/references/tutorials/hammingsmallblock/hammingsmallblock.md	text	2027
skills/psychopy/references/tutorials/handlefilecollision-rename-file-exists/handlefilecollision-rename-file-exists.md	text	1548
skills/psychopy/references/tutorials/handlefilecollision-rename-multiple-files-exists/handlefilecollision-rename-multiple-files-exists.md	text	1863
skills/psychopy/references/tutorials/horiz/horiz.md	text	3028
skills/psychopy/references/tutorials/imageandgauss/imageandgauss.md	text	1635
skills/psychopy/references/tutorials/importconditions/importconditions.md	text	815
skills/psychopy/references/tutorials/importitems/importitems.md	text	2386
skills/psychopy/references/tutorials/indentation-consistency/indentation-consistency.md	text	5446
skills/psychopy/references/tutorials/index.md	text	20152
skills/psychopy/references/tutorials/init/init.md	text	2802
skills/psychopy/references/tutorials/invertquat/invertquat.md	text	2010
skills/psychopy/references/tutorials/json-dump-after-iteration/json-dump-after-iteration.md	text	1618
skills/psychopy/references/tutorials/json-dump-and-reopen-file/json-dump-and-reopen-file.md	text	1937
skills/psychopy/references/tutorials/json-dump-with-data-after-iteration/json-dump-with-data-after-iteration.md	text	1723
skills/psychopy/references/tutorials/json-dump-with-data/json-dump-with-data.md	text	1627
skills/psychopy/references/tutorials/json-dump/json-dump.md	text	1514
skills/psychopy/references/tutorials/json-with-encoding/json-with-encoding.md	text	1803
skills/psychopy/references/tutorials/launch-scan/launch-scan.md	text	2323
skills/psychopy/references/tutorials/len/len.md	text	1448
skills/psychopy/references/tutorials/length/length.md	text	2098
skills/psychopy/references/tutorials/line-contains/line-contains.md	text	1223
skills/psychopy/references/tutorials/line-overlaps/line-overlaps.md	text	1513
skills/psychopy/references/tutorials/line/line.md	text	1185
skills/psychopy/references/tutorials/lineariselums-method-1/lineariselums-method-1.md	text	1615
skills/psychopy/references/tutorials/linearizelums-method-1/linearizelums-method-1.md	text	1289
skills/psychopy/references/tutorials/loaded-namespace/loaded-namespace.md	text	9623
skills/psychopy/references/tutorials/look-at-away/look-at-away.md	text	2698
skills/psychopy/references/tutorials/matrixfromquat/matrixfromquat.md	text	2037
skills/psychopy/references/tutorials/misc/misc.md	text	1549
skills/psychopy/references/tutorials/mouse-clock/mouse-clock.md	text	3241
skills/psychopy/references/tutorials/mousemoved/mousemoved.md	text	1395
skills/psychopy/references/tutorials/movement/movement.md	text	1880
skills/psychopy/references/tutorials/multquat/multquat.md	text	2474
skills/psychopy/references/tutorials/nreversals/nreversals.md	text	2438
skills/psychopy/references/tutorials/numpytexture/numpytexture.md	text	2686
skills/psychopy/references/tutorials/ori/ori.md	text	2666
skills/psychopy/references/tutorials/orthogonalize/orthogonalize.md	text	3845
skills/psychopy/references/tutorials/output-arbitrary-suffix-no-delim/output-arbitrary-suffix-no-delim.md	text	2355
skills/psychopy/references/tutorials/output-csv-and-semicolon/output-csv-and-semicolon.md	text	2150
skills/psychopy/references/tutorials/output-csv-suffix-no-delim/output-csv-suffix-no-delim.md	text	2007
skills/psychopy/references/tutorials/output-length/output-length.md	text	666
skills/psychopy/references/tutorials/output-no-filename-comma-delim/output-no-filename-comma-delim.md	text	2198
skills/psychopy/references/tutorials/output-no-filename-no-delim/output-no-filename-no-delim.md	text	2315
skills/psychopy/references/tutorials/output-no-filename-semicolon-delim/output-no-filename-semicolon-delim.md	text	2206
skills/psychopy/references/tutorials/output-no-filename-tab-delim/output-no-filename-tab-delim.md	text	2197
skills/psychopy/references/tutorials/overlaps/overlaps.md	text	1389
skills/psychopy/references/tutorials/param-settable/param-settable.md	text	2921
skills/psychopy/references/tutorials/param-str/param-str.md	text	8707
skills/psychopy/references/tutorials/plugin-stub-links/plugin-stub-links.md	text	3704
skills/psychopy/references/tutorials/point/point.md	text	2065
skills/psychopy/references/tutorials/processorcounts/processorcounts.md	text	1138
skills/psychopy/references/tutorials/projectfrustumtoplane/projectfrustumtoplane.md	text	3124
skills/psychopy/references/tutorials/psydat-filename-collision-output/psydat-filename-collision-output.md	text	2853
skills/psychopy/references/tutorials/psydat-filename-collision-output2/psydat-filename-collision-output2.md	text	2342
skills/psychopy/references/tutorials/quattomatrix/quattomatrix.md	text	2280
skills/psychopy/references/tutorials/quest/quest.md	text	2450
skills/psychopy/references/tutorials/questhandler/questhandler.md	text	4894
skills/psychopy/references/tutorials/questplus/questplus.md	text	2570
skills/psychopy/references/tutorials/random-data-output/random-data-output.md	text	2769
skills/psychopy/references/tutorials/random-data-output2/random-data-output2.md	text	2308
skills/psychopy/references/tutorials/recordrating/recordrating.md	text	1995
skills/psychopy/references/tutorials/rect/rect.md	text	1534
skills/psychopy/references/tutorials/remove-modifiers-list/remove-modifiers-list.md	text	1349
skills/psychopy/references/tutorials/remove/remove.md	text	1440
skills/psychopy/references/tutorials/rgb2hsv/rgb2hsv.md	text	2996
skills/psychopy/references/tutorials/rotations/rotations.md	text	3995
skills/psychopy/references/tutorials/run-faststrooppsyexp/run-faststrooppsyexp.md	text	3936
skills/psychopy/references/tutorials/s470/s470.md	text	3177
skills/psychopy/references/tutorials/scrolling/scrolling.md	text	2913
skills/psychopy/references/tutorials/serialization/serialization.md	text	1424
skills/psychopy/references/tutorials/set-item/set-item.md	text	3406
skills/psychopy/references/tutorials/set-visible/set-visible.md	text	1159
skills/psychopy/references/tutorials/setgammaramp/setgammaramp.md	text	2096
skills/psychopy/references/tutorials/simple/simple.md	text	2456
skills/psychopy/references/tutorials/soundheard/soundheard.md	text	4506
skills/psychopy/references/tutorials/speechpoint/speechpoint.md	text	1909
skills/psychopy/references/tutorials/stairhandlerdb/stairhandlerdb.md	text	3350
skills/psychopy/references/tutorials/stairhandlerlinear/stairhandlerlinear.md	text	3101
skills/psychopy/references/tutorials/stairhandlerlinearreveralsnone/stairhandlerlinearreveralsnone.md	text	3134
skills/psychopy/references/tutorials/stairhandlerlinearscalarstepsizereveralsnone/stairhandlerlinearscalarstepsizereveralsnone.md	text	2990
skills/psychopy/references/tutorials/stairhandlerlog/stairhandlerlog.md	text	3395
skills/psychopy/references/tutorials/stairhandlerscalarstepsize/stairhandlerscalarstepsize.md	text	2945
skills/psychopy/references/tutorials/staticperiod-screenhz/staticperiod-screenhz.md	text	2693
skills/psychopy/references/tutorials/staticperiod/staticperiod.md	text	3695
skills/psychopy/references/tutorials/sync-clocks/sync-clocks.md	text	2140
skills/psychopy/references/tutorials/testgeneratespec/testgeneratespec.md	text	2798
skills/psychopy/references/tutorials/text-with-add/text-with-add.md	text	2154
skills/psychopy/references/tutorials/text/text.md	text	2851
skills/psychopy/references/tutorials/tick-and-label-locs/tick-and-label-locs.md	text	3589
skills/psychopy/references/tutorials/transform/transform.md	text	2882
skills/psychopy/references/tutorials/trialhandlerandxlsx/trialhandlerandxlsx.md	text	2787
skills/psychopy/references/tutorials/trialtypeimport/trialtypeimport.md	text	2523
skills/psychopy/references/tutorials/triangle-marker/triangle-marker.md	text	2236
skills/psychopy/references/tutorials/typing/typing.md	text	5436
skills/psychopy/references/tutorials/underscores-in-datatype-names/underscores-in-datatype-names.md	text	3078
skills/psychopy/references/tutorials/underscores-in-datatype-names2/underscores-in-datatype-names2.md	text	2679
skills/psychopy/references/tutorials/unit-mismatch/unit-mismatch.md	text	4391
skills/psychopy/references/tutorials/valid-yaml/valid-yaml.md	text	2712
skills/psychopy/references/tutorials/value/value.md	text	3943
skills/psychopy/references/tutorials/var-defs/var-defs.md	text	3642
skills/psychopy/references/tutorials/viewmatrix/viewmatrix.md	text	2604
skills/psychopy/references/tutorials/visual-set-autodraw/visual-set-autodraw.md	text	2778
skills/psychopy/references/tutorials/visualangle/visualangle.md	text	2811
skills/psychopy/references/tutorials/win-color-with-image/win-color-with-image.md	text	1801
skills/psychopy/references/tutorials/writing/writing.md	text	4092
skills/pymc/.DS_Store	file	6148
skills/pymc/SKILL.md	text	3527
skills/pymc/code/.DS_Store	file	6148
skills/pymc/code/README.md	text	891
skills/pymc/code/api_examples.md	text	2271
skills/pymc/code/source_example_index.md	text	1360
skills/pymc/code/source_snippets/documentation_snippets.md	text	9471
skills/pymc/code/source_snippets/source_test_snippets.md	text	20405
skills/pymc/code/source_snippets/tutorial_snippets.md	text	22510
skills/pymc/code/tutorial_index.md	text	13695
skills/pymc/code_analysis.json	json	17
skills/pymc/quality_report.json	json	1343
skills/pymc/references/.DS_Store	file	6148
skills/pymc/references/documentation/api/backends.rst	text	355
skills/pymc/references/documentation/api/censored.rst	text	411
skills/pymc/references/documentation/api/conditioning.rst	text	205
skills/pymc/references/documentation/api/continuous.rst	text	562
skills/pymc/references/documentation/api/core.rst	text	504
skills/pymc/references/documentation/api/cov.rst	text	339
skills/pymc/references/documentation/api/custom.rst	text	421
skills/pymc/references/documentation/api/data.rst	text	111
skills/pymc/references/documentation/api/dims.rst	text	384
skills/pymc/references/documentation/api/discrete.rst	text	591
skills/pymc/references/documentation/api/distributions.rst	text	393
skills/pymc/references/documentation/api/fgraph.rst	text	165
skills/pymc/references/documentation/api/gp.rst	text	148
skills/pymc/references/documentation/api/implementations.rst	text	217
skills/pymc/references/documentation/api/logprob.rst	text	307
skills/pymc/references/documentation/api/math.rst	text	423
skills/pymc/references/documentation/api/mean.rst	text	146
skills/pymc/references/documentation/api/misc.rst	text	234
skills/pymc/references/documentation/api/mixture.rst	text	305
skills/pymc/references/documentation/api/model.rst	text	146
skills/pymc/references/documentation/api/multivariate.rst	text	386
skills/pymc/references/documentation/api/ode.rst	text	213
skills/pymc/references/documentation/api/optimization.rst	text	157
skills/pymc/references/documentation/api/pytensorf.rst	text	320
skills/pymc/references/documentation/api/samplers.rst	text	1048
skills/pymc/references/documentation/api/shape_utils.rst	text	1247
skills/pymc/references/documentation/api/simulator.rst	text	416
skills/pymc/references/documentation/api/smc.rst	text	282
skills/pymc/references/documentation/api/stats.rst	text	451
skills/pymc/references/documentation/api/testing.rst	text	215
skills/pymc/references/documentation/api/timeseries.rst	text	240
skills/pymc/references/documentation/api/transforms.rst	text	4650
skills/pymc/references/documentation/api/truncated.rst	text	416
skills/pymc/references/documentation/api/tuning.rst	text	110
skills/pymc/references/documentation/api/util.rst	text	127
skills/pymc/references/documentation/api/utilities.rst	text	223
skills/pymc/references/documentation/architecture/ARCHITECTURE.md	text	4273
skills/pymc/references/documentation/community/CODE_OF_CONDUCT.md	text	3494
skills/pymc/references/documentation/contributing/CONTRIBUTING.md	text	1114
skills/pymc/references/documentation/guides/Gaussian_Processes.rst	text	11318
skills/pymc/references/documentation/guides/Probability_Distributions.rst	text	5784
skills/pymc/references/documentation/other/404.md	text	260
skills/pymc/references/documentation/other/Gaussian_Processes.rst	text	11339
skills/pymc/references/documentation/other/PULL_REQUEST_TEMPLATE.md	text	1647
skills/pymc/references/documentation/other/api.rst	text	1789
skills/pymc/references/documentation/other/books.md	text	3301
skills/pymc/references/documentation/other/build_docs.md	text	2221
skills/pymc/references/documentation/other/consulting.md	text	939
skills/pymc/references/documentation/other/developer_guide.md	text	33842
skills/pymc/references/documentation/other/docker_container.md	text	721
skills/pymc/references/documentation/other/glossary.md	text	12559
skills/pymc/references/documentation/other/implementing_distribution.md	text	24685
skills/pymc/references/documentation/other/index.md	text	553
skills/pymc/references/documentation/other/installation.md	text	1281
skills/pymc/references/documentation/other/jupyter_style.md	text	23559
skills/pymc/references/documentation/other/learn.md	text	1107
skills/pymc/references/documentation/other/pr_checklist.md	text	2046
skills/pymc/references/documentation/other/pr_tutorial.md	text	3426
skills/pymc/references/documentation/other/python_style.md	text	2731
skills/pymc/references/documentation/other/release_checklist.md	text	2120
skills/pymc/references/documentation/other/review_pr_pymc_examples.md	text	6981
skills/pymc/references/documentation/other/running_the_test_suite.md	text	1933
skills/pymc/references/documentation/other/usage_overview.rst	text	2823
skills/pymc/references/documentation/other/using_gitpod.md	text	6650
skills/pymc/references/documentation/other/versioning_schemes_explanation.md	text	4354
skills/pymc/references/documentation/other/videos_and_podcasts.md	text	692
skills/pymc/references/documentation/overview/GOVERNANCE.md	text	40352
skills/pymc/references/documentation/overview/README.rst	text	15814
skills/pymc/references/documentation/templates/class.rst	text	535
skills/pymc/references/documentation/templates/distribution.rst	text	292
skills/pymc/references/tutorials/abort/abort.md	text	3083
skills/pymc/references/tutorials/absolute-rv-transform/absolute-rv-transform.md	text	2080
skills/pymc/references/tutorials/add-multid/add-multid.md	text	1395
skills/pymc/references/tutorials/add/add.md	text	1203
skills/pymc/references/tutorials/adds-jitter/adds-jitter.md	text	2298
skills/pymc/references/tutorials/affine-join-interdependent/affine-join-interdependent.md	text	4133
skills/pymc/references/tutorials/affine-log-transform-rv/affine-log-transform-rv.md	text	2021
skills/pymc/references/tutorials/affine-transform-rv/affine-transform-rv.md	text	2372
skills/pymc/references/tutorials/all-distributions-have-support-points/all-distributions-have-support-points.md	text	3100
skills/pymc/references/tutorials/already-formatted-links-not-double-formatted/already-formatted-links-not-double-formatted.md	text	871
skills/pymc/references/tutorials/argmax/argmax.md	text	1510
skills/pymc/references/tutorials/assert-logprob/assert-logprob.md	text	2324
skills/pymc/references/tutorials/autodetect-coords-from-model/autodetect-coords-from-model.md	text	5552
skills/pymc/references/tutorials/base-exponent-non-measurable/base-exponent-non-measurable.md	text	1518
skills/pymc/references/tutorials/basic-log-prior/basic-log-prior.md	text	2330
skills/pymc/references/tutorials/basic-replace/basic-replace.md	text	1157
skills/pymc/references/tutorials/basic/basic.md	text	2065
skills/pymc/references/tutorials/batched-init-dist/batched-init-dist.md	text	3389
skills/pymc/references/tutorials/batched-rhos/batched-rhos.md	text	2975
skills/pymc/references/tutorials/batched-size/batched-size.md	text	2920
skills/pymc/references/tutorials/bcast-rv-logp/bcast-rv-logp.md	text	2569
skills/pymc/references/tutorials/broadcasted-clip-constant/broadcasted-clip-constant.md	text	1766
skills/pymc/references/tutorials/broadcasted-clip-random/broadcasted-clip-random.md	text	1765
skills/pymc/references/tutorials/broadcasting/broadcasting.md	text	1693
skills/pymc/references/tutorials/build-constant-data/build-constant-data.md	text	3776
skills/pymc/references/tutorials/car-alpha-bounds/car-alpha-bounds.md	text	2286
skills/pymc/references/tutorials/car-matrix-check/car-matrix-check.md	text	3209
skills/pymc/references/tutorials/cartesian-2d/cartesian-2d.md	text	1325
skills/pymc/references/tutorials/cartesian/cartesian.md	text	831
skills/pymc/references/tutorials/categorical-logp-batch-dims/categorical-logp-batch-dims.md	text	4798
skills/pymc/references/tutorials/categorical/categorical.md	text	2574
skills/pymc/references/tutorials/censored-basic/censored-basic.md	text	829
skills/pymc/references/tutorials/censored-dims/censored-dims.md	text	793
skills/pymc/references/tutorials/censored-invalid-dist/censored-invalid-dist.md	text	1804
skills/pymc/references/tutorials/censored-logcdf-continuous/censored-logcdf-continuous.md	text	4517
skills/pymc/references/tutorials/censored-logcdf-discrete/censored-logcdf-discrete.md	text	4218
skills/pymc/references/tutorials/censored-logp-numerical-stability/censored-logp-numerical-stability.md	text	2469
skills/pymc/references/tutorials/censored-workflow/censored-workflow.md	text	3951
skills/pymc/references/tutorials/chain-jacob-det/chain-jacob-det.md	text	2323
skills/pymc/references/tutorials/chain-values/chain-values.md	text	1205
skills/pymc/references/tutorials/change-dist-size-none/change-dist-size-none.md	text	2617
skills/pymc/references/tutorials/change-dist-size/change-dist-size.md	text	3328
skills/pymc/references/tutorials/change-rv-size-expand-none-size/change-rv-size-expand-none-size.md	text	1691
skills/pymc/references/tutorials/change-size-multivariate/change-size-multivariate.md	text	2138
skills/pymc/references/tutorials/change-size-univariate/change-size-univariate.md	text	2056
skills/pymc/references/tutorials/check-parameters-can-be-replaced-by-ninf/check-parameters-can-be-replaced-by-ninf.md	text	2514
skills/pymc/references/tutorials/check-potential-measurability/check-potential-measurability.md	text	2646
skills/pymc/references/tutorials/checkparameter/checkparameter.md	text	1641
skills/pymc/references/tutorials/choose-chains/choose-chains.md	text	1528
skills/pymc/references/tutorials/comparison-invalid-broadcast/comparison-invalid-broadcast.md	text	1292
skills/pymc/references/tutorials/compilation-kwargs/compilation-kwargs.md	text	2878
skills/pymc/references/tutorials/component-choice-random/component-choice-random.md	text	1895
skills/pymc/references/tutorials/components-expanded-by-weights/components-expanded-by-weights.md	text	3022
skills/pymc/references/tutorials/compound-step/compound-step.md	text	2706
skills/pymc/references/tutorials/compute-deterministics/compute-deterministics.md	text	4925
skills/pymc/references/tutorials/conditional-periodic/conditional-periodic.md	text	3004
skills/pymc/references/tutorials/conditional/conditional.md	text	3361
skills/pymc/references/tutorials/constant-data/constant-data.md	text	3152
skills/pymc/references/tutorials/context-error/context-error.md	text	2198
skills/pymc/references/tutorials/continuous-rv-clip/continuous-rv-clip.md	text	2191
skills/pymc/references/tutorials/cosh-rv-transform/cosh-rv-transform.md	text	2366
skills/pymc/references/tutorials/custom-dist-custom-support-point-univariate/custom-dist-custom-support-point-univariate.md	text	2200
skills/pymc/references/tutorials/custom-dist-default-support-point-multivariate/custom-dist-default-support-point-multivariate.md	text	2322
skills/pymc/references/tutorials/custom-dist-default-support-point-scan/custom-dist-default-support-point-scan.md	text	2296
skills/pymc/references/tutorials/custom-dist-multivariate-logp/custom-dist-multivariate-logp.md	text	2680
skills/pymc/references/tutorials/data-var-latex-underscore-escaping/data-var-latex-underscore-escaping.md	text	2615
skills/pymc/references/tutorials/data-vars-in-model-repr/data-vars-in-model-repr.md	text	2114
skills/pymc/references/tutorials/data/data.md	text	807
skills/pymc/references/tutorials/datalogp-multiple-shapes/datalogp-multiple-shapes.md	text	2213
skills/pymc/references/tutorials/default-updates/default-updates.md	text	2114
skills/pymc/references/tutorials/deterministic-clipping/deterministic-clipping.md	text	2173
skills/pymc/references/tutorials/deterministic-cumsum/deterministic-cumsum.md	text	2364
skills/pymc/references/tutorials/deterministic-samples/deterministic-samples.md	text	2355
skills/pymc/references/tutorials/dims-without-coords/dims-without-coords.md	text	1637
skills/pymc/references/tutorials/dirichlet-multinomial-dims/dirichlet-multinomial-dims.md	text	2205
skills/pymc/references/tutorials/discrete-not-allowed/discrete-not-allowed.md	text	1692
skills/pymc/references/tutorials/discrete-rv-clip/discrete-rv-clip.md	text	2240
skills/pymc/references/tutorials/discrete-rv-comparison-bitwise/discrete-rv-comparison-bitwise.md	text	2890
skills/pymc/references/tutorials/dist/dist.md	text	2334
skills/pymc/references/tutorials/distinct-rvs/distinct-rvs.md	text	2700
skills/pymc/references/tutorials/dists-types/dists-types.md	text	2193
skills/pymc/references/tutorials/do-constant/do-constant.md	text	1619
skills/pymc/references/tutorials/do-deterministic/do-deterministic.md	text	1489
skills/pymc/references/tutorials/do-dims/do-dims.md	text	1742
skills/pymc/references/tutorials/do-posterior-predictive/do-posterior-predictive.md	text	1924
skills/pymc/references/tutorials/do-prune/do-prune.md	text	2760
skills/pymc/references/tutorials/do/do.md	text	2750
skills/pymc/references/tutorials/docstring-example/docstring-example.md	text	1604
skills/pymc/references/tutorials/double-log-transform-rv/double-log-transform-rv.md	text	1905
skills/pymc/references/tutorials/draw-pytensor-function-kwargs/draw-pytensor-function-kwargs.md	text	1659
skills/pymc/references/tutorials/drop-warning-stat/drop-warning-stat.md	text	1296
skills/pymc/references/tutorials/eager-import-heavy-dependencies/eager-import-heavy-dependencies.md	text	4601
skills/pymc/references/tutorials/elbo-beta-kl/elbo-beta-kl.md	text	4000
skills/pymc/references/tutorials/elbo/elbo.md	text	2837
skills/pymc/references/tutorials/elemwise-energy/elemwise-energy.md	text	1182
skills/pymc/references/tutorials/elemwise-update-different-scales/elemwise-update-different-scales.md	text	1687
skills/pymc/references/tutorials/elemwise-velocity/elemwise-velocity.md	text	1293
skills/pymc/references/tutorials/exp-transform-rv/exp-transform-rv.md	text	2569
skills/pymc/references/tutorials/expand-indices-basic/expand-indices-basic.md	text	2015
skills/pymc/references/tutorials/expand-indices-moved-subspaces/expand-indices-moved-subspaces.md	text	2035
skills/pymc/references/tutorials/expand-indices-single-indices/expand-indices-single-indices.md	text	2033
skills/pymc/references/tutorials/expand-packed-triangular/expand-packed-triangular.md	text	3623
skills/pymc/references/tutorials/explicit-coords/explicit-coords.md	text	2746
skills/pymc/references/tutorials/explicit-sample/explicit-sample.md	text	3250
skills/pymc/references/tutorials/external-nuts-sampler/external-nuts-sampler.md	text	3324
skills/pymc/references/tutorials/extra-bijective-rv-transforms/extra-bijective-rv-transforms.md	text	1978
skills/pymc/references/tutorials/factorized-joint-logprob-basic/factorized-joint-logprob-basic.md	text	5064
skills/pymc/references/tutorials/factorized-joint-logprob-diff-dims/factorized-joint-logprob-diff-dims.md	text	2979
skills/pymc/references/tutorials/factorized-joint-logprob-multi-obs/factorized-joint-logprob-multi-obs.md	text	3264
skills/pymc/references/tutorials/fail-base-and-clip-have-values/fail-base-and-clip-have-values.md	text	1693
skills/pymc/references/tutorials/fail-multiple-clip-single-base/fail-multiple-clip-single-base.md	text	1926
skills/pymc/references/tutorials/fgraph-rewrite/fgraph-rewrite.md	text	4860
skills/pymc/references/tutorials/fill-triangular-spiral/fill-triangular-spiral.md	text	2121
skills/pymc/references/tutorials/find-data-skips-deterministics/find-data-skips-deterministics.md	text	1932
skills/pymc/references/tutorials/find-data/find-data.md	text	2339
skills/pymc/references/tutorials/find-map-discrete/find-map-discrete.md	text	2344
skills/pymc/references/tutorials/find-map-issue-5923/find-map-issue-5923.md	text	2759
skills/pymc/references/tutorials/find-map/find-map.md	text	2520
skills/pymc/references/tutorials/fit-start/fit-start.md	text	2529
skills/pymc/references/tutorials/fit-with-nans/fit-with-nans.md	text	1821
skills/pymc/references/tutorials/fits-and-preds/fits-and-preds.md	text	4661
skills/pymc/references/tutorials/flatten-steps/flatten-steps.md	text	1718
skills/pymc/references/tutorials/freeze-dim-after-do-intervention/freeze-dim-after-do-intervention.md	text	1452
skills/pymc/references/tutorials/freeze-dims-and-data/freeze-dims-and-data.md	text	3628
skills/pymc/references/tutorials/full-adapt-adaptation-window/full-adapt-adaptation-window.md	text	2420
skills/pymc/references/tutorials/full-adapt-not-invertible/full-adapt-not-invertible.md	text	1514
skills/pymc/references/tutorials/full-adapt-sample-p/full-adapt-sample-p.md	text	2028
skills/pymc/references/tutorials/full-adapt-sampling/full-adapt-sampling.md	text	2689
skills/pymc/references/tutorials/full-adapt-update-window/full-adapt-update-window.md	text	1853
skills/pymc/references/tutorials/full-shape/full-shape.md	text	1161
skills/pymc/references/tutorials/gaussian-inference/gaussian-inference.md	text	2451
skills/pymc/references/tutorials/generative-graph-unchanged/generative-graph-unchanged.md	text	2351
skills/pymc/references/tutorials/get-batched-jittered-initial-points/get-batched-jittered-initial-points.md	text	2195
skills/pymc/references/tutorials/get-log-likelihood/get-log-likelihood.md	text	2705
skills/pymc/references/tutorials/get-sampler-stats/get-sampler-stats.md	text	4564
skills/pymc/references/tutorials/get-seeds-per-chain/get-seeds-per-chain.md	text	4088
skills/pymc/references/tutorials/get-value-vars-from-user-vars/get-value-vars-from-user-vars.md	text	3328
skills/pymc/references/tutorials/get-variables-and-point-fn/get-variables-and-point-fn.md	text	1894
skills/pymc/references/tutorials/get-vars-in-point-list/get-vars-in-point-list.md	text	2919
skills/pymc/references/tutorials/gradients/gradients.md	text	3006
skills/pymc/references/tutorials/guide_collection.json	json	5732631
skills/pymc/references/tutorials/hessian-sign-change-warning/hessian-sign-change-warning.md	text	1691
skills/pymc/references/tutorials/hessian/hessian.md	text	1373
skills/pymc/references/tutorials/hierarchical-logp/hierarchical-logp.md	text	2055
skills/pymc/references/tutorials/hierarchical-model-data/hierarchical-model-data.md	text	2149
skills/pymc/references/tutorials/hierarchical-obs-logp/hierarchical-obs-logp.md	text	1687
skills/pymc/references/tutorials/hierarchical-value-transform/hierarchical-value-transform.md	text	3490
skills/pymc/references/tutorials/hypergeometric/hypergeometric.md	text	2607
skills/pymc/references/tutorials/idata-contains-stats/idata-contains-stats.md	text	3723
skills/pymc/references/tutorials/idata-kwargs/idata-kwargs.md	text	2919
skills/pymc/references/tutorials/ifelse-mixture-one-component/ifelse-mixture-one-component.md	text	3630
skills/pymc/references/tutorials/implicit-coords-dataframe/implicit-coords-dataframe.md	text	2220
skills/pymc/references/tutorials/index.md	text	65932
skills/pymc/references/tutorials/infer-steps/infer-steps.md	text	2585
skills/pymc/references/tutorials/inferred-logp-mixture/inferred-logp-mixture.md	text	2035
skills/pymc/references/tutorials/initial-point/initial-point.md	text	2876
skills/pymc/references/tutorials/initvals-without-jitter/initvals-without-jitter.md	text	2824
skills/pymc/references/tutorials/interdependent-transformed-rvs/interdependent-transformed-rvs.md	text	5624
skills/pymc/references/tutorials/intermediate-rv/intermediate-rv.md	text	3272
skills/pymc/references/tutorials/interval-near-boundary/interval-near-boundary.md	text	1538
skills/pymc/references/tutorials/is-last-sets-completed-to-total/is-last-sets-completed-to-total.md	text	1688
skills/pymc/references/tutorials/issue-3051/issue-3051.md	text	2138
skills/pymc/references/tutorials/issue-6335-dims-containing-none/issue-6335-dims-containing-none.md	text	1812
skills/pymc/references/tutorials/join-mixed-ndim-supp/join-mixed-ndim-supp.md	text	1351
skills/pymc/references/tutorials/joint-logp-basic/joint-logp-basic.md	text	3007
skills/pymc/references/tutorials/keep-warning-stat-setting/keep-warning-stat-setting.md	text	4205
skills/pymc/references/tutorials/kmeans/kmeans.md	text	1493
skills/pymc/references/tutorials/kron-dot/kron-dot.md	text	1541
skills/pymc/references/tutorials/kron-solve-lower/kron-solve-lower.md	text	1684
skills/pymc/references/tutorials/kroneckernormal/kroneckernormal.md	text	4986
skills/pymc/references/tutorials/leftadd-matrixt/leftadd-matrixt.md	text	1358
skills/pymc/references/tutorials/leftadd-scalar/leftadd-scalar.md	text	1316
skills/pymc/references/tutorials/leftprod-matrix/leftprod-matrix.md	text	1403
skills/pymc/references/tutorials/linear-model/linear-model.md	text	2740
skills/pymc/references/tutorials/list-mvnormals-logp/list-mvnormals-logp.md	text	3697
skills/pymc/references/tutorials/list-mvnormals-predictive-sampling-shape/list-mvnormals-predictive-sampling-shape.md	text	4009
skills/pymc/references/tutorials/list-normals-sampling/list-normals-sampling.md	text	3748
skills/pymc/references/tutorials/list-poissons-sampling/list-poissons-sampling.md	text	3392
skills/pymc/references/tutorials/lkjcorr-default-transform/lkjcorr-default-transform.md	text	2257
skills/pymc/references/tutorials/lkjcorr/lkjcorr.md	text	2381
skills/pymc/references/tutorials/local-lift-diracdelta/local-lift-diracdelta.md	text	3483
skills/pymc/references/tutorials/local-remove-transformedvariable/local-remove-transformedvariable.md	text	1696
skills/pymc/references/tutorials/log-jac-det/log-jac-det.md	text	2170
skills/pymc/references/tutorials/log-transform-rv/log-transform-rv.md	text	1717
skills/pymc/references/tutorials/logccdf-discrete/logccdf-discrete.md	text	1427
skills/pymc/references/tutorials/logccdf-with-extended-signature/logccdf-with-extended-signature.md	text	3306
skills/pymc/references/tutorials/logcdf-helper/logcdf-helper.md	text	1590
skills/pymc/references/tutorials/logcdf-inference/logcdf-inference.md	text	1758
skills/pymc/references/tutorials/logcdf-transformed-argument/logcdf-transformed-argument.md	text	2042
skills/pymc/references/tutorials/logdiffexp/logdiffexp.md	text	1498
skills/pymc/references/tutorials/logp-scalar-ode/logp-scalar-ode.md	text	2928
skills/pymc/references/tutorials/logq-globals/logq-globals.md	text	2345
skills/pymc/references/tutorials/logq-mini-1-sample-1-var/logq-mini-1-sample-1-var.md	text	1457
skills/pymc/references/tutorials/logq-mini-2-sample-2-var/logq-mini-2-sample-2-var.md	text	1499
skills/pymc/references/tutorials/make-obs-var/make-obs-var.md	text	6286
skills/pymc/references/tutorials/marginal-likelihood/marginal-likelihood.md	text	2710
skills/pymc/references/tutorials/marimo-smc-progress/marimo-smc-progress.md	text	1849
skills/pymc/references/tutorials/masked-variable/masked-variable.md	text	2516
skills/pymc/references/tutorials/matrix-matrix-transform/matrix-matrix-transform.md	text	2235
skills/pymc/references/tutorials/max-discrete/max-discrete.md	text	2000
skills/pymc/references/tutorials/max-logprob/max-logprob.md	text	3573
skills/pymc/references/tutorials/mcmc-combined-bar-ends-at-total/mcmc-combined-bar-ends-at-total.md	text	2279
skills/pymc/references/tutorials/mcmc-draws-stat-shows-completed-count/mcmc-draws-stat-shows-completed-count.md	text	1835
skills/pymc/references/tutorials/mcmc-split-bar-starts-at-zero-ends-at-total/mcmc-split-bar-starts-at-zero-ends-at-total.md	text	2305
skills/pymc/references/tutorials/mean-equal-expected/mean-equal-expected.md	text	1870
skills/pymc/references/tutorials/mean-equal-to-scipy/mean-equal-to-scipy.md	text	2580
skills/pymc/references/tutorials/mean-invariance/mean-invariance.md	text	2051
skills/pymc/references/tutorials/measurable-dimshuffle/measurable-dimshuffle.md	text	3773
skills/pymc/references/tutorials/measurable-join-interdependent/measurable-join-interdependent.md	text	4380
skills/pymc/references/tutorials/measurable-join-multivariate/measurable-join-multivariate.md	text	4086
skills/pymc/references/tutorials/measurable-join-univariate/measurable-join-univariate.md	text	3757
skills/pymc/references/tutorials/measurable-join-with-constant-input/measurable-join-with-constant-input.md	text	4081
skills/pymc/references/tutorials/measurable-make-vector-interdependent/measurable-make-vector-interdependent.md	text	4317
skills/pymc/references/tutorials/measurable-make-vector-with-constant-input/measurable-make-vector-with-constant-input.md	text	3882
skills/pymc/references/tutorials/measurable-make-vector/measurable-make-vector.md	text	3893
skills/pymc/references/tutorials/measurable-power-exponent-with-constant-base/measurable-power-exponent-with-constant-base.md	text	2411
skills/pymc/references/tutorials/measurable-power-exponent-with-variable-base/measurable-power-exponent-with-variable-base.md	text	2173
skills/pymc/references/tutorials/min-discrete/min-discrete.md	text	1959
skills/pymc/references/tutorials/min-logprob/min-logprob.md	text	3566
skills/pymc/references/tutorials/min-non-mul-elemwise-fails/min-non-mul-elemwise-fails.md	text	1532
skills/pymc/references/tutorials/minibatch-parameter-and-value/minibatch-parameter-and-value.md	text	2586
skills/pymc/references/tutorials/minibatch-variable/minibatch-variable.md	text	2178
skills/pymc/references/tutorials/missing-data-model/missing-data-model.md	text	2382
skills/pymc/references/tutorials/mixture-transform/mixture-transform.md	text	4974
skills/pymc/references/tutorials/mixture-with-diracdelta/mixture-with-diracdelta.md	text	2328
skills/pymc/references/tutorials/mle-jacobian/mle-jacobian.md	text	1722
skills/pymc/references/tutorials/mock-sample/mock-sample.md	text	2201
skills/pymc/references/tutorials/mode-is-kept/mode-is-kept.md	text	2076
skills/pymc/references/tutorials/model-graph-with-intermediate-named-variables/model-graph-with-intermediate-named-variables.md	text	2406
skills/pymc/references/tutorials/model-latex-repr-mixture-model/model-latex-repr-mixture-model.md	text	2051
skills/pymc/references/tutorials/model-latex-repr-three-levels-model/model-latex-repr-three-levels-model.md	text	2507
skills/pymc/references/tutorials/model-logp/model-logp.md	text	4054
skills/pymc/references/tutorials/model-table-dims/model-table-dims.md	text	5391
skills/pymc/references/tutorials/model-to-graphviz-for-model-with-data-container/model-to-graphviz-for-model-with-data-container.md	text	4105
skills/pymc/references/tutorials/model-unchanged-logprob-access/model-unchanged-logprob-access.md	text	1548
skills/pymc/references/tutorials/model-var-maps/model-var-maps.md	text	2171
skills/pymc/references/tutorials/monotonically-decreasing-transform-logcdf/monotonically-decreasing-transform-logcdf.md	text	2176
skills/pymc/references/tutorials/multidim-scaling/multidim-scaling.md	text	2928
skills/pymc/references/tutorials/multigamma/multigamma.md	text	1590
skills/pymc/references/tutorials/multinomial-check-parameters/multinomial-check-parameters.md	text	1821
skills/pymc/references/tutorials/multiple-add-coords-with-same-name/multiple-add-coords-with-same-name.md	text	2354
skills/pymc/references/tutorials/multiple-minibatch-variables/multiple-minibatch-variables.md	text	2691
skills/pymc/references/tutorials/multiple-observed-rv/multiple-observed-rv.md	text	3382
skills/pymc/references/tutorials/multiple-rvs-to-same-value-raises/multiple-rvs-to-same-value-raises.md	text	1557
skills/pymc/references/tutorials/multiple-simulators/multiple-simulators.md	text	3660
skills/pymc/references/tutorials/multiple-variables/multiple-variables.md	text	2071
skills/pymc/references/tutorials/multivariate-constant-mask-unseparable/multivariate-constant-mask-unseparable.md	text	3488
skills/pymc/references/tutorials/multivariate-rv-fails/multivariate-rv-fails.md	text	1477
skills/pymc/references/tutorials/multivariate-shared-mask-separable/multivariate-shared-mask-separable.md	text	4801
skills/pymc/references/tutorials/multivariate-transform/multivariate-transform.md	text	1767
skills/pymc/references/tutorials/multivariate/multivariate.md	text	2039
skills/pymc/references/tutorials/mv-missing-data-model/mv-missing-data-model.md	text	2789
skills/pymc/references/tutorials/mv-proposal/mv-proposal.md	text	1387
skills/pymc/references/tutorials/mvnormal-mu-convenience/mvnormal-mu-convenience.md	text	3514
skills/pymc/references/tutorials/mvnormal-no-cholesky-in-model-logp/mvnormal-no-cholesky-in-model-logp.md	text	4298
skills/pymc/references/tutorials/mvnormal-shape-size-difference/mvnormal-shape-size-difference.md	text	2289
skills/pymc/references/tutorials/mvnormal/mvnormal.md	text	2899
skills/pymc/references/tutorials/mvstudentt-method/mvstudentt-method.md	text	2172
skills/pymc/references/tutorials/mvstudentt-mu-convenience/mvstudentt-mu-convenience.md	text	3634
skills/pymc/references/tutorials/nested-initvals/nested-initvals.md	text	3718
skills/pymc/references/tutorials/nested-model-coords/nested-model-coords.md	text	2419
skills/pymc/references/tutorials/nested-observed-model/nested-observed-model.md	text	3884
skills/pymc/references/tutorials/nested-simulators/nested-simulators.md	text	2295
skills/pymc/references/tutorials/no-change-inplace/no-change-inplace.md	text	2038
skills/pymc/references/tutorials/no-value-transform-multiout-input/no-value-transform-multiout-input.md	text	2282
skills/pymc/references/tutorials/non-iid-fails/non-iid-fails.md	text	1657
skills/pymc/references/tutorials/non-pymc-links-unchanged/non-pymc-links-unchanged.md	text	848
skills/pymc/references/tutorials/non-supp-axis/non-supp-axis.md	text	1655
skills/pymc/references/tutorials/nondefault-value-transform/nondefault-value-transform.md	text	3476
skills/pymc/references/tutorials/normal-mixture-sampling/normal-mixture-sampling.md	text	3887
skills/pymc/references/tutorials/normal-model/normal-model.md	text	2419
skills/pymc/references/tutorials/normal-nograd-op/normal-nograd-op.md	text	2537
skills/pymc/references/tutorials/numpyro-nuts-kwargs-are-used/numpyro-nuts-kwargs-are-used.md	text	2745
skills/pymc/references/tutorials/nutpie-end-to-end/nutpie-end-to-end.md	text	1702
skills/pymc/references/tutorials/nuts-step-legacy-value-grad-function/nuts-step-legacy-value-grad-function.md	text	2317
skills/pymc/references/tutorials/nuts-tuning/nuts-tuning.md	text	1864
skills/pymc/references/tutorials/observe-deterministic/observe-deterministic.md	text	1826
skills/pymc/references/tutorials/observe-minibatch/observe-minibatch.md	text	2723
skills/pymc/references/tutorials/observe-sum-normal/observe-sum-normal.md	text	1866
skills/pymc/references/tutorials/observe/observe.md	text	2649
skills/pymc/references/tutorials/observed-data-also-constant/observed-data-also-constant.md	text	3013
skills/pymc/references/tutorials/one-sided-clip/one-sided-clip.md	text	2975
skills/pymc/references/tutorials/op-equality/op-equality.md	text	1917
skills/pymc/references/tutorials/order1-logp/order1-logp.md	text	2932
skills/pymc/references/tutorials/order2-logp/order2-logp.md	text	2015
skills/pymc/references/tutorials/ordered/ordered.md	text	3594
skills/pymc/references/tutorials/orderedlogistic-dimensions/orderedlogistic-dimensions.md	text	2954
skills/pymc/references/tutorials/original-values-output-dict/original-values-output-dict.md	text	1982
skills/pymc/references/tutorials/overwrite-model-coords-dims/overwrite-model-coords-dims.md	text	4350
skills/pymc/references/tutorials/parametrization/parametrization.md	text	2571
skills/pymc/references/tutorials/pd-as-tensor-variable-multiindex/pd-as-tensor-variable-multiindex.md	text	2094
skills/pymc/references/tutorials/persist-inputs/persist-inputs.md	text	3819
skills/pymc/references/tutorials/pickle-point-func/pickle-point-func.md	text	2184
skills/pymc/references/tutorials/point-func/point-func.md	text	2483
skills/pymc/references/tutorials/posterior-predictive-thinned/posterior-predictive-thinned.md	text	3204
skills/pymc/references/tutorials/potentially-measurable-operand/potentially-measurable-operand.md	text	2166
skills/pymc/references/tutorials/pr-links-are-formatted/pr-links-are-formatted.md	text	868
skills/pymc/references/tutorials/precision-mv-normal-optimization/precision-mv-normal-optimization.md	text	2973
skills/pymc/references/tutorials/predictions-to-idata-new/predictions-to-idata-new.md	text	2036
skills/pymc/references/tutorials/predictions-to-idata/predictions-to-idata.md	text	3041
skills/pymc/references/tutorials/prior/prior.md	text	2962
skills/pymc/references/tutorials/probability-inference/probability-inference.md	text	2575
skills/pymc/references/tutorials/prod-multid/prod-multid.md	text	1397
skills/pymc/references/tutorials/prod/prod.md	text	1205
skills/pymc/references/tutorials/prune-vars-detached-from-observed/prune-vars-detached-from-observed.md	text	1845
skills/pymc/references/tutorials/random-clip/random-clip.md	text	2230
skills/pymc/references/tutorials/random-diag/random-diag.md	text	1917
skills/pymc/references/tutorials/random-multiple-rngs/random-multiple-rngs.md	text	2349
skills/pymc/references/tutorials/random-seed/random-seed.md	text	2208
skills/pymc/references/tutorials/recreate-with-different-rng-inputs/recreate-with-different-rng-inputs.md	text	3246
skills/pymc/references/tutorials/release-structure/release-structure.md	text	933
skills/pymc/references/tutorials/remove-minibatches/remove-minibatches.md	text	1911
skills/pymc/references/tutorials/replace-rng-nodes/replace-rng-nodes.md	text	2490
skills/pymc/references/tutorials/replace-shared-variables/replace-shared-variables.md	text	1930
skills/pymc/references/tutorials/replace-vars-in-graphs/replace-vars-in-graphs.md	text	1594
skills/pymc/references/tutorials/reseed-rngs/reseed-rngs.md	text	2265
skills/pymc/references/tutorials/respects-overrides/respects-overrides.md	text	1725
skills/pymc/references/tutorials/rightadd-matrix/rightadd-matrix.md	text	1358
skills/pymc/references/tutorials/rightadd-scalar/rightadd-scalar.md	text	1318
skills/pymc/references/tutorials/rightadd-whitenoise/rightadd-whitenoise.md	text	1650
skills/pymc/references/tutorials/rightprod-scalar/rightprod-scalar.md	text	1329
skills/pymc/references/tutorials/rng-different-shapes/rng-different-shapes.md	text	1483
skills/pymc/references/tutorials/root-module-not-polluted/root-module-not-polluted.md	text	2222
skills/pymc/references/tutorials/rv-size-is-none/rv-size-is-none.md	text	2275
skills/pymc/references/tutorials/sample-after-set-data/sample-after-set-data.md	text	2601
skills/pymc/references/tutorials/sample-does-not-rely-on-external-global-seeding/sample-does-not-rely-on-external-global-seeding.md	text	3259
skills/pymc/references/tutorials/sample-posterior-after-minibatch/sample-posterior-after-minibatch.md	text	3628
skills/pymc/references/tutorials/sample-posterior-predictive-after-set-data-with-coords/sample-posterior-predictive-after-set-data-with-coords.md	text	2568
skills/pymc/references/tutorials/sample-posterior-predictive-after-set-data/sample-posterior-predictive-after-set-data.md	text	2250
skills/pymc/references/tutorials/sample-replacements/sample-replacements.md	text	2612
skills/pymc/references/tutorials/sample-return-lengths/sample-return-lengths.md	text	4318
skills/pymc/references/tutorials/sample-var-names/sample-var-names.md	text	4363
skills/pymc/references/tutorials/sample/sample.md	text	3900
skills/pymc/references/tutorials/sampler-stats/sampler-stats.md	text	2896
skills/pymc/references/tutorials/sampling-consistency/sampling-consistency.md	text	4182
skills/pymc/references/tutorials/sampling-state-rng/sampling-state-rng.md	text	1802
skills/pymc/references/tutorials/sampling-state/sampling-state.md	text	4239
skills/pymc/references/tutorials/sampling-with-random-generator-matches/sampling-with-random-generator-matches.md	text	1840
skills/pymc/references/tutorials/scalar-clipped-mixture/scalar-clipped-mixture.md	text	3159
skills/pymc/references/tutorials/scalar-ode-1-param/scalar-ode-1-param.md	text	3534
skills/pymc/references/tutorials/scalar-ode-2-param/scalar-ode-2-param.md	text	3741
skills/pymc/references/tutorials/scalar-switch-mixture/scalar-switch-mixture.md	text	4412
skills/pymc/references/tutorials/scale-cost-to-minibatch-works/scale-cost-to-minibatch-works.md	text	5058
skills/pymc/references/tutorials/scaling-data-works-in-likelihood/scaling-data-works-in-likelihood.md	text	1682
skills/pymc/references/tutorials/scan-carried-deterministic-state/scan-carried-deterministic-state.md	text	4878
skills/pymc/references/tutorials/scan-multiple-output-types/scan-multiple-output-types.md	text	4507
skills/pymc/references/tutorials/scan-non-pure-rv-output/scan-non-pure-rv-output.md	text	1730
skills/pymc/references/tutorials/scan-over-seqs/scan-over-seqs.md	text	2636
skills/pymc/references/tutorials/scan-transform/scan-transform.md	text	4852
skills/pymc/references/tutorials/scan/scan.md	text	3657
skills/pymc/references/tutorials/seeding/seeding.md	text	2294
skills/pymc/references/tutorials/sens-ic-vector-1-param/sens-ic-vector-1-param.md	text	1369
skills/pymc/references/tutorials/sens-ic-vector-2-param-tensor/sens-ic-vector-2-param-tensor.md	text	1484
skills/pymc/references/tutorials/sens-ic-vector-2-param/sens-ic-vector-2-param.md	text	1395
skills/pymc/references/tutorials/sens-ic-vector-3-params/sens-ic-vector-3-params.md	text	1598
skills/pymc/references/tutorials/set-boundaries-1d/set-boundaries-1d.md	text	1574
skills/pymc/references/tutorials/set-initval/set-initval.md	text	2774
skills/pymc/references/tutorials/shared-data-as-index/shared-data-as-index.md	text	3443
skills/pymc/references/tutorials/shared-data-as-rv-input/shared-data-as-rv-input.md	text	3873
skills/pymc/references/tutorials/shared-variable/shared-variable.md	text	3144
skills/pymc/references/tutorials/shifted-cumsum/shifted-cumsum.md	text	1399
skills/pymc/references/tutorials/simple-model-data/simple-model-data.md	text	1811
skills/pymc/references/tutorials/simple-model/simple-model.md	text	2158
skills/pymc/references/tutorials/simulate/simulate.md	text	2041
skills/pymc/references/tutorials/simulator-support-point/simulator-support-point.md	text	2784
skills/pymc/references/tutorials/single-poisson-predictive-sampling-shape/single-poisson-predictive-sampling-shape.md	text	4884
skills/pymc/references/tutorials/single-poisson-sampling/single-poisson-sampling.md	text	3425
skills/pymc/references/tutorials/smc-multi-chain/smc-multi-chain.md	text	1843
skills/pymc/references/tutorials/special-log-exp-transforms/special-log-exp-transforms.md	text	2313
skills/pymc/references/tutorials/specify-shape-logprob/specify-shape-logprob.md	text	2649
skills/pymc/references/tutorials/split-warmup/split-warmup.md	text	3804
skills/pymc/references/tutorials/stats-bijection/stats-bijection.md	text	2367
skills/pymc/references/tutorials/stats-from-steps/stats-from-steps.md	text	1601
skills/pymc/references/tutorials/step-args/step-args.md	text	4303
skills/pymc/references/tutorials/step-categorical/step-categorical.md	text	1943
skills/pymc/references/tutorials/step-discrete/step-discrete.md	text	1811
skills/pymc/references/tutorials/string-overrides-work/string-overrides-work.md	text	1637
skills/pymc/references/tutorials/sum-of-normals-logprob/sum-of-normals-logprob.md	text	2477
skills/pymc/references/tutorials/support-point-not-implemented-fallback/support-point-not-implemented-fallback.md	text	1721
skills/pymc/references/tutorials/switch-mixture-constant-branch-broadcast-ok/switch-mixture-constant-branch-broadcast-ok.md	text	3822
skills/pymc/references/tutorials/switch-mixture-invalid-bcast/switch-mixture-invalid-bcast.md	text	4465
skills/pymc/references/tutorials/switch-mixture-measurable-cond-fails/switch-mixture-measurable-cond-fails.md	text	2740
skills/pymc/references/tutorials/switch-mixture-vector/switch-mixture-vector.md	text	3291
skills/pymc/references/tutorials/switch-non-overlapping-does-not-rewrite-if-x-replicated-by-condition/switch-non-overlapping-does-not-rewrite-if-x-replicated-by-condition.md	text	1326
skills/pymc/references/tutorials/switch-non-overlapping-logp-matches-change-of-variables/switch-non-overlapping-logp-matches-change-of-variables.md	text	2434
skills/pymc/references/tutorials/symadd-cov/symadd-cov.md	text	1485
skills/pymc/references/tutorials/symbolic-normalizing-constant-no-rvs/symbolic-normalizing-constant-no-rvs.md	text	1698
skills/pymc/references/tutorials/symprod-cov/symprod-cov.md	text	1498
skills/pymc/references/tutorials/tempered-logp-dlogp/tempered-logp-dlogp.md	text	5923
skills/pymc/references/tutorials/transform-round-trip/transform-round-trip.md	text	2009
skills/pymc/references/tutorials/transform-samples/transform-samples.md	text	3829
skills/pymc/references/tutorials/transformed-rv-and-value/transformed-rv-and-value.md	text	2496
skills/pymc/references/tutorials/transformvaluesmapping/transformvaluesmapping.md	text	1661
skills/pymc/references/tutorials/triangular/triangular.md	text	1947
skills/pymc/references/tutorials/truncated-default-transform/truncated-default-transform.md	text	1884
skills/pymc/references/tutorials/truncated-inference/truncated-inference.md	text	2194
skills/pymc/references/tutorials/truncated-transform-logp/truncated-transform-logp.md	text	1795
skills/pymc/references/tutorials/truncation-continuous-logcdf/truncation-continuous-logcdf.md	text	3085
skills/pymc/references/tutorials/truncation-continuous-logp/truncation-continuous-logp.md	text	3065
skills/pymc/references/tutorials/truncation-continuous-random/truncation-continuous-random.md	text	4031
skills/pymc/references/tutorials/truncation-discrete-logcdf/truncation-discrete-logcdf.md	text	2975
skills/pymc/references/tutorials/truncation-discrete-logp/truncation-discrete-logp.md	text	3375
skills/pymc/references/tutorials/truncation-discrete-random/truncation-discrete-random.md	text	3126
skills/pymc/references/tutorials/truncation-specialized-op/truncation-specialized-op.md	text	2774
skills/pymc/references/tutorials/tune-drop-fraction/tune-drop-fraction.md	text	1997
skills/pymc/references/tutorials/tuning-reset/tuning-reset.md	text	2695
skills/pymc/references/tutorials/uniform-ordered/uniform-ordered.md	text	2179
skills/pymc/references/tutorials/uniform/uniform.md	text	1907
skills/pymc/references/tutorials/univariate/univariate.md	text	3698
skills/pymc/references/tutorials/unobserved-bernoulli/unobserved-bernoulli.md	text	2108
skills/pymc/references/tutorials/unvalued-ir-reversion/unvalued-ir-reversion.md	text	2059
skills/pymc/references/tutorials/unvalued-rv-model/unvalued-rv-model.md	text	2317
skills/pymc/references/tutorials/updates-fast/updates-fast.md	text	2044
skills/pymc/references/tutorials/upstream-rngs-not-in-compiled-logp/upstream-rngs-not-in-compiled-logp.md	text	2350
skills/pymc/references/tutorials/useless-clip/useless-clip.md	text	1744
skills/pymc/references/tutorials/user-potential/user-potential.md	text	1764
skills/pymc/references/tutorials/value-transform-logprob-nojac/value-transform-logprob-nojac.md	text	2356
skills/pymc/references/tutorials/value-transform-multiout-op/value-transform-multiout-op.md	text	3148
skills/pymc/references/tutorials/var-names/var-names.md	text	3677
skills/pymc/references/tutorials/var-replacement/var-replacement.md	text	2544
skills/pymc/references/tutorials/vector-ode-1-param/vector-ode-1-param.md	text	3725
skills/pymc/references/tutorials/vectorize-over-posterior-with-intermediate-rvs/vectorize-over-posterior-with-intermediate-rvs.md	text	3750
skills/pymc/references/tutorials/warn-treedepth-multiple-samplers/warn-treedepth-multiple-samplers.md	text	2126
skills/pymc/references/tutorials/weighted-covariance/weighted-covariance.md	text	3719
skills/qsiprep/.DS_Store	file	6148
skills/qsiprep/SKILL.md	text	3590
skills/qsiprep/code/README.md	text	892
skills/qsiprep/code/api_examples.md	text	969
skills/qsiprep/code/source_example_index.md	text	1371
skills/qsiprep/code/source_snippets/documentation_snippets.md	text	1962
skills/qsiprep/code/source_snippets/source_test_snippets.md	text	17216
skills/qsiprep/code/source_snippets/tutorial_snippets.md	text	17320
skills/qsiprep/code/tutorial_index.md	text	7955
skills/qsiprep/code_analysis.json	json	17
skills/qsiprep/quality_report.json	json	1270
skills/qsiprep/references/.DS_Store	file	6148
skills/qsiprep/references/documentation/contributing/CONTRIBUTING.md	text	315
skills/qsiprep/references/documentation/other/INSTRUCTIONS.md	text	1652
skills/qsiprep/references/documentation/other/api.rst	text	671
skills/qsiprep/references/documentation/other/base.rst	text	187
skills/qsiprep/references/documentation/other/changes.md	text	33858
skills/qsiprep/references/documentation/other/comparisons.md	text	5305
skills/qsiprep/references/documentation/other/contributors.rst	text	6589
skills/qsiprep/references/documentation/other/help.rst	text	595
skills/qsiprep/references/documentation/other/index.rst	text	469
skills/qsiprep/references/documentation/other/installation.rst	text	5900
skills/qsiprep/references/documentation/other/license.rst	text	362
skills/qsiprep/references/documentation/other/links.rst	text	1164
skills/qsiprep/references/documentation/other/preprocessing.rst	text	40469
skills/qsiprep/references/documentation/other/pull_request_template.md	text	1927
skills/qsiprep/references/documentation/other/quickstart.rst	text	10662
skills/qsiprep/references/documentation/other/reconstruction.rst	text	204
skills/qsiprep/references/documentation/other/usage.rst	text	7935
skills/qsiprep/references/documentation/overview/AGENTS.md	text	10531
skills/qsiprep/references/documentation/overview/README.rst	text	2947
skills/qsiprep/references/documentation/overview/long_description.rst	text	602
skills/qsiprep/references/documentation/templates/bug_report.md	text	632
skills/qsiprep/references/documentation/templates/feature_request.md	text	351
skills/qsiprep/references/tutorials/collect-data/collect-data.md	text	3401
skills/qsiprep/references/tutorials/complex-relpaths-dataset/complex-relpaths-dataset.md	text	1867
skills/qsiprep/references/tutorials/cuda/cuda.md	text	3764
skills/qsiprep/references/tutorials/drbuddi-rpe/drbuddi-rpe.md	text	4049
skills/qsiprep/references/tutorials/drbuddi-shoreline-epi/drbuddi-shoreline-epi.md	text	3255
skills/qsiprep/references/tutorials/drbuddi-tensorline-epi/drbuddi-tensorline-epi.md	text	3185
skills/qsiprep/references/tutorials/dscsdsi-fmap/dscsdsi-fmap.md	text	4133
skills/qsiprep/references/tutorials/dscsdsi/dscsdsi.md	text	4220
skills/qsiprep/references/tutorials/dsdti-fmap/dsdti-fmap.md	text	3997
skills/qsiprep/references/tutorials/dsdti-nofmap/dsdti-nofmap.md	text	3673
skills/qsiprep/references/tutorials/dsdti-synfmap/dsdti-synfmap.md	text	3661
skills/qsiprep/references/tutorials/dwidenoise/dwidenoise.md	text	3106
skills/qsiprep/references/tutorials/get-entity-groups-with-multipartid/get-entity-groups-with-multipartid.md	text	2958
skills/qsiprep/references/tutorials/get-entity-groups-without-multipartid/get-entity-groups-without-multipartid.md	text	2951
skills/qsiprep/references/tutorials/get-fieldmaps-b0fields/get-fieldmaps-b0fields.md	text	2117
skills/qsiprep/references/tutorials/get-fieldmaps-bidsuri/get-fieldmaps-bidsuri.md	text	2298
skills/qsiprep/references/tutorials/get-fieldmaps-relpaths/get-fieldmaps-relpaths.md	text	2406
skills/qsiprep/references/tutorials/get-fsl-motion-params-identity-transform/get-fsl-motion-params-identity-transform.md	text	2803
skills/qsiprep/references/tutorials/group-dwi-scans-with-complex-b0fields/group-dwi-scans-with-complex-b0fields.md	text	9045
skills/qsiprep/references/tutorials/guide_collection.json	json	362266
skills/qsiprep/references/tutorials/index.md	text	3705
skills/qsiprep/references/tutorials/intramodal-template/intramodal-template.md	text	3649
skills/qsiprep/references/tutorials/patch2self/patch2self.md	text	3414
skills/qsiprep/references/tutorials/simple-multiped-dataset/simple-multiped-dataset.md	text	1766
skills/qsiprep/references/tutorials/synthseg-interface/synthseg-interface.md	text	2654
skills/qsiprep/references/tutorials/synthstrip-interface/synthstrip-interface.md	text	2838
skills/snakemake/.DS_Store	file	6148
skills/snakemake/SKILL.md	text	3739
skills/snakemake/code/README.md	text	896
skills/snakemake/code/api_examples.md	text	2757
skills/snakemake/code/source_example_index.md	text	1471
skills/snakemake/code/source_snippets/documentation_snippets.md	text	7233
skills/snakemake/code/source_snippets/source_test_snippets.md	text	16947
skills/snakemake/code/source_snippets/tutorial_snippets.md	text	17247
skills/snakemake/code/tutorial_index.md	text	6885
skills/snakemake/code_analysis.json	json	17
skills/snakemake/quality_report.json	json	1272
skills/snakemake/references/.DS_Store	file	6148
skills/snakemake/references/documentation/api/index.rst	text	3119
skills/snakemake/references/documentation/api/module_template.rst	text	1159
skills/snakemake/references/documentation/api/modules.rst	text	64
skills/snakemake/references/documentation/api/snakemake.assets.rst	text	171
skills/snakemake/references/documentation/api/snakemake.caching.rst	text	674
skills/snakemake/references/documentation/api/snakemake.common.rst	text	1271
skills/snakemake/references/documentation/api/snakemake.common.tests.rst	text	281
skills/snakemake/references/documentation/api/snakemake.common.tests.testcases.groups.rst	text	240
skills/snakemake/references/documentation/api/snakemake.common.tests.testcases.rst	text	361
skills/snakemake/references/documentation/api/snakemake.common.tests.testcases.simple.rst	text	240
skills/snakemake/references/documentation/api/snakemake.deployment.rst	text	933
skills/snakemake/references/documentation/api/snakemake.executors.rst	text	698
skills/snakemake/references/documentation/api/snakemake.ioutils.rst	text	1370
skills/snakemake/references/documentation/api/snakemake.linting.rst	text	686
skills/snakemake/references/documentation/api/snakemake.remote.rst	text	2665
skills/snakemake/references/documentation/api/snakemake.report.html_reporter.data.rst	text	2260
skills/snakemake/references/documentation/api/snakemake.report.html_reporter.rst	text	578
skills/snakemake/references/documentation/api/snakemake.report.html_reporter.template.components.rst	text	275
skills/snakemake/references/documentation/api/snakemake.report.html_reporter.template.rst	text	352
skills/snakemake/references/documentation/api/snakemake.report.rst	text	626
skills/snakemake/references/documentation/api/snakemake.rst	text	5038
skills/snakemake/references/documentation/api/snakemake.script.rst	text	171
skills/snakemake/references/documentation/api/snakemake.settings.rst	text	522
skills/snakemake/references/documentation/api/snakemake.template_rendering.rst	text	615
skills/snakemake/references/documentation/api/snakemake.unit_tests.rst	text	275
skills/snakemake/references/documentation/api/snakemake.unit_tests.templates.rst	text	215
skills/snakemake/references/documentation/api/snakemake_api.rst	text	1522
skills/snakemake/references/documentation/api/snakemake_utils.rst	text	111
skills/snakemake/references/documentation/changelog/CHANGELOG.md	text	323109
skills/snakemake/references/documentation/community/CODE_OF_CONDUCT.md	text	5284
skills/snakemake/references/documentation/guides/additional_features.rst	text	10255
skills/snakemake/references/documentation/guides/advanced.rst	text	16867
skills/snakemake/references/documentation/guides/basics.rst	text	25688
skills/snakemake/references/documentation/guides/cars.rst	text	88
skills/snakemake/references/documentation/guides/horsepower_vs_mpg.rst	text	100
skills/snakemake/references/documentation/guides/setup.rst	text	4348
skills/snakemake/references/documentation/guides/tutorial.rst	text	2579
skills/snakemake/references/documentation/guides/workflow.rst	text	131
skills/snakemake/references/documentation/license/LICENSE.md	text	1067
skills/snakemake/references/documentation/other/README.md	text	530
skills/snakemake/references/documentation/other/authors.rst	text	882
skills/snakemake/references/documentation/other/best_practices.rst	text	5197
skills/snakemake/references/documentation/other/caching.rst	text	4167
skills/snakemake/references/documentation/other/caption.rst	text	49
skills/snakemake/references/documentation/other/citations.rst	text	2512
skills/snakemake/references/documentation/other/cli.rst	text	25551
skills/snakemake/references/documentation/other/codebase.rst	text	14485
skills/snakemake/references/documentation/other/configuration.rst	text	9877
skills/snakemake/references/documentation/other/contributing.rst	text	13829
skills/snakemake/references/documentation/other/deployment.rst	text	34820
skills/snakemake/references/documentation/other/executors.rst	text	2467
skills/snakemake/references/documentation/other/faq.rst	text	33942
skills/snakemake/references/documentation/other/foreign_wms.rst	text	1616
skills/snakemake/references/documentation/other/grouping.rst	text	2789
skills/snakemake/references/documentation/other/history.md	text	76
skills/snakemake/references/documentation/other/index.rst	text	9081
skills/snakemake/references/documentation/other/installation.rst	text	6852
skills/snakemake/references/documentation/other/interoperability.rst	text	1696
skills/snakemake/references/documentation/other/license.rst	text	153
skills/snakemake/references/documentation/other/migration.rst	text	27316
skills/snakemake/references/documentation/other/modularization.rst	text	20114
skills/snakemake/references/documentation/other/monitoring.rst	text	1306
skills/snakemake/references/documentation/other/more_resources.rst	text	2775
skills/snakemake/references/documentation/other/provenance.rst	text	2365
skills/snakemake/references/documentation/other/pull_request_template.md	text	981
skills/snakemake/references/documentation/other/reporting.rst	text	15167
skills/snakemake/references/documentation/other/rules.rst	text	153166
skills/snakemake/references/documentation/other/storage.rst	text	10547
skills/snakemake/references/documentation/other/testing.rst	text	2631
skills/snakemake/references/documentation/other/utils.rst	text	291
skills/snakemake/references/documentation/other/writing_snakefiles.rst	text	3039
skills/snakemake/references/documentation/overview/README.md	text	2610
skills/snakemake/references/documentation/templates/bug_report.md	text	797
skills/snakemake/references/documentation/templates/feature_request.md	text	604
skills/snakemake/references/tutorials/case-sensitivity/case-sensitivity.md	text	1721
skills/snakemake/references/tutorials/code-block-manifest-spacing-around-language/code-block-manifest-spacing-around-language.md	text	2661
skills/snakemake/references/tutorials/code-block-manifest-with-shebang/code-block-manifest-with-shebang.md	text	2679
skills/snakemake/references/tutorials/code-block-manifest-without-shebang/code-block-manifest-without-shebang.md	text	2637
skills/snakemake/references/tutorials/expand/expand.md	text	535
skills/snakemake/references/tutorials/guide_collection.json	json	242652
skills/snakemake/references/tutorials/index.md	text	4079
skills/snakemake/references/tutorials/issue4063/issue4063.md	text	2671
skills/snakemake/references/tutorials/log-events/log-events.md	text	2851
skills/snakemake/references/tutorials/logfile/logfile.md	text	2881
skills/snakemake/references/tutorials/logger-in-workflow/logger-in-workflow.md	text	4045
skills/snakemake/references/tutorials/logging-config/logging-config.md	text	2416
skills/snakemake/references/tutorials/plugin/plugin.md	text	8443
skills/snakemake/references/tutorials/profile-parse/profile-parse.md	text	2202
skills/snakemake/references/tutorials/single-line-manifest-formatting-not-touched-even-if-wrong/single-line-manifest-formatting-not-touched-even-if-wrong.md	text	3458
skills/snakemake/references/tutorials/single-line-manifest-is-case-insensitive/single-line-manifest-is-case-insensitive.md	text	3169
skills/snakemake/references/tutorials/single-line-manifest-not-at-start-with-shebang/single-line-manifest-not-at-start-with-shebang.md	text	3341
skills/snakemake/references/tutorials/single-line-manifest-not-at-start-without-shebang/single-line-manifest-not-at-start-without-shebang.md	text	3291
skills/snakemake/references/tutorials/single-line-manifest-spacing-has-no-impact/single-line-manifest-spacing-has-no-impact.md	text	3178
skills/snakemake/references/tutorials/single-line-manifest-with-empty-line-without-shebang/single-line-manifest-with-empty-line-without-shebang.md	text	3193
skills/snakemake/references/tutorials/single-line-manifest-with-shebang-and-second-manifest/single-line-manifest-with-shebang-and-second-manifest.md	text	3239
skills/snakemake/references/tutorials/special-characters/special-characters.md	text	631
workflows/dwi_qsiprep_mrtrix_dipy.md	text	2471
workflows/eeg_psychopy_mne.md	text	2306
workflows/fmri_bids_fmriprep_nilearn.md	text	2578
workflows/multimodal_bids_pipeline.md	text	2361
workflows/reproducible_workflow_snakemake_docker.md	text	2129
workflows/web_experiment_jspsych_behavioral_stats.md	text	2396
